Rank,Player,Age,Team,Pos,G,GS,MP,FG,FGA,FG%,3P,3PA,3P%,2P,2PA,2P%,eFG%,FT,FTA,FT%,ORB,DRB,TRB,AST,STL,BLK,TOV,PF,PTS,Awards
1.0,Shai Gilgeous-Alexander,26.0,OKC,PG,63.0,63.0,34.3,11.3,21.5,0.525,2.2,5.8,0.373,9.1,15.7,0.581,0.575,8.0,8.9,0.9,0.9,4.2,5.1,6.2,1.8,1.1,2.5,2.3,32.7,
2.0,Giannis Antetokounmpo,30.0,MIL,PF,51.0,51.0,33.9,12.3,20.3,0.605,0.2,0.8,0.19,12.1,19.5,0.622,0.608,6.1,10.3,0.595,2.3,9.7,12.0,5.8,0.8,1.2,3.3,2.5,30.9,
3.0,Nikola Jokić,29.0,DEN,C,59.0,59.0,36.4,11.1,19.2,0.577,1.9,4.5,0.43,9.1,14.7,0.622,0.627,4.8,5.9,0.809,2.9,10.1,13.0,10.5,1.8,0.7,3.3,2.2,28.9,
4.0,Anthony Edwards,23.0,MIN,SG,63.0,63.0,36.4,9.0,20.3,0.441,4.1,10.0,0.406,4.9,10.3,0.476,0.542,5.1,6.2,0.835,0.8,5.2,6.0,4.6,1.1,0.6,3.3,1.8,27.2,
5.0,Jayson Tatum,26.0,BOS,PF,60.0,60.0,36.5,9.2,20.3,0.455,3.6,10.2,0.355,5.6,10.1,0.556,0.544,5.1,6.3,0.804,0.7,8.2,8.9,5.8,1.1,0.5,2.9,2.2,27.2,
6.0,Luka Dončić,25.0,2TM,PG,34.0,34.0,35.1,9.1,20.6,0.442,3.3,9.6,0.343,5.8,10.9,0.53,0.522,5.4,7.1,0.759,0.8,7.5,8.4,7.9,1.9,0.4,3.7,2.6,26.9,
6.0,Luka Dončić,25.0,DAL,PG,22.0,22.0,35.7,9.8,21.2,0.464,3.4,9.6,0.354,6.4,11.5,0.555,0.544,5.1,6.6,0.767,0.7,7.6,8.3,7.8,2.0,0.4,3.4,2.6,28.1,
6.0,Luka Dončić,25.0,LAL,PG,12.0,12.0,34.1,7.8,19.4,0.399,3.1,9.6,0.322,4.7,9.8,0.475,0.479,5.9,7.9,0.747,1.0,7.4,8.4,8.0,1.8,0.4,4.2,2.7,24.5,
7.0,Kevin Durant,36.0,PHO,PF,52.0,52.0,37.1,9.8,18.5,0.527,2.5,6.1,0.409,7.3,12.4,0.585,0.595,4.9,5.9,0.832,0.4,5.8,6.1,4.3,0.8,1.3,3.0,1.7,26.9,
8.0,Jalen Brunson,28.0,NYK,PG,61.0,61.0,35.4,9.1,18.7,0.49,2.3,6.0,0.384,6.9,12.7,0.541,0.552,5.7,7.0,0.825,0.4,2.6,3.0,7.4,1.0,0.1,2.5,2.2,26.3,
9.0,Tyrese Maxey,24.0,PHI,PG,52.0,52.0,37.7,9.2,21.0,0.437,3.1,9.2,0.337,6.1,11.8,0.515,0.511,4.9,5.6,0.879,0.3,3.1,3.3,6.1,1.8,0.4,2.4,2.2,26.3,
10.0,Devin Booker,28.0,PHO,SG,59.0,59.0,37.5,8.6,18.8,0.457,2.7,7.7,0.345,5.9,11.1,0.534,0.527,6.1,6.8,0.893,1.0,3.1,4.1,6.8,1.1,0.2,2.8,2.7,26.0,
11.0,Anthony Davis,31.0,2TM,PF,43.0,43.0,34.2,9.5,18.0,0.528,0.7,2.2,0.313,8.8,15.8,0.559,0.548,6.0,7.6,0.786,2.9,9.1,12.0,3.4,1.3,2.2,2.2,1.9,25.7,
11.0,Anthony Davis,31.0,LAL,C,42.0,42.0,34.3,9.5,18.0,0.528,0.7,2.2,0.298,8.9,15.8,0.56,0.546,6.0,7.6,0.788,2.8,9.0,11.9,3.4,1.3,2.1,2.2,2.0,25.7,
11.0,Anthony Davis,31.0,DAL,PF,1.0,1.0,31.0,10.0,18.0,0.556,2.0,2.0,1.0,8.0,16.0,0.5,0.611,4.0,6.0,0.667,4.0,12.0,16.0,7.0,0.0,3.0,1.0,0.0,26.0,
12.0,LaMelo Ball,23.0,CHO,PG,41.0,41.0,32.3,8.8,21.9,0.403,3.8,11.6,0.331,5.0,10.3,0.483,0.491,4.1,5.0,0.828,1.0,4.3,5.3,7.0,1.2,0.3,3.5,3.4,25.6,
13.0,Cade Cunningham,23.0,DET,PG,60.0,60.0,35.3,9.5,20.5,0.463,2.2,6.2,0.361,7.3,14.3,0.508,0.518,4.4,5.1,0.857,0.8,5.3,6.1,9.3,1.0,0.8,4.6,2.7,25.6,
14.0,Damian Lillard,34.0,MIL,PG,53.0,53.0,36.2,7.9,17.4,0.453,3.5,9.1,0.378,4.4,8.3,0.537,0.553,6.2,6.8,0.922,0.5,4.2,4.7,7.1,1.2,0.2,2.9,1.7,25.5,
15.0,LeBron James,40.0,LAL,SF,58.0,58.0,34.9,9.6,18.5,0.517,2.3,5.9,0.384,7.3,12.6,0.58,0.579,3.6,4.7,0.77,1.0,7.2,8.2,8.5,0.9,0.6,3.9,1.5,25.0,
16.0,Kyrie Irving,32.0,DAL,SG,50.0,50.0,36.1,8.9,18.9,0.473,2.9,7.2,0.401,6.1,11.7,0.517,0.549,3.9,4.3,0.916,1.2,3.6,4.8,4.6,1.3,0.5,2.2,2.0,24.7,
17.0,Stephen Curry,36.0,GSW,PG,56.0,56.0,32.2,8.1,18.0,0.448,4.5,11.3,0.398,3.6,6.8,0.532,0.573,3.9,4.2,0.936,0.6,3.8,4.4,6.1,1.1,0.4,2.9,1.3,24.5,
18.0,Franz Wagner,23.0,ORL,SF,46.0,46.0,33.6,9.0,19.5,0.464,1.8,5.9,0.303,7.3,13.6,0.534,0.51,4.6,5.4,0.852,1.0,4.6,5.5,4.7,1.4,0.4,2.2,2.6,24.5,
19.0,Zion Williamson,24.0,NOP,PF,26.0,26.0,28.4,9.7,17.2,0.563,0.1,0.5,0.231,9.5,16.7,0.573,0.566,5.0,7.9,0.639,2.7,4.5,7.2,5.0,1.3,0.9,3.0,2.7,24.5,
20.0,Paolo Banchero,22.0,ORL,PF,32.0,32.0,33.9,8.3,18.8,0.44,1.8,5.7,0.317,6.5,13.1,0.494,0.488,5.9,8.4,0.703,1.1,5.8,6.9,4.8,0.8,0.7,3.0,2.2,24.3,
21.0,Victor Wembanyama,21.0,SAS,C,46.0,46.0,33.2,8.9,18.6,0.476,3.1,8.8,0.352,5.8,9.9,0.586,0.559,3.4,4.1,0.836,1.8,9.2,11.0,3.7,1.1,3.8,3.2,2.3,24.3,
22.0,Donovan Mitchell,28.0,CLE,SG,60.0,60.0,31.3,8.4,18.6,0.451,3.5,9.0,0.384,4.9,9.5,0.514,0.544,4.0,4.9,0.819,0.7,3.6,4.3,4.8,1.3,0.2,2.1,2.0,24.2,
23.0,Karl-Anthony Towns,29.0,NYK,C,57.0,57.0,35.1,8.7,16.7,0.523,2.1,4.9,0.421,6.7,11.8,0.565,0.584,4.8,5.7,0.834,3.0,10.2,13.3,3.1,1.0,0.7,2.6,3.5,24.2,
24.0,Zach LaVine,29.0,2TM,SF,57.0,57.0,34.8,8.6,16.8,0.512,3.2,7.3,0.437,5.4,9.6,0.569,0.606,3.4,4.2,0.823,0.3,4.4,4.6,4.3,0.9,0.2,2.8,1.4,23.8,
24.0,Zach LaVine,29.0,CHI,SF,42.0,42.0,34.1,8.6,16.9,0.511,3.2,7.3,0.446,5.4,9.6,0.56,0.607,3.5,4.3,0.797,0.3,4.5,4.8,4.5,0.9,0.2,2.9,1.5,24.0,
24.0,Zach LaVine,29.0,SAC,SG,15.0,15.0,36.8,8.5,16.6,0.514,3.0,7.3,0.413,5.5,9.3,0.593,0.604,3.3,3.7,0.909,0.3,3.9,4.1,3.9,0.9,0.1,2.7,1.2,23.4,
25.0,Joel Embiid,30.0,PHI,C,19.0,19.0,30.2,7.4,16.6,0.444,1.2,4.1,0.299,6.2,12.5,0.492,0.481,7.8,8.9,0.882,1.9,6.3,8.2,4.5,0.7,0.9,3.3,2.2,23.8,
26.0,Tyler Herro,25.0,MIA,SG,61.0,61.0,35.6,8.3,18.1,0.458,3.5,9.5,0.37,4.8,8.6,0.556,0.556,3.6,4.2,0.857,0.4,5.0,5.4,5.7,0.8,0.2,2.6,1.3,23.8,
27.0,Norman Powell,31.0,LAC,SG,46.0,46.0,33.0,8.3,16.7,0.494,3.3,7.7,0.424,5.0,9.0,0.554,0.592,4.0,4.8,0.821,0.4,3.1,3.5,2.2,1.3,0.2,2.0,1.9,23.8,
28.0,Cam Thomas,23.0,BRK,SG,23.0,21.0,31.2,7.9,17.8,0.443,2.7,7.6,0.349,5.2,10.2,0.513,0.517,5.4,6.2,0.88,0.5,2.8,3.3,3.5,0.6,0.0,2.5,1.8,23.8,
29.0,Trae Young,26.0,ATL,PG,60.0,60.0,36.2,7.4,18.2,0.404,2.8,8.6,0.325,4.6,9.6,0.476,0.481,6.3,7.3,0.867,0.4,2.7,3.1,11.5,1.1,0.2,4.8,2.0,23.8,
30.0,De'Aaron Fox,27.0,2TM,PG,61.0,61.0,36.1,8.6,18.7,0.463,1.9,6.1,0.31,6.7,12.5,0.538,0.514,4.2,5.1,0.824,0.9,3.9,4.7,6.2,1.5,0.4,2.8,2.6,23.4,
30.0,De'Aaron Fox,27.0,SAC,PG,45.0,45.0,37.0,9.2,19.6,0.469,2.0,6.4,0.322,7.2,13.3,0.539,0.521,4.5,5.5,0.829,1.0,4.0,5.0,6.1,1.5,0.4,3.0,2.6,25.0,
30.0,De'Aaron Fox,27.0,SAS,PG,16.0,16.0,33.6,7.1,15.9,0.443,1.5,5.5,0.273,5.6,10.4,0.533,0.49,3.3,4.1,0.803,0.4,3.6,4.0,6.6,1.5,0.3,2.4,2.6,18.9,
31.0,Jaylen Brown,28.0,BOS,SF,54.0,54.0,35.4,8.6,18.7,0.461,1.9,5.9,0.321,6.7,12.8,0.526,0.512,4.1,5.4,0.759,1.5,4.6,6.1,4.8,1.3,0.3,2.7,2.5,23.3,
32.0,Jaren Jackson Jr.,25.0,MEM,C,59.0,59.0,29.4,8.2,16.5,0.497,1.9,5.2,0.365,6.3,11.3,0.558,0.555,4.5,5.8,0.772,1.3,4.5,5.8,2.1,1.3,1.6,2.2,3.4,22.7,
33.0,James Harden,35.0,LAC,PG,61.0,61.0,34.9,6.5,16.5,0.394,3.0,8.7,0.34,3.5,7.8,0.455,0.484,6.3,7.2,0.873,0.7,5.1,5.8,8.6,1.5,0.6,4.5,2.0,22.2,
34.0,Brandon Ingram,27.0,NOP,SF,18.0,18.0,33.1,8.6,18.5,0.465,2.4,6.4,0.374,6.2,12.1,0.514,0.53,2.6,3.1,0.855,0.9,4.6,5.6,5.2,0.9,0.6,3.8,2.5,22.2,
35.0,DeMar DeRozan,35.0,SAC,SF,59.0,59.0,35.9,8.1,16.7,0.484,1.1,3.1,0.348,7.0,13.6,0.515,0.516,4.9,5.6,0.878,0.6,3.4,4.0,4.1,0.9,0.4,1.4,1.9,22.1,
36.0,Trey Murphy III,24.0,NOP,SF,49.0,47.0,35.6,7.4,16.2,0.456,3.1,8.5,0.361,4.3,7.7,0.561,0.551,4.0,4.5,0.882,0.9,4.2,5.2,3.7,1.1,0.8,1.9,2.1,21.8,
37.0,Ja Morant,25.0,MEM,PG,41.0,41.0,29.9,7.4,16.9,0.438,1.5,5.3,0.282,5.9,11.7,0.508,0.482,5.3,6.4,0.836,0.6,3.4,4.0,7.5,1.2,0.3,3.8,2.2,21.7,
38.0,RJ Barrett,24.0,TOR,SF,51.0,51.0,33.1,8.1,17.1,0.472,1.9,5.3,0.361,6.2,11.8,0.522,0.528,3.5,5.5,0.649,1.0,5.5,6.5,5.7,0.8,0.3,3.0,2.5,21.6,
39.0,Jamal Murray,27.0,DEN,PG,58.0,58.0,36.4,7.9,16.7,0.475,2.3,5.9,0.397,5.6,10.8,0.518,0.545,3.3,3.7,0.884,0.6,3.1,3.7,6.1,1.4,0.5,2.1,1.9,21.5,
40.0,CJ McCollum,33.0,NOP,PG,49.0,49.0,33.0,8.0,17.9,0.449,3.1,8.1,0.378,4.9,9.7,0.507,0.535,2.3,3.1,0.727,0.7,3.0,3.7,3.9,0.7,0.5,1.8,2.2,21.4,
41.0,Jalen Williams,23.0,OKC,SG,61.0,61.0,32.6,8.1,16.9,0.478,1.8,5.0,0.362,6.3,11.9,0.528,0.532,3.3,4.2,0.791,0.9,4.6,5.5,5.3,1.7,0.7,2.2,2.4,21.3,
42.0,Miles Bridges,26.0,CHO,PF,50.0,50.0,32.5,7.6,17.4,0.439,2.3,7.1,0.326,5.3,10.4,0.515,0.505,3.6,4.1,0.878,1.2,6.7,7.8,3.8,0.8,0.7,2.1,1.6,21.2,
43.0,Jordan Poole,25.0,WAS,SG,53.0,53.0,31.1,6.9,16.3,0.424,3.5,9.4,0.374,3.4,6.9,0.492,0.532,3.8,4.4,0.879,0.5,2.7,3.2,4.7,1.4,0.5,3.2,3.2,21.2,
44.0,Jalen Green,22.0,HOU,SG,65.0,65.0,33.1,7.4,17.6,0.424,2.9,8.2,0.355,4.5,9.4,0.484,0.507,3.2,3.9,0.829,0.5,3.9,4.4,3.3,0.8,0.3,2.6,1.6,21.0,
45.0,Brandon Miller,22.0,CHO,SF,27.0,27.0,34.2,7.3,18.2,0.403,3.9,10.9,0.355,3.5,7.3,0.475,0.509,2.5,2.9,0.861,0.9,3.9,4.9,3.6,1.1,0.7,2.8,2.7,21.0,
46.0,Darius Garland,25.0,CLE,PG,60.0,60.0,30.3,7.4,15.5,0.478,2.9,7.0,0.415,4.5,8.5,0.53,0.572,3.1,3.6,0.878,0.6,2.0,2.6,6.7,1.1,0.2,2.4,2.0,20.9,
47.0,Pascal Siakam,30.0,IND,PF,63.0,63.0,32.8,7.9,15.2,0.521,1.7,4.3,0.4,6.2,10.9,0.569,0.578,3.1,4.2,0.748,1.7,5.4,7.1,3.3,0.9,0.5,1.3,2.5,20.7,
48.0,Scottie Barnes,23.0,TOR,PF,51.0,51.0,34.1,7.4,16.7,0.442,1.2,4.6,0.263,6.2,12.1,0.511,0.479,3.6,4.7,0.778,1.7,6.2,7.9,6.0,1.5,1.1,2.9,1.9,19.6,
49.0,Domantas Sabonis,28.0,SAC,C,56.0,56.0,35.3,7.7,12.9,0.596,1.0,2.4,0.432,6.7,10.5,0.632,0.635,3.2,4.2,0.747,3.9,10.2,14.1,6.2,0.6,0.4,3.0,3.4,19.5,
50.0,Anfernee Simons,25.0,POR,SG,62.0,62.0,32.9,7.0,16.1,0.433,3.1,8.4,0.371,3.9,7.7,0.5,0.529,2.5,2.8,0.908,0.3,2.4,2.7,4.8,0.9,0.1,2.1,1.7,19.5,
51.0,Lauri Markkanen,27.0,UTA,PF,43.0,43.0,32.1,6.4,15.0,0.425,2.9,8.4,0.347,3.4,6.5,0.527,0.523,3.6,4.2,0.872,1.7,4.5,6.1,1.6,0.8,0.4,1.4,1.8,19.3,
52.0,Alperen Şengün,22.0,HOU,C,61.0,61.0,31.4,7.5,15.1,0.498,0.3,1.3,0.238,7.2,13.8,0.523,0.509,3.8,5.6,0.69,3.4,7.0,10.4,4.9,1.1,0.8,2.6,2.9,19.2,
53.0,Coby White,24.0,CHI,SG,58.0,57.0,32.9,6.5,14.9,0.436,3.0,8.3,0.363,3.5,6.6,0.529,0.537,3.1,3.5,0.9,0.3,3.1,3.5,4.5,1.0,0.2,2.3,2.2,19.1,
54.0,Nikola Vučević,34.0,CHI,C,57.0,56.0,32.0,7.8,14.5,0.534,1.8,4.5,0.389,6.0,10.0,0.599,0.594,1.7,2.1,0.817,2.3,7.9,10.3,3.4,0.9,0.6,1.7,2.4,19.0,
55.0,John Collins,27.0,UTA,PF,39.0,30.0,30.6,7.0,13.3,0.524,1.5,3.7,0.4,5.5,9.6,0.572,0.58,3.4,4.0,0.854,2.2,6.0,8.2,2.1,1.0,1.0,2.6,2.9,18.9,
56.0,Cameron Johnson,28.0,BRK,PF,48.0,48.0,31.8,6.3,13.2,0.474,2.9,7.3,0.401,3.3,5.9,0.566,0.585,3.5,4.0,0.88,0.9,3.3,4.2,3.0,0.9,0.4,1.6,1.8,18.9,
57.0,Jalen Johnson,23.0,ATL,SF,36.0,36.0,35.7,7.5,15.1,0.5,1.2,3.9,0.312,6.3,11.1,0.566,0.541,2.6,3.5,0.746,1.7,8.3,10.0,5.0,1.6,1.0,2.9,1.9,18.9,
58.0,Kristaps Porziņģis,29.0,BOS,C,32.0,32.0,28.9,6.4,13.6,0.474,2.4,6.0,0.403,4.0,7.6,0.529,0.562,3.7,4.5,0.813,1.6,5.2,6.8,1.9,0.8,1.6,1.2,2.8,18.9,
59.0,Austin Reaves,26.0,LAL,SG,56.0,56.0,34.4,5.9,13.6,0.437,2.5,7.0,0.36,3.4,6.6,0.519,0.53,4.4,5.0,0.868,0.9,3.4,4.3,5.9,1.1,0.3,2.4,2.0,18.8,
60.0,Desmond Bane,26.0,MEM,SG,53.0,52.0,31.5,7.0,14.3,0.487,2.2,5.8,0.373,4.8,8.5,0.564,0.562,2.6,3.0,0.881,0.9,5.3,6.2,5.5,1.2,0.5,2.5,2.4,18.7,
61.0,Julius Randle,30.0,MIN,PF,53.0,53.0,32.6,6.5,13.9,0.469,1.5,4.6,0.317,5.1,9.3,0.545,0.522,4.2,5.2,0.821,2.2,5.0,7.3,4.7,0.7,0.2,2.8,2.5,18.7,
62.0,Tyrese Haliburton,24.0,IND,PG,59.0,59.0,34.0,6.5,13.8,0.468,3.1,7.8,0.39,3.4,6.0,0.569,0.578,2.5,2.9,0.861,0.6,2.9,3.5,8.9,1.5,0.6,1.7,1.3,18.5,
63.0,Evan Mobley,23.0,CLE,PF,57.0,57.0,30.2,7.1,12.6,0.566,1.1,2.9,0.365,6.0,9.6,0.627,0.608,3.2,4.4,0.742,2.3,7.0,9.3,3.1,0.9,1.6,2.0,2.1,18.5,
64.0,Michael Porter Jr.,26.0,DEN,SF,62.0,62.0,33.7,7.0,13.8,0.509,2.6,6.4,0.404,4.5,7.5,0.598,0.602,1.8,2.5,0.743,1.8,5.1,6.9,2.1,0.6,0.5,1.3,1.9,18.5,
65.0,Kawhi Leonard,33.0,LAC,SF,22.0,22.0,29.4,7.1,15.6,0.453,1.8,5.0,0.351,5.3,10.6,0.502,0.51,2.2,2.8,0.774,1.0,4.0,5.0,2.8,1.2,0.5,2.1,1.5,18.1,
66.0,Collin Sexton,26.0,UTA,SG,50.0,48.0,28.1,6.4,13.6,0.472,1.8,4.5,0.404,4.6,9.1,0.506,0.539,3.5,3.9,0.888,1.0,1.8,2.8,4.2,0.7,0.1,2.6,2.2,18.1,
67.0,De'Andre Hunter,27.0,2TM,SF,49.0,7.0,27.8,5.7,12.2,0.468,2.6,6.2,0.413,3.2,6.0,0.525,0.573,3.8,4.5,0.855,0.7,3.3,4.0,1.5,0.7,0.2,1.4,2.3,17.8,
67.0,De'Andre Hunter,27.0,ATL,SF,37.0,4.0,28.8,6.1,13.3,0.461,2.6,6.7,0.393,3.5,6.6,0.531,0.56,4.1,4.8,0.858,0.7,3.2,3.9,1.5,0.8,0.1,1.6,2.4,19.0,
67.0,De'Andre Hunter,27.0,CLE,SF,12.0,3.0,24.9,4.4,8.8,0.5,2.3,4.7,0.5,2.1,4.2,0.5,0.632,3.1,3.7,0.841,0.7,3.7,4.3,1.3,0.3,0.3,0.8,2.3,14.3,
68.0,Bam Adebayo,27.0,MIA,C,62.0,62.0,34.5,6.9,14.1,0.49,0.8,2.7,0.311,6.0,11.4,0.532,0.519,3.2,4.3,0.752,2.5,7.5,10.0,4.4,1.2,0.7,2.1,2.2,17.8,
69.0,Andrew Wiggins,29.0,2TM,SF,51.0,51.0,30.8,6.1,13.9,0.438,2.1,5.8,0.368,3.9,8.1,0.488,0.515,3.4,4.4,0.784,1.5,3.1,4.6,2.5,0.9,0.8,1.5,1.6,17.7,
69.0,Andrew Wiggins,29.0,GSW,SF,43.0,43.0,30.1,6.1,13.7,0.444,2.2,5.8,0.379,3.9,7.9,0.491,0.524,3.2,4.2,0.777,1.5,3.0,4.6,2.4,0.9,0.8,1.3,1.6,17.6,
69.0,Andrew Wiggins,29.0,MIA,SF,8.0,8.0,34.4,6.1,15.0,0.408,1.9,6.0,0.313,4.3,9.0,0.472,0.471,4.4,5.4,0.814,1.6,3.3,4.9,2.9,0.9,1.0,2.5,1.5,18.5,
70.0,Malik Monk,26.0,SAC,SG,53.0,40.0,32.4,6.5,14.8,0.44,2.2,6.8,0.325,4.3,8.0,0.538,0.515,2.4,2.8,0.872,0.4,3.4,3.8,5.8,1.0,0.6,2.3,2.6,17.7,
71.0,Jaden Ivey,22.0,DET,SG,30.0,30.0,29.9,6.3,13.8,0.46,2.1,5.1,0.409,4.2,8.6,0.49,0.536,2.8,3.9,0.733,1.3,2.8,4.1,4.0,0.9,0.4,3.0,2.2,17.6,
72.0,Bradley Beal,31.0,PHO,SG,45.0,30.0,32.7,6.7,13.4,0.502,2.0,4.9,0.4,4.8,8.5,0.562,0.576,2.1,2.6,0.814,0.7,2.8,3.5,3.8,1.0,0.6,2.0,2.6,17.5,
73.0,Dejounte Murray,28.0,NOP,PG,31.0,31.0,32.6,6.3,15.9,0.393,1.7,5.6,0.299,4.6,10.3,0.444,0.445,3.3,4.0,0.823,0.5,5.9,6.5,7.4,2.0,0.4,3.4,2.0,17.5,
74.0,Shaedon Sharpe,21.0,POR,SG,58.0,38.0,30.3,6.5,14.5,0.449,1.9,6.2,0.317,4.6,8.3,0.548,0.517,2.4,3.1,0.798,0.8,3.2,4.0,2.6,0.8,0.2,1.9,1.8,17.4,
75.0,Jimmy Butler,35.0,2TM,SF,38.0,38.0,31.1,5.5,10.8,0.51,0.5,1.6,0.295,5.1,9.2,0.547,0.532,5.7,6.9,0.831,2.3,3.1,5.4,5.1,1.2,0.3,1.3,0.9,17.2,
75.0,Jimmy Butler,35.0,MIA,PF,25.0,25.0,30.6,5.7,10.5,0.54,0.5,1.4,0.361,5.2,9.1,0.568,0.565,5.2,6.4,0.801,2.2,3.0,5.2,4.8,1.1,0.4,1.2,0.9,17.0,
75.0,Jimmy Butler,35.0,GSW,SF,13.0,13.0,31.8,5.2,11.5,0.456,0.4,1.9,0.2,4.8,9.5,0.508,0.473,6.8,7.7,0.88,2.5,3.2,5.7,5.7,1.3,0.2,1.4,1.0,17.6,
76.0,Mikal Bridges,28.0,NYK,SF,64.0,64.0,37.8,7.1,14.5,0.492,2.1,6.0,0.349,5.0,8.4,0.594,0.565,0.9,1.2,0.757,0.9,2.3,3.2,3.5,0.9,0.6,1.5,1.4,17.2,
77.0,Immanuel Quickley,25.0,TOR,PG,25.0,25.0,28.4,5.6,13.1,0.425,2.5,6.6,0.38,3.0,6.4,0.472,0.521,3.5,4.1,0.854,0.4,3.0,3.4,5.5,0.6,0.1,1.8,1.9,17.2,
78.0,Keyonte George,21.0,UTA,PG,53.0,32.0,31.4,5.4,13.8,0.394,2.6,7.7,0.343,2.8,6.1,0.458,0.49,3.4,4.2,0.796,0.4,3.4,3.8,5.9,0.7,0.2,2.8,1.7,16.8,
79.0,Jonathan Kuminga,22.0,GSW,PF,32.0,10.0,26.0,6.1,13.2,0.459,1.3,3.6,0.345,4.8,9.6,0.502,0.506,3.4,5.3,0.639,1.4,3.6,5.0,2.2,0.9,0.6,1.6,1.9,16.8,
80.0,Jordan Clarkson,32.0,UTA,SG,32.0,9.0,26.6,5.6,13.8,0.407,2.4,6.5,0.365,3.3,7.3,0.444,0.493,3.0,3.7,0.805,0.7,2.5,3.2,3.9,0.8,0.3,2.1,1.6,16.6,
81.0,Derrick White,30.0,BOS,SG,62.0,62.0,33.7,5.6,12.6,0.445,3.5,9.0,0.388,2.1,3.7,0.583,0.583,1.8,2.1,0.856,0.9,3.4,4.3,4.4,0.9,1.0,1.6,1.8,16.6,
82.0,OG Anunoby,27.0,NYK,PF,58.0,58.0,36.6,6.1,13.1,0.47,2.2,6.1,0.365,3.9,7.0,0.562,0.555,2.1,2.6,0.799,1.4,3.4,4.8,2.2,1.4,0.9,1.4,2.3,16.5,
83.0,Malik Beasley,28.0,DET,SG,65.0,14.0,27.5,5.8,13.1,0.44,3.9,9.4,0.417,1.8,3.7,0.498,0.59,1.1,1.6,0.654,0.6,2.2,2.7,1.7,1.0,0.1,1.0,1.6,16.5,
84.0,Paul George,34.0,PHI,PF,41.0,41.0,32.5,6.0,13.9,0.43,2.3,6.5,0.358,3.6,7.4,0.493,0.514,1.9,2.4,0.814,0.6,4.8,5.3,4.3,1.8,0.5,2.6,2.5,16.2,
85.0,Bennedict Mathurin,22.0,IND,SF,57.0,45.0,30.8,5.7,12.1,0.471,1.4,4.0,0.352,4.3,8.0,0.531,0.53,3.4,4.1,0.826,1.2,4.2,5.5,1.9,0.6,0.4,1.9,2.3,16.2,
86.0,Jalen Suggs,23.0,ORL,PG,35.0,35.0,28.6,5.6,13.7,0.41,2.2,6.9,0.314,3.5,6.8,0.506,0.489,2.8,3.1,0.882,0.7,3.4,4.0,3.7,1.5,0.9,2.9,2.8,16.2,
87.0,Ivica Zubac,27.0,LAC,C,62.0,62.0,32.5,7.1,11.5,0.617,0.0,0.0,,7.1,11.5,0.617,0.617,1.8,2.8,0.636,3.7,8.9,12.5,2.5,0.8,1.1,1.6,2.2,16.0,
88.0,Devin Vassell,24.0,SAS,SG,48.0,37.0,30.6,6.1,13.9,0.436,2.3,6.4,0.351,3.8,7.5,0.508,0.516,1.5,1.9,0.78,0.6,3.1,3.7,2.9,1.3,0.5,1.4,1.6,15.9,
89.0,Mark Williams,23.0,CHO,C,31.0,28.0,25.8,6.2,10.5,0.589,0.0,0.0,0.0,6.2,10.5,0.591,0.589,3.4,4.3,0.782,3.1,6.8,9.9,2.3,0.7,1.2,1.2,2.5,15.7,
90.0,Myles Turner,28.0,IND,C,56.0,56.0,30.8,5.4,11.4,0.476,2.2,5.4,0.404,3.3,6.1,0.54,0.571,2.4,3.2,0.774,1.2,5.3,6.5,1.6,0.9,1.9,1.8,2.7,15.5,
91.0,Christian Braun,23.0,DEN,SG,64.0,62.0,33.5,5.9,10.4,0.569,1.1,2.8,0.387,4.8,7.6,0.637,0.621,2.3,2.8,0.833,1.3,3.8,5.1,2.4,1.1,0.5,1.0,2.2,15.3,
92.0,Jared McCain,20.0,PHI,SG,23.0,8.0,25.7,5.5,11.9,0.46,2.2,5.8,0.383,3.3,6.1,0.532,0.553,2.1,2.4,0.875,0.6,1.9,2.4,2.6,0.7,0.0,1.6,1.6,15.3,
93.0,Kyle Kuzma,29.0,2TM,PF,46.0,43.0,29.6,5.8,13.6,0.426,1.4,4.8,0.292,4.4,8.8,0.498,0.477,2.1,3.3,0.63,0.8,5.5,6.3,2.4,0.6,0.2,2.3,1.7,15.1,
93.0,Kyle Kuzma,29.0,WAS,PF,32.0,30.0,27.7,6.0,14.2,0.42,1.4,5.0,0.281,4.6,9.2,0.495,0.469,1.8,3.1,0.602,0.8,4.9,5.8,2.5,0.6,0.2,2.3,1.6,15.2,
93.0,Kyle Kuzma,29.0,MIL,PF,14.0,13.0,33.9,5.4,12.1,0.441,1.4,4.2,0.322,4.0,7.9,0.505,0.497,2.7,4.0,0.679,0.6,6.7,7.4,2.1,0.4,0.2,2.4,1.9,14.8,
94.0,Deni Avdija,24.0,POR,SF,60.0,42.0,28.8,5.0,10.6,0.467,1.5,4.3,0.342,3.5,6.4,0.551,0.536,3.7,4.8,0.773,1.3,5.3,6.6,3.6,1.0,0.5,2.5,2.4,15.1,
95.0,Kelly Oubre Jr.,29.0,PHI,SF,59.0,56.0,34.8,5.8,12.4,0.471,1.2,4.1,0.296,4.6,8.3,0.556,0.519,2.3,3.0,0.76,1.6,4.5,6.2,1.8,1.5,0.5,1.4,3.0,15.1,
96.0,Naz Reid,25.0,MIN,C,65.0,17.0,28.0,5.5,11.9,0.465,2.3,5.9,0.392,3.2,6.0,0.537,0.563,1.5,1.9,0.792,1.2,5.0,6.1,2.2,0.7,1.0,1.3,2.4,14.9,
97.0,Chet Holmgren,22.0,OKC,C,20.0,20.0,26.5,5.2,10.6,0.488,1.2,3.6,0.338,4.0,7.0,0.564,0.545,3.1,4.1,0.756,1.7,6.6,8.3,1.9,0.9,2.8,1.9,2.1,14.6,
98.0,Josh Hart,29.0,NYK,SG,61.0,61.0,37.8,5.6,10.2,0.545,1.1,3.3,0.337,4.5,6.9,0.643,0.599,2.3,2.9,0.795,2.1,7.6,9.7,5.6,1.4,0.4,2.1,2.6,14.5,
99.0,Klay Thompson,34.0,DAL,SF,58.0,58.0,27.6,5.2,12.5,0.416,3.2,7.9,0.399,2.0,4.5,0.445,0.543,1.0,1.1,0.903,0.7,2.8,3.5,2.1,0.8,0.5,1.3,1.2,14.5,
100.0,Deandre Ayton,26.0,POR,C,40.0,40.0,30.2,6.6,11.7,0.566,0.2,0.8,0.188,6.5,10.9,0.594,0.573,1.0,1.5,0.667,3.1,7.1,10.2,1.6,0.8,1.0,1.7,2.2,14.4,
101.0,Gradey Dick,21.0,TOR,SG,54.0,54.0,29.4,4.9,12.0,0.41,2.1,6.0,0.35,2.8,5.9,0.47,0.498,2.5,2.9,0.858,0.8,2.8,3.6,1.8,0.9,0.2,1.5,2.2,14.4,
102.0,Jerami Grant,30.0,POR,PF,47.0,47.0,32.4,4.6,12.2,0.373,2.3,6.3,0.365,2.3,5.9,0.381,0.467,3.0,3.5,0.849,0.6,2.9,3.5,2.1,0.9,1.0,1.4,2.3,14.4,
103.0,Fred VanVleet,30.0,HOU,PG,46.0,46.0,35.5,5.0,12.9,0.383,2.6,7.7,0.34,2.3,5.2,0.448,0.485,1.8,2.2,0.824,0.7,3.3,3.9,5.8,1.6,0.4,1.5,2.4,14.4,
104.0,Jakob Poeltl,29.0,TOR,C,50.0,49.0,30.2,6.2,10.1,0.614,0.0,0.0,0.0,6.2,10.1,0.616,0.614,1.8,2.7,0.679,3.4,6.4,9.7,2.9,1.2,1.2,1.9,3.3,14.2,
105.0,Payton Pritchard,27.0,BOS,PG,64.0,0.0,28.1,5.0,10.5,0.473,3.3,7.8,0.42,1.7,2.7,0.628,0.629,0.9,1.1,0.857,1.3,2.4,3.8,3.5,0.9,0.2,0.9,1.5,14.2,
106.0,Dyson Daniels,21.0,ATL,SG,60.0,60.0,34.0,5.9,12.2,0.486,1.1,3.1,0.351,4.8,9.1,0.532,0.531,1.2,2.0,0.598,1.6,4.0,5.6,4.2,3.0,0.7,1.9,2.5,14.1,
107.0,Tre Mann,23.0,CHO,PG,13.0,0.0,24.5,5.4,12.4,0.435,1.8,4.6,0.4,3.5,7.8,0.455,0.509,1.5,1.6,0.905,0.9,2.0,2.9,3.0,0.5,0.3,1.9,1.8,14.1,
108.0,Amen Thompson,22.0,HOU,SF,60.0,33.0,32.5,5.5,10.0,0.553,0.3,1.3,0.256,5.2,8.7,0.597,0.569,2.6,3.8,0.693,2.8,5.6,8.3,3.6,1.3,1.3,2.1,2.3,14.0,
109.0,P.J. Washington,26.0,DAL,PF,47.0,46.0,32.2,5.0,11.6,0.432,1.6,4.2,0.374,3.4,7.4,0.466,0.5,2.4,3.2,0.74,1.6,6.5,8.1,2.3,1.2,1.1,1.9,2.4,14.0,
110.0,Tobias Harris,32.0,DET,PF,61.0,61.0,32.1,5.3,11.2,0.475,1.2,3.7,0.335,4.1,7.6,0.543,0.53,2.0,2.3,0.872,0.9,5.1,6.1,2.2,0.9,0.8,1.1,1.9,13.9,
111.0,Dillon Brooks,29.0,HOU,SF,61.0,61.0,32.2,5.0,11.9,0.417,2.5,6.3,0.393,2.5,5.7,0.443,0.52,1.4,1.7,0.824,1.2,2.8,3.9,1.6,0.8,0.2,1.0,3.4,13.8,
112.0,Josh Giddey,22.0,CHI,PG,60.0,60.0,29.7,5.1,11.0,0.462,1.5,4.0,0.376,3.6,7.0,0.511,0.53,2.2,2.8,0.789,1.7,6.0,7.7,6.7,1.1,0.6,2.8,1.7,13.8,
113.0,Bobby Portis,29.0,MIL,PF,46.0,7.0,25.2,5.6,12.1,0.463,1.3,3.6,0.364,4.3,8.5,0.505,0.517,1.2,1.5,0.821,1.8,6.5,8.3,2.2,0.7,0.5,1.2,1.9,13.7,
114.0,Stephon Castle,20.0,SAS,PG,62.0,29.0,25.5,4.9,11.5,0.425,1.1,4.0,0.282,3.8,7.5,0.501,0.474,2.6,3.7,0.712,1.0,2.2,3.2,3.5,0.9,0.2,1.9,1.9,13.5,
115.0,Dennis Schröder,31.0,3TM,PG,59.0,41.0,27.9,4.7,11.4,0.416,1.8,5.3,0.352,2.9,6.2,0.471,0.497,2.1,2.5,0.838,0.3,2.3,2.6,5.3,1.0,0.2,2.1,2.5,13.4,
115.0,Dennis Schröder,31.0,BRK,PG,23.0,23.0,33.6,6.4,14.1,0.452,2.5,6.5,0.387,3.9,7.6,0.509,0.542,3.1,3.5,0.889,0.2,2.8,3.0,6.6,1.1,0.2,2.6,2.4,18.4,
115.0,Dennis Schröder,31.0,GSW,SG,24.0,18.0,26.2,3.9,10.5,0.375,1.5,4.8,0.322,2.4,5.7,0.419,0.448,1.2,1.6,0.744,0.4,1.9,2.3,4.4,1.0,0.1,2.0,2.8,10.6,
115.0,Dennis Schröder,31.0,DET,PG,12.0,0.0,20.3,3.3,8.1,0.402,1.2,3.8,0.311,2.1,4.3,0.481,0.474,1.9,2.3,0.821,0.4,2.3,2.7,4.7,0.5,0.3,1.3,2.0,9.6,
116.0,Jarrett Allen,26.0,CLE,C,64.0,64.0,28.5,5.5,7.8,0.703,0.0,0.0,0.0,5.5,7.8,0.707,0.703,2.4,3.2,0.751,2.7,7.6,10.2,2.0,1.0,0.9,1.2,1.5,13.4,
117.0,Rui Hachimura,26.0,LAL,PF,50.0,50.0,32.1,5.1,10.0,0.506,1.7,4.1,0.41,3.4,5.9,0.573,0.59,1.5,2.0,0.765,1.5,3.8,5.2,1.5,0.8,0.5,0.9,1.8,13.3,
118.0,Aaron Gordon,29.0,DEN,PF,38.0,29.0,26.8,4.7,9.1,0.516,1.4,3.1,0.444,3.3,6.0,0.553,0.591,2.3,2.9,0.793,1.6,3.2,4.8,3.0,0.5,0.2,1.2,1.5,13.1,
119.0,D'Angelo Russell,28.0,2TM,PG,50.0,28.0,25.6,4.4,11.0,0.404,2.0,6.1,0.327,2.5,4.9,0.498,0.494,2.1,2.5,0.848,0.3,2.4,2.8,5.1,1.0,0.4,1.9,1.9,13.0,
119.0,D'Angelo Russell,28.0,LAL,PG,29.0,10.0,26.3,4.4,10.7,0.415,1.9,5.8,0.333,2.5,4.9,0.51,0.505,1.6,1.8,0.849,0.3,2.5,2.8,4.7,0.8,0.1,1.7,1.8,12.4,
119.0,D'Angelo Russell,28.0,BRK,PG,21.0,18.0,24.6,4.4,11.4,0.389,2.0,6.4,0.319,2.4,5.0,0.481,0.479,2.9,3.4,0.847,0.4,2.4,2.8,5.7,1.2,0.8,2.1,2.0,13.8,
120.0,Moritz Wagner,27.0,ORL,C,30.0,1.0,18.8,4.7,8.3,0.562,0.9,2.5,0.36,3.8,5.8,0.649,0.616,2.6,3.7,0.718,1.3,3.6,4.9,1.4,0.8,0.4,1.6,1.8,12.9,
121.0,Russell Westbrook,36.0,DEN,PG,58.0,30.0,27.7,4.9,10.5,0.462,1.2,3.7,0.338,3.6,6.9,0.528,0.52,1.9,2.9,0.635,1.5,3.6,5.0,6.1,1.4,0.5,3.0,2.5,12.8,
122.0,Santi Aldama,24.0,MEM,PF,53.0,13.0,25.0,5.0,10.2,0.487,1.8,4.8,0.375,3.2,5.4,0.588,0.576,0.9,1.3,0.7,1.6,5.1,6.7,2.8,0.8,0.5,1.0,1.1,12.7,
123.0,Malcolm Brogdon,32.0,WAS,PG,24.0,13.0,23.5,4.3,10.0,0.433,0.7,2.3,0.286,3.7,7.7,0.478,0.467,3.4,3.8,0.88,0.9,2.9,3.8,4.1,0.5,0.2,1.6,1.3,12.7,
124.0,Scoot Henderson,20.0,POR,PG,58.0,9.0,26.6,4.3,10.2,0.427,1.6,4.3,0.359,2.8,5.8,0.478,0.503,2.5,3.2,0.781,0.7,2.3,3.0,5.1,1.1,0.2,2.6,2.8,12.7,
125.0,Onyeka Okongwu,24.0,ATL,C,58.0,24.0,26.5,5.1,8.8,0.579,0.5,1.6,0.298,4.6,7.1,0.643,0.606,2.1,2.8,0.732,3.0,5.4,8.4,2.2,0.9,0.9,1.1,2.4,12.7,
126.0,Jaden McDaniels,24.0,MIN,PF,66.0,66.0,32.6,5.0,10.4,0.478,1.3,3.9,0.332,3.7,6.4,0.567,0.541,1.4,1.6,0.833,1.6,4.3,5.9,2.1,1.5,0.8,1.1,2.9,12.6,
127.0,Khris Middleton,33.0,2TM,SF,30.0,14.0,23.5,4.6,9.2,0.498,1.4,3.7,0.373,3.2,5.5,0.582,0.573,2.0,2.4,0.847,0.3,3.5,3.8,4.4,1.0,0.3,1.7,2.2,12.5,
127.0,Khris Middleton,33.0,MIL,SF,23.0,7.0,23.2,4.7,9.2,0.512,1.5,3.7,0.407,3.2,5.4,0.584,0.595,1.7,2.0,0.848,0.2,3.5,3.7,4.4,0.7,0.2,1.6,2.3,12.6,
127.0,Khris Middleton,33.0,WAS,SF,7.0,7.0,24.4,4.1,9.1,0.453,0.9,3.4,0.25,3.3,5.7,0.575,0.5,3.1,3.7,0.846,0.4,3.7,4.1,4.1,1.7,0.4,1.9,2.1,12.3,
128.0,Keldon Johnson,25.0,SAS,SF,60.0,0.0,23.7,4.7,9.7,0.483,1.2,3.6,0.329,3.5,6.1,0.574,0.544,1.9,2.5,0.755,1.4,3.2,4.5,1.5,0.6,0.2,1.0,1.5,12.5,
129.0,Bilal Coulibaly,20.0,WAS,SF,59.0,59.0,33.0,4.5,10.6,0.421,1.1,3.8,0.281,3.4,6.8,0.5,0.472,2.3,3.1,0.746,1.5,3.4,5.0,3.4,1.3,0.7,2.1,2.4,12.3,
130.0,Ayo Dosunmu,25.0,CHI,SG,46.0,26.0,30.3,4.8,9.8,0.492,1.3,4.1,0.328,3.5,5.7,0.612,0.561,1.3,1.7,0.785,0.6,2.9,3.5,4.5,0.9,0.4,1.5,2.3,12.3,
131.0,Daniel Gafford,26.0,DAL,C,51.0,28.0,21.9,5.0,7.1,0.699,0.0,0.0,,5.0,7.1,0.699,0.699,2.4,3.4,0.699,2.7,4.1,6.9,1.4,0.4,1.9,1.2,2.7,12.3,
132.0,Brook Lopez,36.0,MIL,C,62.0,62.0,31.6,4.6,9.5,0.48,1.8,4.9,0.364,2.8,4.6,0.603,0.573,1.4,1.6,0.842,1.3,3.7,5.0,1.7,0.7,1.9,1.0,2.2,12.3,
133.0,Naji Marshall,27.0,DAL,SF,53.0,19.0,26.1,4.8,9.6,0.498,0.9,3.3,0.283,3.9,6.4,0.608,0.546,1.8,2.1,0.856,1.1,3.5,4.6,2.8,1.1,0.1,1.5,1.5,12.3,
134.0,Keegan Murray,24.0,SAC,PF,61.0,61.0,34.6,4.8,10.8,0.444,1.9,5.7,0.336,2.9,5.0,0.565,0.533,0.9,1.1,0.831,2.0,4.7,6.8,1.4,0.8,0.9,0.8,2.6,12.3,
135.0,Quentin Grimes,24.0,2TM,SG,61.0,23.0,25.1,4.4,9.1,0.478,1.9,4.8,0.395,2.5,4.3,0.57,0.582,1.5,2.0,0.756,0.8,3.4,4.1,2.5,0.8,0.3,1.5,1.8,12.1,
135.0,Quentin Grimes,24.0,DAL,SG,47.0,12.0,22.8,3.6,7.8,0.463,1.7,4.3,0.398,1.9,3.5,0.543,0.573,1.3,1.7,0.765,0.6,3.2,3.8,2.1,0.7,0.2,1.3,1.7,10.2,
135.0,Quentin Grimes,24.0,PHI,SG,14.0,11.0,32.8,6.9,13.7,0.505,2.6,6.6,0.387,4.4,7.1,0.616,0.599,2.2,3.0,0.738,1.2,4.1,5.3,3.7,1.4,0.6,2.0,2.1,18.6,
136.0,Daeqwon Plowden,26.0,ATL,SG,2.0,0.0,16.5,4.0,5.0,0.8,3.0,4.0,0.75,1.0,1.0,1.0,1.1,1.0,1.0,1.0,1.5,1.0,2.5,0.0,0.0,0.0,0.5,2.5,12.0,
137.0,Ty Jerome,27.0,CLE,SG,60.0,2.0,19.6,4.3,8.5,0.504,1.5,3.5,0.438,2.7,5.0,0.55,0.594,1.9,2.1,0.902,0.7,1.9,2.6,3.3,1.2,0.0,1.3,1.5,11.9,
138.0,Jabari Smith Jr.,21.0,HOU,PF,43.0,38.0,30.8,4.1,9.8,0.423,1.7,4.9,0.354,2.4,4.9,0.493,0.512,1.9,2.3,0.816,1.8,4.8,6.6,0.9,0.3,0.9,1.0,2.3,11.9,
139.0,Caris LeVert,30.0,2TM,SG,50.0,3.0,24.9,4.3,9.0,0.472,1.7,4.3,0.388,2.6,4.7,0.549,0.564,1.6,2.3,0.711,0.6,2.4,3.1,3.4,0.9,0.5,1.2,1.5,11.8,
139.0,Caris LeVert,30.0,CLE,SF,38.0,3.0,23.8,3.6,7.8,0.453,1.6,3.9,0.405,2.0,3.9,0.5,0.554,1.5,2.2,0.699,0.6,2.2,2.8,3.7,0.9,0.5,1.3,1.3,10.2,
139.0,Caris LeVert,30.0,ATL,SG,12.0,0.0,28.6,6.5,12.8,0.51,1.9,5.5,0.348,4.6,7.3,0.632,0.585,1.9,2.6,0.742,0.8,3.1,3.8,2.6,0.9,0.6,0.8,2.1,16.8,
140.0,Tari Eason,23.0,HOU,PF,43.0,9.0,24.8,4.6,9.6,0.481,1.1,3.2,0.345,3.5,6.4,0.549,0.539,1.4,1.8,0.759,2.2,4.0,6.2,1.3,1.9,0.9,1.1,2.5,11.8,
141.0,Alex Sarr,19.0,WAS,C,48.0,48.0,27.0,4.5,11.5,0.389,1.5,4.8,0.309,3.0,6.7,0.447,0.454,1.4,2.3,0.63,1.8,4.9,6.7,2.3,0.7,1.5,1.4,2.3,11.8,
142.0,Harrison Barnes,32.0,SAS,PF,63.0,63.0,27.4,4.0,8.0,0.501,1.7,4.1,0.43,2.3,4.0,0.574,0.609,1.9,2.5,0.782,1.4,2.6,3.9,1.7,0.3,0.2,0.6,0.9,11.7,
143.0,Corey Kispert,25.0,WAS,SF,58.0,0.0,26.4,4.2,9.4,0.452,2.0,5.5,0.369,2.2,3.9,0.568,0.56,1.2,1.4,0.84,0.6,2.3,2.9,1.7,0.4,0.2,1.1,1.6,11.7,
144.0,Zaccharie Risacher,19.0,ATL,SF,58.0,56.0,24.4,4.4,10.0,0.438,1.5,4.3,0.345,2.9,5.7,0.508,0.512,1.4,2.0,0.709,1.2,2.4,3.6,1.3,0.8,0.5,1.2,1.9,11.7,
145.0,Donte DiVincenzo,28.0,MIN,SG,47.0,9.0,26.5,3.9,9.5,0.413,2.8,7.2,0.395,1.1,2.3,0.472,0.563,0.9,1.2,0.786,0.5,3.2,3.7,3.7,1.3,0.2,1.6,1.7,11.6,
146.0,Walker Kessler,23.0,UTA,C,49.0,49.0,30.4,5.0,6.9,0.724,0.0,0.1,0.333,5.0,6.8,0.731,0.726,1.5,2.8,0.536,4.7,7.6,12.3,1.6,0.6,2.4,1.5,2.2,11.6,
147.0,Terry Rozier,30.0,MIA,PG,56.0,23.0,27.2,4.2,10.5,0.401,1.5,5.0,0.305,2.7,5.5,0.49,0.474,1.6,1.9,0.857,0.7,3.2,3.9,2.7,0.6,0.3,1.3,1.3,11.6,
148.0,Aaron Wiggins,26.0,OKC,SG,65.0,20.0,22.6,4.6,9.1,0.499,1.7,4.2,0.395,2.9,4.9,0.59,0.591,0.8,1.0,0.828,1.1,2.7,3.8,1.6,0.8,0.3,0.9,1.3,11.6,
149.0,Buddy Hield,32.0,GSW,SG,65.0,22.0,23.3,4.2,10.0,0.416,2.5,6.9,0.367,1.6,3.1,0.525,0.542,0.6,0.8,0.8,0.6,2.6,3.2,1.7,0.9,0.3,1.2,1.7,11.5,
150.0,Jalen Duren,21.0,DET,C,62.0,62.0,25.9,4.7,6.7,0.698,0.0,0.0,,4.7,6.7,0.698,0.698,2.0,2.9,0.687,3.5,6.8,10.3,2.6,0.8,1.2,1.8,3.3,11.3,
151.0,Jonas Valančiūnas,32.0,2TM,C,63.0,17.0,20.2,4.6,8.4,0.548,0.1,0.5,0.25,4.5,7.9,0.568,0.556,1.9,2.2,0.871,2.5,5.8,8.3,2.3,0.5,0.6,1.7,2.2,11.2,
151.0,Jonas Valančiūnas,32.0,WAS,C,49.0,12.0,20.1,4.7,8.6,0.547,0.1,0.6,0.259,4.6,8.1,0.567,0.556,1.9,2.2,0.896,2.4,5.8,8.2,2.2,0.4,0.6,1.8,2.0,11.5,
151.0,Jonas Valančiūnas,32.0,SAC,C,14.0,5.0,20.7,4.1,7.5,0.552,0.1,0.4,0.2,4.1,7.1,0.57,0.557,1.9,2.4,0.788,2.8,5.7,8.5,2.4,0.9,0.9,1.1,2.9,10.2,
152.0,Duncan Robinson,30.0,MIA,SF,61.0,30.0,24.6,4.0,9.2,0.432,2.5,6.6,0.385,1.4,2.6,0.554,0.571,0.7,0.8,0.894,0.2,2.1,2.4,2.6,0.5,0.1,1.2,1.9,11.2,
153.0,Rudy Gobert,32.0,MIN,C,56.0,56.0,33.1,4.3,6.6,0.658,0.0,0.0,,4.3,6.6,0.658,0.658,2.4,3.6,0.683,3.5,6.9,10.4,1.8,0.7,1.5,1.4,2.4,11.1,
154.0,Isaiah Hartenstein,26.0,OKC,C,44.0,42.0,28.3,4.8,8.5,0.573,0.0,0.3,0.0,4.8,8.1,0.597,0.573,1.4,2.1,0.67,3.0,8.3,11.2,3.9,0.8,1.0,1.7,3.0,11.1,
155.0,Jeremy Sochan,21.0,SAS,PF,43.0,19.0,25.3,4.6,8.3,0.546,0.5,1.5,0.333,4.1,6.9,0.591,0.575,1.5,2.3,0.68,2.3,4.5,6.8,2.5,0.8,0.5,1.6,2.4,11.1,
156.0,Jaylen Wells,21.0,MEM,SG,65.0,60.0,26.1,3.9,8.9,0.437,1.9,5.1,0.367,2.0,3.8,0.53,0.542,1.4,1.7,0.809,1.2,2.2,3.3,1.7,0.6,0.1,1.0,1.9,11.0,
157.0,Jordan Hawkins,22.0,NOP,SG,47.0,7.0,23.3,3.7,10.0,0.374,2.0,5.9,0.335,1.8,4.2,0.429,0.471,1.4,1.7,0.827,0.5,2.3,2.7,1.1,0.6,0.4,1.0,0.8,10.9,
158.0,Grayson Allen,29.0,PHO,SG,53.0,3.0,24.8,3.4,7.6,0.45,2.4,5.6,0.434,1.0,2.0,0.495,0.611,1.5,1.8,0.811,0.5,2.6,3.1,2.2,0.9,0.4,1.1,1.5,10.7,
159.0,Brandon Boston Jr.,23.0,NOP,SG,42.0,10.0,23.6,4.0,9.1,0.436,1.2,3.3,0.35,2.8,5.7,0.485,0.5,1.6,2.0,0.788,0.7,2.5,3.2,2.2,1.3,0.2,1.2,1.7,10.7,
160.0,Jrue Holiday,34.0,BOS,PG,49.0,49.0,30.2,4.0,9.0,0.439,1.7,5.0,0.343,2.2,4.0,0.558,0.534,1.1,1.2,0.9,1.1,3.2,4.3,3.6,1.0,0.4,1.4,1.6,10.7,
161.0,Nikola Jović,21.0,MIA,PF,46.0,10.0,25.1,3.7,8.2,0.456,1.7,4.6,0.371,2.0,3.6,0.563,0.56,1.6,1.9,0.828,0.6,3.3,3.9,2.8,0.8,0.3,1.3,1.8,10.7,
162.0,Toumani Camara,24.0,POR,PF,64.0,64.0,32.7,3.9,8.7,0.45,1.5,4.2,0.363,2.4,4.5,0.531,0.538,1.2,1.7,0.745,2.3,3.6,5.9,2.1,1.5,0.7,1.5,3.0,10.6,
163.0,Bogdan Bogdanović,32.0,2TM,SG,36.0,3.0,25.6,3.8,9.7,0.388,1.9,6.1,0.312,1.9,3.6,0.515,0.486,1.1,1.3,0.851,0.5,2.3,2.8,2.4,0.8,0.3,1.5,2.5,10.5,
163.0,Bogdan Bogdanović,32.0,ATL,SG,24.0,0.0,24.9,3.5,9.3,0.371,1.8,6.1,0.301,1.6,3.3,0.5,0.469,1.3,1.4,0.882,0.5,2.3,2.8,2.0,0.8,0.3,1.5,2.4,10.0,
163.0,Bogdan Bogdanović,32.0,LAC,SG,12.0,3.0,27.1,4.3,10.3,0.419,2.0,6.0,0.333,2.3,4.3,0.538,0.516,0.8,1.1,0.769,0.4,2.5,2.9,3.2,0.8,0.3,1.3,2.7,11.5,
164.0,Gary Trent Jr.,26.0,MIL,SG,56.0,7.0,25.0,3.7,8.5,0.437,2.3,5.4,0.416,1.4,3.1,0.474,0.57,0.9,1.0,0.842,0.3,2.1,2.4,1.1,1.0,0.1,0.6,1.8,10.5,
165.0,Guerschon Yabusele,29.0,PHI,C,60.0,33.0,26.5,3.8,7.7,0.501,1.5,3.8,0.388,2.4,3.9,0.612,0.597,1.4,1.8,0.743,1.9,3.5,5.4,2.0,0.8,0.4,1.3,2.4,10.5,
166.0,Tim Hardaway Jr.,32.0,DET,SG,61.0,61.0,28.3,3.4,8.5,0.404,2.1,5.8,0.358,1.4,2.8,0.5,0.525,1.5,1.8,0.835,0.3,2.2,2.4,1.7,0.5,0.1,0.7,1.2,10.4,
167.0,Derrick Jones Jr.,27.0,LAC,SF,59.0,51.0,24.8,4.2,8.0,0.522,1.0,2.8,0.367,3.2,5.2,0.606,0.587,1.0,1.4,0.726,1.3,2.2,3.5,0.8,1.1,0.4,0.9,2.1,10.4,
168.0,Aaron Nesmith,25.0,IND,SF,28.0,20.0,23.8,3.7,7.6,0.491,1.5,4.0,0.387,2.2,3.6,0.604,0.592,1.5,1.6,0.911,0.7,3.0,3.7,1.4,0.6,0.4,0.8,2.5,10.4,
169.0,Grant Williams,26.0,CHO,PF,16.0,7.0,29.9,3.4,7.7,0.439,1.7,4.6,0.365,1.7,3.1,0.551,0.549,1.9,2.3,0.838,1.1,4.0,5.1,2.3,1.1,0.8,1.8,2.9,10.4,
170.0,Spencer Dinwiddie,31.0,DAL,PG,64.0,20.0,25.5,3.3,8.1,0.407,1.3,4.0,0.333,2.0,4.1,0.481,0.49,2.3,2.9,0.811,0.2,2.2,2.4,3.8,0.8,0.2,1.2,1.5,10.3,
171.0,Herbert Jones,26.0,NOP,SF,20.0,20.0,32.4,3.8,8.6,0.436,1.1,3.6,0.306,2.7,5.0,0.53,0.5,1.7,2.0,0.825,1.1,2.8,3.9,3.3,1.9,0.5,1.8,3.3,10.3,
172.0,Tyus Jones,28.0,PHO,PG,64.0,57.0,28.3,3.8,8.5,0.442,2.0,4.9,0.412,1.8,3.7,0.483,0.56,0.7,0.8,0.885,0.5,1.9,2.4,5.8,0.9,0.1,1.3,0.9,10.3,
173.0,De'Anthony Melton,26.0,GSW,SG,6.0,2.0,20.2,3.7,9.0,0.407,2.2,5.8,0.371,1.5,3.2,0.474,0.528,0.8,1.3,0.625,1.0,2.3,3.3,2.8,1.2,0.3,1.7,3.0,10.3,
174.0,Andrew Nembhard,25.0,IND,SG,47.0,47.0,28.9,3.9,8.3,0.468,0.8,2.5,0.305,3.1,5.8,0.539,0.514,1.8,2.2,0.798,0.5,2.7,3.2,5.1,1.4,0.2,1.9,2.4,10.3,
175.0,Nic Claxton,25.0,BRK,C,56.0,48.0,27.0,4.4,8.1,0.548,0.0,0.3,0.067,4.4,7.8,0.565,0.55,1.2,2.3,0.532,2.2,5.2,7.4,2.2,0.9,1.5,1.2,2.1,10.1,
176.0,Amir Coffey,27.0,LAC,SG,62.0,13.0,25.7,3.5,7.4,0.471,1.5,3.6,0.41,2.0,3.8,0.53,0.571,1.7,1.9,0.908,0.5,1.9,2.4,1.1,0.5,0.1,0.7,1.8,10.1,
177.0,Keon Johnson,22.0,BRK,SG,62.0,40.0,23.8,3.6,9.7,0.377,1.5,4.9,0.297,2.2,4.7,0.459,0.453,1.3,1.7,0.779,0.8,2.8,3.6,2.0,1.0,0.4,1.3,2.5,10.1,
178.0,Brandin Podziemski,21.0,GSW,SG,50.0,19.0,25.4,3.8,8.9,0.427,1.4,4.3,0.319,2.5,4.7,0.526,0.503,1.1,1.5,0.757,1.0,3.8,4.9,3.4,1.1,0.2,1.1,1.5,10.1,
179.0,Ochai Agbaji,24.0,TOR,SG,54.0,38.0,27.0,4.0,7.9,0.505,1.5,3.8,0.399,2.5,4.1,0.601,0.6,0.5,0.8,0.667,0.9,2.8,3.7,1.5,0.8,0.5,0.8,1.9,10.0,
180.0,Chris Boucher,32.0,TOR,PF,50.0,0.0,17.2,3.6,7.4,0.492,1.4,3.9,0.363,2.2,3.5,0.633,0.586,1.4,1.7,0.782,1.4,3.1,4.5,0.7,0.5,0.5,0.6,1.4,10.0,
181.0,N'Faly Dante,23.0,HOU,C,1.0,0.0,19.0,4.0,6.0,0.667,0.0,0.0,,4.0,6.0,0.667,0.667,2.0,3.0,0.667,4.0,5.0,9.0,1.0,0.0,2.0,1.0,4.0,10.0,
182.0,Obi Toppin,26.0,IND,PF,60.0,0.0,19.2,3.9,7.2,0.532,1.2,3.5,0.34,2.7,3.8,0.711,0.614,1.2,1.4,0.802,0.7,3.3,4.0,1.6,0.6,0.3,0.8,1.4,10.0,
183.0,Luguentz Dort,25.0,OKC,SF,60.0,60.0,29.0,3.5,8.3,0.424,2.3,5.7,0.398,1.2,2.6,0.481,0.561,0.6,0.7,0.786,1.4,2.8,4.2,1.7,1.1,0.6,0.7,3.0,9.9,
184.0,Brice Sensabaugh,21.0,UTA,SF,54.0,8.0,18.7,3.6,8.0,0.449,1.9,4.8,0.388,1.7,3.2,0.541,0.566,0.9,0.9,0.92,0.6,2.1,2.7,1.4,0.6,0.1,1.4,1.4,9.9,
185.0,Moses Moody,22.0,GSW,SG,57.0,17.0,21.0,3.3,7.5,0.445,1.7,4.4,0.383,1.6,3.0,0.535,0.559,1.4,1.8,0.779,0.6,1.8,2.5,1.1,0.6,0.4,0.7,1.5,9.8,
186.0,Ziaire Williams,23.0,BRK,SF,50.0,32.0,24.2,3.3,8.2,0.401,1.5,4.6,0.325,1.8,3.7,0.497,0.491,1.7,2.1,0.829,1.1,3.6,4.8,1.4,1.0,0.4,1.0,2.4,9.8,
187.0,Georges Niang,31.0,2TM,PF,63.0,2.0,21.8,3.6,7.7,0.467,2.0,5.0,0.401,1.6,2.8,0.586,0.596,0.5,0.7,0.773,0.7,3.2,3.9,1.4,0.3,0.2,0.9,2.6,9.7,
187.0,Georges Niang,31.0,CLE,PF,51.0,1.0,20.6,3.3,6.8,0.477,1.8,4.4,0.4,1.5,2.4,0.618,0.606,0.5,0.6,0.793,0.7,3.0,3.7,1.3,0.3,0.1,0.9,2.5,8.7,
187.0,Georges Niang,31.0,ATL,PF,12.0,1.0,26.8,5.1,11.5,0.442,2.9,7.3,0.402,2.2,4.3,0.51,0.569,0.9,1.3,0.733,0.7,3.9,4.6,2.0,0.4,0.4,0.8,2.8,14.0,
188.0,Jose Alvarado,26.0,NOP,PG,41.0,12.0,23.6,3.4,8.5,0.398,2.0,5.2,0.377,1.4,3.2,0.432,0.514,1.0,1.2,0.833,0.5,1.9,2.4,4.6,1.4,0.3,1.0,1.7,9.7,
189.0,Cole Anthony,24.0,ORL,PG,60.0,22.0,18.8,3.6,8.5,0.424,1.1,3.3,0.349,2.5,5.2,0.471,0.491,1.4,1.7,0.817,0.7,2.4,3.1,2.9,0.7,0.5,1.6,2.4,9.7,
190.0,Julian Champagnie,23.0,SAS,SF,63.0,26.0,23.3,3.3,7.9,0.418,2.1,5.8,0.36,1.2,2.1,0.575,0.549,0.9,1.0,0.905,0.8,3.0,3.8,1.3,0.8,0.4,0.9,1.3,9.6,
191.0,Ausar Thompson,22.0,DET,SF,43.0,32.0,21.7,4.0,7.3,0.552,0.2,0.8,0.212,3.9,6.6,0.592,0.563,1.3,2.2,0.589,1.8,3.2,5.0,2.3,1.8,0.5,1.4,2.8,9.6,
192.0,Max Christie,21.0,2TM,SG,62.0,34.0,27.0,3.2,7.4,0.435,1.5,4.0,0.375,1.7,3.4,0.507,0.537,1.6,1.9,0.853,0.5,2.5,3.0,1.9,0.8,0.4,1.0,1.6,9.5,
192.0,Max Christie,21.0,LAL,SG,46.0,25.0,25.1,2.8,6.3,0.444,1.3,3.5,0.368,1.5,2.7,0.544,0.549,1.6,1.9,0.851,0.5,2.1,2.7,1.4,0.8,0.5,0.8,1.6,8.5,
192.0,Max Christie,21.0,DAL,SG,16.0,9.0,32.7,4.4,10.6,0.42,2.1,5.3,0.388,2.4,5.3,0.452,0.518,1.6,1.8,0.862,0.4,3.6,4.1,3.3,1.0,0.4,1.4,1.6,12.5,
193.0,Nick Richards,27.0,2TM,C,46.0,33.0,22.1,3.6,6.0,0.598,0.0,0.0,0.0,3.6,6.0,0.602,0.598,2.3,3.1,0.729,2.5,6.1,8.6,1.0,0.2,1.0,1.4,2.5,9.5,
193.0,Nick Richards,27.0,CHO,C,21.0,9.0,21.0,3.0,5.4,0.561,0.0,0.0,0.0,3.0,5.4,0.566,0.561,2.8,4.1,0.678,2.4,5.1,7.5,1.3,0.3,1.2,1.6,2.3,8.9,
193.0,Nick Richards,27.0,PHO,C,25.0,24.0,23.1,4.0,6.5,0.623,0.0,0.0,0.0,4.0,6.4,0.627,0.623,1.8,2.3,0.807,2.5,7.0,9.5,0.6,0.2,0.9,1.3,2.7,9.9,
194.0,Royce O'Neale,31.0,PHO,SF,59.0,18.0,25.4,3.4,7.7,0.434,2.5,5.8,0.422,0.9,1.9,0.473,0.593,0.3,0.4,0.731,0.8,4.0,4.8,2.1,1.0,0.5,0.9,2.0,9.5,
195.0,Nickeil Alexander-Walker,26.0,MIN,SG,66.0,10.0,25.5,3.3,7.5,0.443,1.8,4.6,0.397,1.5,3.0,0.513,0.563,0.9,1.2,0.759,0.6,2.5,3.1,2.5,0.7,0.4,1.2,1.7,9.4,
196.0,Noah Clowney,20.0,BRK,PF,39.0,18.0,22.9,3.0,8.1,0.371,2.0,5.7,0.347,1.0,2.4,0.43,0.494,1.5,1.7,0.851,0.9,3.0,3.9,0.8,0.5,0.5,1.0,2.3,9.4,
197.0,Tosan Evbuomwan,23.0,BRK,SF,21.0,0.0,23.9,3.4,7.8,0.433,0.8,2.6,0.291,2.6,5.2,0.505,0.482,1.9,2.5,0.755,1.2,2.9,4.0,1.6,0.8,0.3,1.5,1.9,9.4,
198.0,T.J. McConnell,32.0,IND,PG,60.0,0.0,17.9,4.2,8.1,0.521,0.2,0.7,0.31,4.0,7.4,0.541,0.534,0.8,1.1,0.746,0.5,1.9,2.4,4.4,1.1,0.3,1.5,1.0,9.4,
199.0,Svi Mykhailiuk,27.0,UTA,SF,27.0,12.0,19.9,3.3,8.6,0.388,2.0,5.9,0.34,1.3,2.7,0.493,0.504,0.7,0.9,0.792,0.6,1.9,2.4,1.9,0.6,0.2,1.5,1.2,9.4,
200.0,Julian Strawther,22.0,DEN,SG,61.0,4.0,22.1,3.4,7.7,0.434,1.5,4.3,0.357,1.8,3.4,0.531,0.534,1.1,1.3,0.829,0.3,1.9,2.2,1.3,0.6,0.2,0.9,2.4,9.4,
201.0,Isaiah Joe,25.0,OKC,SG,58.0,12.0,20.6,3.2,7.6,0.427,2.4,5.9,0.397,0.9,1.6,0.537,0.583,0.5,0.6,0.757,0.5,2.0,2.5,1.5,0.7,0.2,0.4,1.7,9.3,
202.0,Luke Kennard,28.0,MEM,SG,50.0,8.0,22.3,3.3,6.8,0.477,1.9,4.2,0.45,1.4,2.6,0.519,0.615,0.9,1.0,0.882,0.6,2.2,2.8,3.5,0.7,0.1,1.1,0.8,9.3,
203.0,Kevin Porter Jr.,24.0,2TM,SG,57.0,2.0,18.9,3.7,8.5,0.439,0.5,2.1,0.256,3.2,6.4,0.5,0.471,1.2,1.7,0.687,0.6,2.9,3.4,3.2,1.0,0.2,1.9,1.5,9.2,
203.0,Kevin Porter Jr.,24.0,LAC,SG,45.0,2.0,19.6,3.8,9.0,0.423,0.6,2.4,0.245,3.2,6.7,0.485,0.455,1.1,1.7,0.645,0.6,2.9,3.6,3.2,1.0,0.2,1.9,1.6,9.3,
203.0,Kevin Porter Jr.,24.0,MIL,SG,12.0,0.0,15.9,3.4,6.5,0.526,0.4,1.3,0.333,3.0,5.3,0.571,0.558,1.6,1.9,0.826,0.3,2.7,2.9,3.3,1.3,0.0,2.0,1.2,8.8,
204.0,Zach Edey,22.0,MEM,C,50.0,42.0,20.9,3.8,6.6,0.577,0.3,0.9,0.364,3.5,5.7,0.61,0.601,1.3,1.8,0.7,3.5,4.4,7.9,0.9,0.6,1.2,1.3,2.6,9.2,
205.0,Dalton Knecht,23.0,LAL,SF,60.0,13.0,20.4,3.4,7.2,0.465,1.6,4.5,0.363,1.7,2.7,0.634,0.578,0.9,1.1,0.761,0.5,2.5,3.0,0.9,0.4,0.1,0.5,1.2,9.2,
206.0,Miles McBride,24.0,NYK,PG,54.0,3.0,24.1,3.3,8.0,0.413,1.7,4.6,0.369,1.6,3.4,0.473,0.52,0.9,1.1,0.817,0.8,1.7,2.5,2.7,0.9,0.2,0.6,1.5,9.2,
207.0,Cam Whitmore,20.0,HOU,SF,42.0,1.0,16.7,3.4,8.1,0.422,1.2,3.7,0.327,2.2,4.4,0.503,0.497,1.1,1.5,0.738,0.7,2.4,3.1,0.9,0.6,0.3,0.9,1.0,9.2,
208.0,Jalen Wilson,24.0,BRK,PF,63.0,15.0,26.3,3.0,7.7,0.394,1.4,4.4,0.318,1.6,3.3,0.495,0.485,1.7,2.0,0.837,1.0,2.3,3.4,1.8,0.5,0.0,1.1,2.2,9.2,
209.0,Bub Carrington,19.0,WAS,PG,63.0,43.0,29.3,3.3,8.4,0.398,1.6,4.7,0.341,1.7,3.7,0.472,0.494,0.8,1.0,0.833,0.4,3.6,4.0,4.0,0.7,0.2,1.5,2.3,9.1,
210.0,Dante Exum,29.0,DAL,PG,16.0,10.0,19.7,3.3,7.2,0.461,1.2,2.8,0.432,2.1,4.4,0.479,0.543,1.3,1.8,0.714,0.3,1.4,1.7,2.9,0.7,0.2,1.1,1.9,9.1,
211.0,Dereck Lively II,20.0,DAL,C,32.0,25.0,24.0,3.9,5.5,0.701,0.0,0.0,,3.9,5.5,0.701,0.701,1.4,2.2,0.638,3.1,4.8,7.8,2.6,0.5,1.7,1.2,2.9,9.1,
212.0,Scotty Pippen Jr.,24.0,MEM,PG,64.0,17.0,20.1,3.4,7.1,0.473,0.9,2.6,0.357,2.4,4.5,0.54,0.538,1.5,2.1,0.705,0.8,2.4,3.3,4.1,1.2,0.3,1.8,2.5,9.1,
213.0,Lonnie Walker IV,26.0,PHI,SG,9.0,1.0,21.3,3.1,8.9,0.35,1.8,5.4,0.327,1.3,3.4,0.387,0.45,1.1,1.3,0.833,0.4,3.1,3.6,2.1,0.4,0.3,1.2,0.8,9.1,
214.0,Trendon Watford,24.0,BRK,PF,27.0,0.0,18.2,3.3,7.3,0.455,0.6,2.0,0.309,2.7,5.3,0.51,0.497,1.9,2.3,0.794,0.8,2.6,3.4,2.0,0.7,0.3,1.7,2.2,9.1,
215.0,Anthony Black,21.0,ORL,PG,62.0,9.0,23.9,3.1,7.5,0.412,0.7,2.3,0.299,2.4,5.2,0.463,0.458,2.0,2.7,0.746,0.6,2.1,2.7,3.1,1.0,0.5,1.8,2.2,9.0,
216.0,Killian Hayes,23.0,BRK,PG,6.0,5.0,27.0,3.0,7.2,0.419,1.3,3.5,0.381,1.7,3.7,0.455,0.512,1.7,2.0,0.833,0.8,2.2,3.0,5.2,0.7,0.7,1.5,2.2,9.0,
217.0,Max Strus,28.0,CLE,SF,35.0,22.0,24.9,3.1,7.4,0.423,2.3,6.0,0.383,0.9,1.5,0.588,0.577,0.4,0.5,0.875,1.0,3.3,4.3,3.0,0.6,0.3,1.0,2.1,9.0,
218.0,Patrick Williams,23.0,CHI,PF,46.0,35.0,25.9,3.2,8.5,0.374,1.5,4.4,0.348,1.6,4.0,0.403,0.465,1.1,1.5,0.746,0.8,3.2,4.0,2.0,0.7,0.6,1.4,1.3,9.0,
219.0,Marcus Smart,30.0,2TM,PG,26.0,6.0,20.5,2.9,7.6,0.384,1.4,4.4,0.325,1.5,3.2,0.464,0.477,1.7,2.0,0.827,0.6,1.5,2.1,3.4,1.2,0.2,1.7,1.7,8.9,
219.0,Marcus Smart,30.0,MEM,PG,19.0,6.0,21.1,2.8,7.8,0.358,1.5,4.7,0.322,1.3,3.1,0.414,0.456,1.6,1.9,0.833,0.7,1.5,2.3,3.7,1.2,0.3,1.8,1.6,8.7,
219.0,Marcus Smart,30.0,WAS,PG,7.0,0.0,19.1,3.3,7.1,0.46,1.1,3.4,0.333,2.1,3.7,0.577,0.54,1.9,2.3,0.813,0.3,1.4,1.7,2.4,1.1,0.0,1.4,2.0,9.6,
220.0,Clint Capela,30.0,ATL,C,55.0,41.0,21.4,4.0,7.1,0.559,0.0,0.0,0.0,4.0,7.1,0.56,0.559,0.9,1.8,0.536,3.2,5.4,8.5,1.1,0.6,1.0,0.9,1.9,8.9,
221.0,Wendell Carter Jr.,25.0,ORL,C,53.0,36.0,25.6,3.2,7.0,0.456,0.5,2.2,0.214,2.7,4.8,0.566,0.489,2.0,2.8,0.735,2.1,5.3,7.5,2.2,0.8,0.5,1.1,2.9,8.9,
222.0,Draymond Green,34.0,GSW,PF,51.0,49.0,28.8,3.1,7.3,0.427,1.1,3.3,0.331,2.0,3.9,0.507,0.503,1.6,2.4,0.678,1.1,5.0,6.2,5.9,1.4,1.0,2.4,3.1,8.9,
223.0,Chris Paul,39.0,SAS,PG,63.0,63.0,28.5,3.0,7.1,0.417,1.7,4.7,0.372,1.2,2.5,0.503,0.539,1.2,1.3,0.939,0.4,3.2,3.7,7.9,1.3,0.2,1.4,1.8,8.9,
224.0,Yves Missi,20.0,NOP,C,62.0,56.0,27.0,3.6,6.6,0.544,0.0,0.0,0.0,3.6,6.6,0.545,0.544,1.6,2.5,0.637,3.5,4.5,8.0,1.3,0.6,1.3,1.2,2.1,8.8,
225.0,Nick Smith Jr.,20.0,CHO,SG,45.0,24.0,22.0,3.4,9.0,0.381,1.5,4.9,0.306,1.9,4.1,0.47,0.464,0.5,0.5,0.917,0.2,1.7,2.0,2.0,0.4,0.1,1.2,1.3,8.8,
226.0,Jaime Jaquez Jr.,23.0,MIA,SF,52.0,12.0,21.7,3.2,7.1,0.445,0.5,1.8,0.292,2.6,5.3,0.498,0.482,1.8,2.4,0.766,1.2,3.3,4.5,2.5,1.0,0.2,1.5,1.4,8.7,
227.0,Kentavious Caldwell-Pope,31.0,ORL,SG,63.0,63.0,30.2,3.1,7.2,0.424,1.3,4.3,0.311,1.7,2.9,0.589,0.516,1.1,1.3,0.866,0.4,1.7,2.1,1.7,1.3,0.5,0.8,2.0,8.6,
228.0,Kevin Huerter,26.0,2TM,SG,54.0,16.0,22.0,3.1,7.9,0.398,1.7,5.3,0.317,1.5,2.6,0.564,0.505,0.5,0.8,0.707,0.5,2.3,2.8,1.8,1.0,0.3,0.9,1.7,8.5,
228.0,Kevin Huerter,26.0,SAC,SG,43.0,15.0,20.9,3.0,7.2,0.413,1.4,4.8,0.302,1.5,2.4,0.629,0.513,0.5,0.7,0.714,0.4,2.3,2.8,1.7,0.8,0.4,0.9,1.6,7.9,
228.0,Kevin Huerter,26.0,CHI,SG,11.0,1.0,26.1,3.8,10.6,0.359,2.6,7.5,0.354,1.2,3.2,0.371,0.483,0.8,1.2,0.692,0.5,2.3,2.8,2.1,1.5,0.2,1.3,2.0,11.1,
229.0,Caleb Martin,29.0,2TM,SF,34.0,24.0,29.3,3.1,7.1,0.433,1.0,2.6,0.367,2.1,4.4,0.473,0.502,1.4,2.3,0.623,1.3,2.9,4.2,2.2,1.1,0.6,1.3,2.0,8.5,
229.0,Caleb Martin,29.0,PHI,SF,31.0,24.0,30.4,3.3,7.5,0.435,1.1,2.8,0.379,2.2,4.7,0.469,0.506,1.5,2.4,0.622,1.4,3.0,4.4,2.2,1.1,0.6,1.4,2.0,9.1,
229.0,Caleb Martin,29.0,DAL,SF,3.0,0.0,17.3,1.0,2.7,0.375,0.0,1.0,0.0,1.0,1.7,0.6,0.375,0.7,1.0,0.667,0.3,2.3,2.7,2.0,1.0,0.7,0.7,1.3,2.7,
230.0,Larry Nance Jr.,32.0,ATL,PF,24.0,3.0,19.3,3.3,6.5,0.516,1.4,3.2,0.447,1.9,3.3,0.582,0.626,0.4,0.5,0.692,1.0,3.3,4.3,1.6,0.8,0.5,0.7,1.5,8.5,
231.0,Kel'el Ware,20.0,MIA,C,46.0,20.0,20.5,3.6,6.7,0.537,0.6,1.8,0.325,3.0,4.9,0.616,0.581,0.8,1.0,0.729,1.6,5.0,6.5,0.9,0.6,1.1,0.9,1.6,8.5,
232.0,Justin Edwards,21.0,PHI,SF,31.0,13.0,24.4,3.2,7.0,0.454,1.4,3.9,0.361,1.8,3.1,0.573,0.555,0.6,0.9,0.704,1.0,2.1,3.1,1.4,0.8,0.3,0.9,2.3,8.4,
233.0,Kyshawn George,21.0,WAS,SG,57.0,27.0,27.0,2.9,7.9,0.361,1.7,5.3,0.315,1.2,2.6,0.453,0.466,1.0,1.3,0.763,0.7,3.4,4.2,2.5,0.9,0.8,1.5,3.0,8.4,
234.0,Jaylen Nowell,25.0,NOP,SG,8.0,0.0,21.0,3.3,9.1,0.356,1.0,3.4,0.296,2.3,5.8,0.391,0.411,0.9,1.4,0.636,0.8,1.8,2.5,2.3,0.1,0.5,1.0,1.1,8.4,
235.0,Dorian Finney-Smith,31.0,2TM,PF,47.0,31.0,28.3,3.0,6.7,0.443,1.8,4.7,0.393,1.1,2.1,0.557,0.579,0.5,0.7,0.667,1.4,2.6,4.0,1.3,0.9,0.3,0.9,2.2,8.3,
235.0,Dorian Finney-Smith,31.0,BRK,PF,20.0,20.0,29.0,3.7,8.0,0.459,2.4,5.4,0.435,1.3,2.6,0.51,0.607,0.8,1.2,0.625,1.6,3.0,4.6,1.6,0.9,0.6,0.9,2.7,10.4,
235.0,Dorian Finney-Smith,31.0,LAL,PF,27.0,11.0,27.7,2.5,5.8,0.427,1.4,4.1,0.351,1.0,1.7,0.609,0.551,0.3,0.3,0.778,1.3,2.3,3.6,1.1,1.0,0.1,0.9,1.9,6.7,
236.0,Jusuf Nurkić,30.0,2TM,C,34.0,27.0,22.1,2.9,6.4,0.454,0.6,2.3,0.269,2.3,4.1,0.557,0.502,1.8,2.7,0.681,1.9,6.9,8.8,2.3,1.0,0.7,2.1,2.9,8.3,
236.0,Jusuf Nurkić,30.0,PHO,C,25.0,23.0,23.7,3.0,6.5,0.454,0.8,2.4,0.322,2.2,4.2,0.529,0.512,1.9,2.8,0.696,1.8,7.3,9.2,1.9,0.9,0.6,2.3,3.1,8.6,
236.0,Jusuf Nurkić,30.0,CHO,C,9.0,4.0,17.9,2.8,6.1,0.455,0.2,2.1,0.105,2.6,4.0,0.639,0.473,1.6,2.4,0.636,2.1,5.7,7.8,3.3,1.1,0.9,1.4,2.1,7.3,
237.0,Mike Conley,37.0,MIN,PG,56.0,50.0,24.8,2.6,6.8,0.389,1.8,4.6,0.404,0.8,2.2,0.358,0.525,1.2,1.3,0.919,0.5,2.1,2.6,4.5,1.2,0.2,1.1,1.6,8.3,
238.0,Kyle Filipowski,21.0,UTA,C,55.0,14.0,19.4,3.1,6.0,0.518,0.9,2.5,0.385,2.2,3.5,0.61,0.597,1.1,1.8,0.624,1.3,4.0,5.3,1.9,0.6,0.2,1.3,2.2,8.3,
239.0,Al Horford,38.0,BOS,C,50.0,34.0,27.2,3.0,7.2,0.418,1.8,4.9,0.358,1.3,2.3,0.548,0.54,0.5,0.6,0.893,1.2,4.6,5.8,1.9,0.6,0.9,0.7,1.4,8.3,
240.0,Tyrese Martin,25.0,BRK,SG,46.0,6.0,21.1,3.0,7.5,0.405,1.6,4.5,0.346,1.5,2.9,0.496,0.51,0.7,1.0,0.773,1.0,2.6,3.6,1.6,0.5,0.2,1.2,1.1,8.3,
241.0,Quinten Post,24.0,GSW,PF,27.0,10.0,16.1,3.1,6.7,0.456,1.7,4.0,0.417,1.4,2.7,0.514,0.58,0.5,0.6,0.824,1.0,2.9,3.9,1.5,0.4,0.5,0.8,2.1,8.3,
242.0,Jalen Smith,24.0,CHI,C,56.0,1.0,15.3,3.0,6.4,0.466,1.2,3.6,0.34,1.8,2.8,0.628,0.562,1.2,1.4,0.823,1.4,4.2,5.6,1.0,0.3,0.7,0.6,1.6,8.3,
243.0,Brandon Clarke,28.0,MEM,PF,59.0,18.0,19.1,3.6,5.9,0.614,0.0,0.3,0.059,3.6,5.6,0.643,0.616,0.9,1.3,0.696,2.0,3.2,5.2,1.0,0.8,0.6,0.6,2.3,8.2,
244.0,Keon Ellis,25.0,SAC,SG,62.0,14.0,23.0,2.8,5.8,0.478,1.7,3.9,0.43,1.1,1.8,0.579,0.624,0.9,1.0,0.859,0.8,1.8,2.6,1.3,1.5,0.8,0.8,2.0,8.1,
245.0,GG Jackson II,20.0,MEM,PF,22.0,1.0,16.7,2.9,7.1,0.401,1.2,3.6,0.342,1.6,3.5,0.462,0.487,1.2,1.6,0.722,1.0,2.1,3.1,1.1,0.4,0.2,1.3,1.1,8.1,
246.0,Kelly Olynyk,33.0,2TM,C,33.0,11.0,18.5,2.8,5.7,0.487,0.8,1.9,0.413,2.0,3.8,0.524,0.556,1.7,2.2,0.775,1.3,3.4,4.7,2.6,0.6,0.4,1.5,2.6,8.0,
246.0,Kelly Olynyk,33.0,TOR,C,24.0,2.0,16.0,2.5,4.9,0.5,0.8,1.8,0.442,1.7,3.1,0.533,0.581,1.4,1.8,0.791,1.0,2.7,3.7,2.3,0.7,0.3,1.5,2.5,7.1,
246.0,Kelly Olynyk,33.0,NOP,C,9.0,9.0,25.3,3.6,7.7,0.464,0.8,2.2,0.35,2.8,5.4,0.51,0.514,2.3,3.1,0.75,2.0,5.2,7.2,3.4,0.6,0.6,1.8,2.9,10.2,
247.0,Dalano Banton,25.0,POR,PG,52.0,0.0,15.1,2.8,6.8,0.415,1.1,3.0,0.361,1.8,3.8,0.457,0.494,1.3,1.8,0.71,0.4,1.5,1.9,2.1,0.6,0.4,1.2,0.8,8.0,
248.0,Damion Baugh,24.0,CHO,SG,10.0,1.0,25.4,3.1,8.9,0.348,0.9,4.1,0.22,2.2,4.8,0.458,0.399,0.9,1.1,0.818,0.7,1.8,2.5,3.8,1.3,0.1,1.8,1.6,8.0,
249.0,Jaden Hardy,22.0,DAL,SG,46.0,3.0,15.2,2.9,6.8,0.428,1.3,3.3,0.384,1.7,3.5,0.469,0.521,0.9,1.3,0.672,0.2,1.4,1.5,1.4,0.5,0.1,1.4,1.5,8.0,
250.0,Day'Ron Sharpe,23.0,BRK,C,42.0,1.0,17.7,3.3,6.3,0.519,0.2,0.9,0.256,3.0,5.4,0.564,0.538,1.3,1.7,0.771,3.0,3.4,6.4,1.7,0.8,0.8,1.3,2.4,8.0,
251.0,Peyton Watson,22.0,DEN,SF,52.0,12.0,23.6,2.9,6.1,0.478,0.8,2.0,0.371,2.2,4.1,0.531,0.54,1.5,2.0,0.738,0.8,2.5,3.3,1.4,0.8,1.2,0.9,1.7,8.0,
252.0,Goga Bitadze,25.0,ORL,C,55.0,41.0,22.2,3.3,5.3,0.624,0.1,0.4,0.13,3.2,4.9,0.667,0.629,1.3,2.0,0.633,2.5,4.7,7.2,2.0,0.7,1.6,1.2,2.2,7.9,
253.0,Johnny Juzang,23.0,UTA,SG,48.0,12.0,18.2,2.7,6.5,0.423,1.7,4.5,0.372,1.1,2.0,0.537,0.552,0.7,0.9,0.814,0.6,2.2,2.8,0.9,0.5,0.1,0.5,1.9,7.9,
254.0,Taurean Prince,30.0,MIL,SF,62.0,55.0,26.5,2.8,6.3,0.448,1.9,4.2,0.448,1.0,2.1,0.447,0.596,0.4,0.5,0.839,0.5,3.3,3.7,2.0,0.8,0.1,1.0,2.0,7.9,
255.0,Sam Hauser,27.0,BOS,PF,55.0,13.0,20.8,2.8,6.3,0.441,2.1,5.3,0.401,0.6,0.9,0.667,0.612,0.1,0.1,1.0,0.7,2.4,3.1,0.9,0.6,0.2,0.3,1.2,7.8,
256.0,Cody Martin,29.0,CHO,SF,39.0,8.0,24.8,3.0,6.9,0.433,1.0,3.2,0.323,1.9,3.7,0.528,0.507,0.9,1.3,0.694,1.0,3.5,4.5,2.3,1.1,0.7,1.1,1.8,7.8,
257.0,Cason Wallace,21.0,OKC,SG,56.0,36.0,27.3,3.2,7.0,0.454,1.1,3.2,0.339,2.1,3.8,0.549,0.531,0.4,0.5,0.846,1.1,2.4,3.4,2.5,1.7,0.5,0.8,2.3,7.8,
258.0,Ja'Kobe Walter,20.0,TOR,SG,44.0,11.0,20.0,2.8,7.0,0.405,1.0,3.2,0.312,1.8,3.8,0.482,0.476,1.1,1.5,0.746,1.0,1.9,2.9,1.3,0.7,0.2,0.9,1.8,7.8,
259.0,Vince Williams Jr.,24.0,MEM,SG,14.0,2.0,18.6,2.9,7.1,0.414,1.0,3.6,0.275,1.9,3.4,0.563,0.485,0.9,1.3,0.722,1.1,2.6,3.7,2.0,0.6,0.2,1.4,1.8,7.8,
260.0,Lonzo Ball,27.0,CHI,PG,35.0,14.0,22.2,2.5,6.9,0.366,1.9,5.6,0.344,0.6,1.4,0.458,0.504,0.6,0.8,0.815,0.7,2.7,3.4,3.3,1.3,0.5,1.2,1.6,7.6,
261.0,Tristan Da Silva,23.0,ORL,SF,62.0,35.0,23.1,2.8,6.7,0.421,1.1,3.4,0.333,1.7,3.3,0.51,0.505,0.8,1.0,0.864,1.1,2.4,3.5,1.6,0.5,0.2,0.8,1.4,7.6,
262.0,A.J. Green,25.0,MIL,SG,56.0,6.0,22.8,2.6,6.0,0.427,2.2,5.1,0.42,0.4,0.9,0.469,0.607,0.3,0.4,0.905,0.2,2.1,2.3,1.3,0.6,0.1,0.5,2.2,7.6,
263.0,Garrison Mathews,28.0,ATL,SG,44.0,2.0,17.6,2.2,5.5,0.397,1.8,4.7,0.39,0.4,0.8,0.432,0.562,1.4,1.8,0.818,0.3,1.5,1.8,1.3,0.6,0.3,0.7,1.8,7.6,
264.0,Bol Bol,25.0,PHO,PF,29.0,10.0,13.9,3.0,5.7,0.518,1.0,2.9,0.329,2.0,2.8,0.716,0.602,0.6,0.8,0.75,0.6,2.7,3.3,0.6,0.2,0.8,0.6,0.6,7.5,
265.0,Justin Champagnie,23.0,WAS,SF,44.0,15.0,18.3,2.8,5.7,0.498,1.0,2.8,0.372,1.8,3.0,0.615,0.588,0.8,1.1,0.714,1.5,3.1,4.6,0.9,0.9,0.7,0.9,1.7,7.5,
266.0,Isaiah Collier,20.0,UTA,PG,57.0,32.0,24.7,2.9,7.2,0.408,0.5,2.3,0.233,2.4,4.9,0.489,0.445,1.2,1.8,0.653,0.4,2.7,3.1,6.2,0.9,0.2,2.9,2.2,7.5,
267.0,Richaun Holmes,31.0,WAS,PF,24.0,7.0,17.9,3.0,4.4,0.67,0.0,0.1,0.0,3.0,4.3,0.689,0.67,1.6,2.0,0.83,1.9,3.9,5.8,1.5,0.3,0.8,0.8,1.6,7.5,
268.0,Andre Drummond,31.0,PHI,C,39.0,22.0,18.6,2.9,5.8,0.504,0.1,0.5,0.158,2.9,5.4,0.536,0.511,1.4,2.3,0.622,2.7,5.1,7.8,0.8,1.0,0.4,1.4,2.4,7.4,
269.0,Bruce Brown,28.0,2TM,PG,28.0,1.0,20.6,2.7,6.9,0.394,0.5,1.8,0.255,2.3,5.1,0.444,0.427,1.4,1.6,0.844,1.0,2.8,3.8,1.7,1.0,0.1,0.9,1.6,7.3,
269.0,Bruce Brown,28.0,TOR,PG,18.0,0.0,19.6,3.2,7.3,0.435,0.6,2.0,0.306,2.6,5.3,0.484,0.477,1.4,1.6,0.897,0.9,2.8,3.8,1.6,0.9,0.2,1.1,1.4,8.4,
269.0,Bruce Brown,28.0,NOP,PG,10.0,1.0,22.4,1.9,6.2,0.306,0.2,1.5,0.133,1.7,4.7,0.362,0.323,1.2,1.6,0.75,1.0,2.7,3.7,1.9,1.1,0.0,0.7,2.0,5.2,
270.0,Vasilije Micić,31.0,2TM,PG,37.0,16.0,20.7,2.6,7.4,0.348,1.2,3.4,0.36,1.4,4.0,0.338,0.43,0.9,1.1,0.829,0.5,1.8,2.4,3.4,0.4,0.0,2.0,1.2,7.3,
270.0,Vasilije Micić,31.0,CHO,PG,36.0,16.0,21.2,2.6,7.6,0.348,1.3,3.5,0.36,1.4,4.1,0.338,0.43,0.9,1.1,0.829,0.6,1.9,2.4,3.5,0.4,0.0,2.1,1.2,7.5,
270.0,Vasilije Micić,31.0,PHO,PG,1.0,0.0,2.0,0.0,0.0,,0.0,0.0,,0.0,0.0,,,0.0,0.0,,0.0,0.0,0.0,0.0,0.0,0.0,0.0,0.0,0.0,
271.0,Josh Green,24.0,CHO,SG,58.0,57.0,28.6,2.6,6.1,0.423,1.4,3.6,0.386,1.2,2.5,0.476,0.537,0.7,1.1,0.661,0.9,1.8,2.7,1.6,1.1,0.2,1.0,2.5,7.3,
272.0,Matas Buzelis,20.0,CHI,SF,63.0,14.0,17.0,2.7,6.2,0.436,1.0,2.9,0.326,1.7,3.2,0.534,0.513,0.9,1.1,0.841,0.7,2.4,3.1,0.8,0.3,0.9,0.8,1.6,7.2,
273.0,Jordan Goodwin,26.0,LAL,PG,10.0,0.0,17.5,2.9,5.4,0.537,1.2,2.5,0.48,1.7,2.9,0.586,0.648,0.2,0.3,0.667,1.5,2.6,4.1,0.8,1.2,0.2,1.0,1.5,7.2,
274.0,Bones Hyland,24.0,LAC,PG,20.0,0.0,11.1,2.3,5.8,0.391,1.6,4.0,0.388,0.7,1.8,0.4,0.526,1.2,1.3,0.885,0.3,1.0,1.2,1.4,0.9,0.2,1.2,1.3,7.2,
275.0,Trayce Jackson-Davis,24.0,GSW,C,52.0,37.0,17.6,3.1,5.4,0.573,0.0,0.0,0.0,3.1,5.4,0.575,0.573,1.0,1.7,0.591,2.1,3.4,5.6,1.9,0.4,0.7,0.8,1.3,7.2,
276.0,Sam Merrill,28.0,CLE,SG,55.0,2.0,19.2,2.4,5.9,0.406,1.9,5.1,0.374,0.5,0.8,0.619,0.568,0.5,0.5,0.964,0.5,1.5,2.0,1.4,0.7,0.2,0.4,1.8,7.2,
277.0,Jared Butler,24.0,2TM,SG,42.0,2.0,12.5,2.7,5.8,0.471,0.6,1.7,0.347,2.1,4.0,0.524,0.523,1.1,1.4,0.793,0.4,1.1,1.5,2.9,0.4,0.2,1.0,1.2,7.1,
277.0,Jared Butler,24.0,WAS,PG,32.0,0.0,11.3,2.7,5.5,0.483,0.5,1.3,0.366,2.2,4.2,0.519,0.526,1.1,1.4,0.778,0.4,0.8,1.3,2.6,0.4,0.2,0.9,1.3,6.9,
277.0,Jared Butler,24.0,PHI,SG,10.0,2.0,16.4,2.9,6.6,0.439,1.0,3.1,0.323,1.9,3.5,0.543,0.515,1.1,1.3,0.846,0.4,2.0,2.4,4.0,0.4,0.3,1.5,1.2,7.9,
278.0,Jay Huff,26.0,MEM,C,51.0,2.0,12.1,2.5,4.9,0.516,1.4,3.3,0.419,1.1,1.6,0.716,0.657,0.7,0.9,0.771,0.5,1.6,2.1,0.6,0.2,0.9,0.6,1.3,7.1,
279.0,KJ Simpson,22.0,CHO,PG,23.0,4.0,20.4,2.6,7.7,0.335,0.7,3.2,0.216,1.9,4.4,0.422,0.381,1.3,1.6,0.811,1.2,1.7,2.9,2.6,0.8,0.2,1.4,1.5,7.1,
280.0,Davion Mitchell,26.0,2TM,PG,57.0,35.0,26.2,2.7,5.9,0.455,1.1,2.8,0.382,1.6,3.1,0.52,0.545,0.6,0.9,0.66,0.4,1.6,2.0,4.7,0.8,0.2,1.7,2.5,7.0,
280.0,Davion Mitchell,26.0,TOR,PG,44.0,22.0,24.5,2.4,5.5,0.434,1.0,2.7,0.359,1.5,2.9,0.504,0.52,0.6,0.8,0.676,0.4,1.6,1.9,4.6,0.7,0.2,1.8,2.6,6.3,
280.0,Davion Mitchell,26.0,MIA,PG,13.0,13.0,31.9,3.5,6.9,0.511,1.4,3.1,0.45,2.2,3.8,0.56,0.611,0.6,1.0,0.615,0.6,1.6,2.2,5.1,1.0,0.2,1.5,2.1,9.1,
281.0,Isaiah Jackson,23.0,IND,C,5.0,1.0,16.8,2.8,4.6,0.609,0.0,0.0,,2.8,4.6,0.609,0.609,1.4,2.8,0.5,2.2,3.4,5.6,1.0,0.6,1.6,1.0,2.8,7.0,
282.0,Josh Okogie,26.0,2TM,SG,32.0,2.0,15.6,2.5,5.2,0.473,0.8,2.0,0.385,1.7,3.2,0.529,0.548,1.2,1.6,0.725,1.3,1.7,3.0,0.8,1.3,0.5,0.8,1.2,6.9,
282.0,Josh Okogie,26.0,PHO,SG,25.0,1.0,14.0,2.2,4.6,0.491,0.6,1.7,0.381,1.6,2.9,0.556,0.561,0.9,1.3,0.688,1.3,1.6,2.9,0.6,0.8,0.4,0.6,1.1,6.0,
282.0,Josh Okogie,26.0,CHO,SG,7.0,1.0,21.3,3.3,7.6,0.434,1.3,3.3,0.391,2.0,4.3,0.467,0.519,2.1,2.7,0.789,1.3,2.1,3.4,1.4,2.7,0.7,1.3,1.6,10.0,
283.0,Terance Mann,28.0,2TM,SG,50.0,12.0,20.6,2.7,5.6,0.48,0.9,2.2,0.384,1.8,3.4,0.544,0.557,0.7,1.0,0.647,1.0,1.9,3.0,1.8,0.7,0.3,0.7,1.9,6.9,
283.0,Terance Mann,28.0,LAC,SG,37.0,12.0,19.8,2.4,5.3,0.446,0.7,2.0,0.347,1.6,3.2,0.508,0.513,0.6,0.9,0.719,0.9,2.0,2.9,1.6,0.8,0.3,0.7,1.8,6.0,
283.0,Terance Mann,28.0,ATL,SG,13.0,0.0,22.8,3.7,6.6,0.558,1.3,2.8,0.459,2.4,3.8,0.633,0.657,0.8,1.5,0.526,1.5,1.7,3.2,2.5,0.5,0.2,0.9,2.2,9.5,
284.0,Precious Achiuwa,25.0,NYK,C,41.0,8.0,21.9,2.9,5.6,0.524,0.2,0.7,0.3,2.7,4.9,0.558,0.544,0.8,1.2,0.627,2.1,3.9,6.0,1.1,0.9,0.8,0.8,1.5,6.9,
285.0,Vit Krejci,24.0,ATL,PG,40.0,15.0,20.7,2.5,5.5,0.448,1.5,3.8,0.384,1.0,1.8,0.586,0.579,0.5,0.8,0.667,0.4,2.3,2.7,2.7,0.7,0.5,0.9,2.0,6.9,
286.0,A.J. Lawson,24.0,TOR,SG,10.0,2.0,14.9,2.2,6.1,0.361,1.4,3.9,0.359,0.8,2.2,0.364,0.475,1.1,1.8,0.611,0.8,1.6,2.4,0.4,0.3,0.2,0.2,1.5,6.9,
287.0,Cameron Payne,30.0,NYK,PG,58.0,1.0,14.2,2.4,5.9,0.412,1.3,3.6,0.369,1.1,2.4,0.475,0.522,0.7,0.8,0.891,0.2,1.2,1.4,2.7,0.6,0.2,0.7,1.6,6.9,
288.0,Thomas Bryant,27.0,2TM,C,47.0,5.0,15.0,2.6,5.0,0.519,0.8,2.2,0.356,1.8,2.8,0.647,0.597,0.8,0.9,0.841,1.5,2.6,4.1,1.0,0.4,0.6,0.5,1.1,6.8,
288.0,Thomas Bryant,27.0,MIA,C,10.0,0.0,11.5,1.2,2.8,0.429,0.6,1.7,0.353,0.6,1.1,0.545,0.536,1.1,1.1,1.0,0.6,2.6,3.2,0.4,0.1,0.9,0.2,0.9,4.1,
288.0,Thomas Bryant,27.0,IND,C,37.0,5.0,15.9,3.0,5.6,0.531,0.8,2.4,0.356,2.2,3.3,0.656,0.605,0.7,0.9,0.788,1.7,2.6,4.3,1.2,0.5,0.5,0.6,1.2,7.5,
289.0,KJ Martin,24.0,2TM,PF,35.0,15.0,21.5,2.7,4.6,0.594,0.4,1.2,0.341,2.3,3.4,0.681,0.638,0.9,1.2,0.767,0.8,2.4,3.2,0.9,0.4,0.6,0.6,2.5,6.8,
289.0,KJ Martin,24.0,PHI,PF,24.0,7.0,20.0,2.5,4.1,0.616,0.3,0.9,0.381,2.2,3.3,0.679,0.657,1.0,1.2,0.828,0.9,2.1,3.0,0.8,0.5,0.7,0.5,2.6,6.4,
289.0,KJ Martin,24.0,UTA,SF,11.0,8.0,24.7,3.1,5.5,0.557,0.5,1.8,0.3,2.5,3.7,0.683,0.607,0.8,1.3,0.643,0.7,2.9,3.6,1.3,0.4,0.5,0.8,2.2,7.5,
290.0,Eric Gordon,36.0,PHI,SG,39.0,13.0,19.7,2.2,5.2,0.426,1.4,3.5,0.409,0.8,1.7,0.463,0.564,0.9,1.2,0.75,0.2,1.0,1.2,1.7,0.7,0.3,0.7,0.8,6.8,
291.0,Jake LaRavia,23.0,2TM,PF,59.0,0.0,20.3,2.3,5.0,0.466,0.8,2.0,0.417,1.5,3.0,0.5,0.551,1.2,1.8,0.673,1.5,2.7,4.1,2.5,0.9,0.4,1.4,1.9,6.7,
291.0,Jake LaRavia,23.0,MEM,PF,47.0,0.0,20.9,2.5,5.1,0.49,0.9,1.9,0.444,1.7,3.2,0.517,0.573,1.4,2.0,0.698,1.4,2.9,4.4,2.8,0.9,0.4,1.5,2.0,7.3,
291.0,Jake LaRavia,23.0,SAC,PF,12.0,0.0,18.2,1.7,4.6,0.364,0.8,2.5,0.333,0.8,2.1,0.4,0.455,0.3,0.7,0.375,1.6,1.6,3.2,1.4,0.8,0.2,0.9,1.9,4.4,
292.0,Haywood Highsmith,28.0,MIA,SF,57.0,39.0,24.4,2.5,5.2,0.478,1.2,3.0,0.401,1.3,2.2,0.585,0.595,0.5,0.6,0.75,0.9,2.3,3.2,1.4,0.9,0.6,0.7,2.2,6.6,
293.0,Alex Caruso,30.0,OKC,SG,42.0,1.0,19.0,2.5,5.6,0.439,1.1,3.2,0.353,1.3,2.4,0.554,0.54,0.5,0.5,0.826,0.7,2.0,2.7,2.5,1.6,0.5,0.7,1.8,6.5,
294.0,Mouhamed Gueye,22.0,ATL,PF,17.0,13.0,16.3,2.5,5.8,0.429,0.7,2.9,0.245,1.8,2.9,0.612,0.49,0.8,1.0,0.824,0.8,2.5,3.4,0.8,1.0,1.1,0.5,1.6,6.5,
295.0,Zach Collins,27.0,2TM,PF,47.0,12.0,14.9,2.3,4.7,0.5,0.5,1.7,0.313,1.8,3.0,0.607,0.557,1.2,1.4,0.875,1.5,2.7,4.1,1.7,0.5,0.4,0.8,2.1,6.4,
295.0,Zach Collins,27.0,SAS,C,36.0,4.0,11.8,1.7,3.7,0.462,0.4,1.3,0.304,1.3,2.4,0.547,0.515,0.9,1.0,0.886,1.1,1.8,2.8,1.4,0.4,0.4,0.6,1.9,4.6,
295.0,Zach Collins,27.0,CHI,PF,11.0,8.0,25.0,4.5,8.0,0.557,1.0,3.1,0.324,3.5,4.9,0.704,0.619,2.3,2.6,0.862,2.9,5.6,8.5,2.7,0.9,0.5,1.3,2.5,12.2,
296.0,Alec Burks,33.0,MIA,SG,36.0,4.0,17.7,2.0,4.9,0.407,1.5,3.6,0.419,0.5,1.3,0.375,0.559,0.9,1.1,0.756,0.4,2.3,2.7,1.1,0.6,0.2,0.4,0.7,6.4,
297.0,Jaxson Hayes,24.0,LAL,C,40.0,19.0,19.2,2.6,3.7,0.714,0.0,0.1,0.0,2.6,3.6,0.724,0.714,1.2,1.6,0.734,1.4,3.2,4.6,1.1,0.6,1.0,0.8,2.3,6.4,
298.0,Ajay Mitchell,22.0,OKC,SG,34.0,1.0,16.5,2.5,4.9,0.506,0.6,1.5,0.431,1.8,3.4,0.539,0.572,0.8,1.0,0.848,0.5,1.5,2.0,1.7,0.7,0.1,0.8,1.7,6.4,
299.0,Ben Simmons,28.0,2TM,PG,38.0,24.0,24.5,2.8,5.1,0.552,0.0,0.0,,2.8,5.1,0.552,0.552,0.6,0.9,0.727,0.9,4.3,5.2,6.7,0.9,0.5,2.4,2.4,6.3,
299.0,Ben Simmons,28.0,BRK,PG,33.0,24.0,25.0,2.8,5.2,0.547,0.0,0.0,,2.8,5.2,0.547,0.547,0.5,0.8,0.692,0.9,4.3,5.2,6.9,0.8,0.5,2.7,2.5,6.2,
299.0,Ben Simmons,28.0,LAC,PG,5.0,0.0,21.2,2.8,4.8,0.583,0.0,0.0,,2.8,4.8,0.583,0.583,1.2,1.4,0.857,1.2,4.0,5.2,5.0,1.4,0.6,0.4,2.2,6.8,
300.0,Ricky Council IV,23.0,PHI,SF,55.0,4.0,14.4,2.1,5.3,0.408,0.7,2.4,0.29,1.5,2.9,0.506,0.474,1.3,1.6,0.826,0.6,1.6,2.2,1.2,0.5,0.1,0.5,0.8,6.3,
301.0,Ron Holland,19.0,DET,SF,65.0,1.0,15.5,2.3,5.1,0.456,0.4,2.0,0.228,1.9,3.1,0.598,0.5,1.1,1.4,0.791,0.5,2.1,2.6,0.9,0.6,0.1,0.8,1.7,6.2,
302.0,Gary Payton II,32.0,GSW,SG,52.0,10.0,14.2,2.6,4.6,0.571,0.4,1.4,0.284,2.2,3.2,0.699,0.615,0.5,0.7,0.73,0.9,2.0,2.9,1.3,0.7,0.3,0.6,1.8,6.2,
303.0,Jamal Shead,22.0,TOR,PG,59.0,2.0,18.0,2.4,5.8,0.419,0.8,2.5,0.329,1.6,3.3,0.487,0.49,0.5,0.7,0.756,0.4,1.0,1.3,3.7,0.5,0.1,1.5,2.1,6.2,
304.0,Dru Smith,27.0,MIA,SG,14.0,1.0,19.1,2.2,4.4,0.508,1.1,2.1,0.533,1.1,2.2,0.484,0.639,0.6,0.9,0.75,0.9,1.7,2.6,1.6,1.5,0.4,1.2,2.1,6.2,
305.0,Bismack Biyombo,32.0,SAS,C,12.0,11.0,17.7,2.8,4.2,0.68,0.0,0.0,,2.8,4.2,0.68,0.68,0.4,1.3,0.333,1.6,3.8,5.3,1.1,0.6,0.9,0.8,1.8,6.1,
306.0,Seth Curry,34.0,CHO,SG,53.0,9.0,14.6,2.2,4.8,0.467,1.2,2.7,0.447,1.1,2.2,0.491,0.59,0.4,0.5,0.8,0.4,1.2,1.7,0.7,0.4,0.1,0.4,0.9,6.1,
307.0,Kris Dunn,30.0,LAC,PG,57.0,41.0,23.9,2.5,5.9,0.43,0.9,3.0,0.304,1.6,2.9,0.561,0.507,0.2,0.3,0.563,0.8,2.7,3.5,3.1,1.8,0.4,1.1,2.6,6.1,
308.0,Ben Sheppard,23.0,IND,SG,49.0,9.0,20.3,2.2,5.0,0.441,1.2,3.4,0.365,1.0,1.6,0.603,0.565,0.4,0.5,0.913,0.7,2.0,2.7,1.3,0.6,0.2,0.3,2.1,6.1,
309.0,Tristan Vukcevic,21.0,WAS,C,21.0,0.0,10.0,2.2,4.6,0.474,0.7,2.3,0.306,1.5,2.3,0.646,0.552,1.0,1.3,0.778,0.7,2.2,2.9,0.9,0.3,0.4,0.8,1.3,6.1,
310.0,Tre Jones,25.0,2TM,PG,41.0,4.0,18.0,2.3,4.5,0.511,0.3,1.0,0.35,2.0,3.6,0.555,0.548,1.1,1.3,0.815,0.6,1.7,2.3,3.7,0.7,0.2,0.7,1.1,6.0,
310.0,Tre Jones,25.0,SAS,PG,28.0,0.0,16.1,1.6,3.3,0.484,0.3,0.9,0.308,1.3,2.4,0.552,0.527,0.9,1.2,0.758,0.5,1.5,2.1,3.7,0.6,0.2,0.8,1.2,4.4,
310.0,Tre Jones,25.0,CHI,PG,13.0,4.0,22.0,3.8,7.2,0.538,0.5,1.1,0.429,3.4,6.1,0.557,0.57,1.5,1.6,0.905,0.8,2.0,2.8,3.7,0.8,0.3,0.5,1.1,9.6,
311.0,Donovan Clingan,20.0,POR,C,52.0,22.0,17.5,2.5,4.5,0.554,0.2,0.6,0.276,2.3,3.9,0.593,0.571,0.9,1.4,0.616,2.8,4.3,7.1,1.0,0.5,1.6,1.2,2.7,6.0,
312.0,Simone Fontecchio,29.0,DET,SF,58.0,0.0,17.1,2.0,5.1,0.384,1.0,3.1,0.317,1.0,2.0,0.487,0.48,1.1,1.3,0.816,0.7,2.3,3.0,0.9,0.4,0.2,0.8,1.3,6.0,
313.0,Trey Lyles,29.0,SAC,PF,53.0,2.0,18.1,2.1,5.2,0.402,1.2,3.4,0.339,0.9,1.8,0.521,0.513,0.7,1.0,0.679,1.1,3.3,4.4,1.1,0.5,0.4,0.5,1.2,6.0,
314.0,James Wiseman,23.0,IND,C,1.0,0.0,5.0,2.0,4.0,0.5,0.0,1.0,0.0,2.0,3.0,0.667,0.5,2.0,2.0,1.0,0.0,1.0,1.0,0.0,0.0,0.0,0.0,0.0,6.0,
315.0,Isaiah Wong,24.0,CHO,SG,20.0,0.0,13.3,2.1,5.3,0.39,0.7,1.7,0.394,1.4,3.6,0.389,0.452,1.3,1.7,0.735,0.7,0.9,1.6,1.4,0.6,0.0,0.9,1.1,6.0,
316.0,Marcus Sasser,24.0,DET,PG,47.0,0.0,13.5,2.2,4.7,0.464,0.9,2.5,0.368,1.3,2.2,0.571,0.561,0.6,0.7,0.839,0.3,0.8,1.1,2.2,0.6,0.1,0.9,1.3,5.9,
317.0,Gabe Vincent,28.0,LAL,PG,55.0,9.0,20.9,2.2,5.5,0.397,1.3,3.9,0.341,0.9,1.6,0.534,0.518,0.2,0.3,0.688,0.2,0.9,1.2,1.5,0.7,0.2,0.6,2.1,5.9,
318.0,Moses Brown,25.0,2TM,C,13.0,2.0,9.2,2.6,3.8,0.694,0.0,0.0,,2.6,3.8,0.694,0.694,0.6,0.8,0.727,0.9,2.5,3.4,0.2,0.5,0.3,0.8,1.3,5.8,
318.0,Moses Brown,25.0,IND,C,9.0,0.0,5.1,1.4,2.2,0.65,0.0,0.0,,1.4,2.2,0.65,0.65,0.3,0.6,0.6,0.4,1.0,1.4,0.0,0.2,0.1,0.7,0.7,3.2,
318.0,Moses Brown,25.0,DAL,C,4.0,2.0,18.3,5.3,7.3,0.724,0.0,0.0,,5.3,7.3,0.724,0.724,1.3,1.5,0.833,2.0,5.8,7.8,0.5,1.0,0.8,1.3,2.8,11.8,
319.0,Shake Milton,28.0,2TM,SG,47.0,1.0,15.1,2.1,4.5,0.467,0.8,2.0,0.375,1.3,2.4,0.544,0.552,0.9,1.1,0.8,0.5,1.3,1.8,1.9,0.4,0.1,0.7,1.2,5.8,
319.0,Shake Milton,28.0,BRK,SG,27.0,1.0,18.2,2.7,5.8,0.465,1.0,2.7,0.389,1.7,3.1,0.529,0.554,0.9,1.2,0.758,0.6,1.3,1.9,2.4,0.6,0.0,0.7,1.6,7.4,
319.0,Shake Milton,28.0,LAL,SG,20.0,0.0,11.0,1.3,2.7,0.472,0.4,1.2,0.333,0.9,1.5,0.586,0.547,0.8,0.9,0.882,0.4,1.4,1.8,1.4,0.3,0.1,0.7,0.7,3.7,
320.0,Javonte Green,31.0,2TM,SG,53.0,18.0,21.1,2.0,4.4,0.459,0.8,2.1,0.363,1.2,2.3,0.55,0.547,1.0,1.3,0.739,0.9,2.6,3.5,0.9,1.0,0.6,0.5,1.5,5.8,
320.0,Javonte Green,31.0,NOP,SG,50.0,18.0,21.8,2.0,4.5,0.446,0.8,2.2,0.352,1.2,2.3,0.534,0.531,1.0,1.3,0.758,1.0,2.6,3.6,0.9,1.1,0.6,0.6,1.5,5.8,
320.0,Javonte Green,31.0,CLE,SG,3.0,0.0,9.0,2.3,3.0,0.778,1.0,1.7,0.6,1.3,1.3,1.0,0.944,0.3,1.0,0.333,0.3,2.7,3.0,0.7,0.0,0.0,0.3,0.7,6.0,
321.0,Ryan Dunn,22.0,PHO,SF,57.0,28.0,17.0,2.4,5.5,0.431,0.9,2.9,0.301,1.5,2.5,0.579,0.511,0.2,0.4,0.44,0.9,2.1,3.1,0.8,0.4,0.5,0.4,2.1,5.8,
322.0,Isaiah Stewart,23.0,DET,C,59.0,3.0,19.8,2.3,4.3,0.539,0.2,0.7,0.286,2.1,3.6,0.589,0.563,0.9,1.3,0.747,1.9,3.7,5.6,1.6,0.3,1.4,1.0,2.5,5.8,
323.0,Brandon Williams,25.0,DAL,PG,23.0,1.0,11.5,2.0,4.2,0.49,0.7,1.7,0.395,1.4,2.5,0.552,0.568,1.0,1.3,0.828,0.2,1.2,1.3,1.8,0.5,0.1,0.8,0.7,5.8,
324.0,Robert Williams,27.0,POR,C,20.0,3.0,17.6,2.5,3.9,0.641,0.1,0.2,0.333,2.5,3.8,0.653,0.647,0.8,0.9,0.882,1.8,4.2,5.9,1.1,0.7,1.7,0.9,1.6,5.8,
325.0,Torrey Craig,34.0,2TM,SF,16.0,2.0,11.7,2.0,4.1,0.485,1.3,3.1,0.429,0.7,1.1,0.647,0.644,0.4,0.5,0.75,1.1,1.4,2.5,0.5,0.1,0.4,0.1,1.3,5.7,
325.0,Torrey Craig,34.0,CHI,SF,9.0,1.0,12.6,2.4,5.0,0.489,1.7,3.9,0.429,0.8,1.1,0.7,0.656,0.3,0.4,0.75,0.9,1.9,2.8,0.6,0.2,0.1,0.0,1.7,6.9,
325.0,Torrey Craig,34.0,BOS,SF,7.0,1.0,10.6,1.4,3.0,0.476,0.9,2.0,0.429,0.6,1.0,0.571,0.619,0.4,0.6,0.75,1.4,0.7,2.1,0.4,0.0,0.7,0.3,0.9,4.1,
326.0,Jamison Battle,23.0,TOR,SF,42.0,0.0,13.0,2.0,4.3,0.467,1.4,3.3,0.431,0.6,1.1,0.578,0.629,0.3,0.3,0.857,0.6,1.3,2.0,0.8,0.1,0.1,0.3,1.2,5.7,
327.0,Talen Horton-Tucker,24.0,CHI,SG,47.0,0.0,11.5,2.1,4.7,0.447,0.7,2.0,0.368,1.3,2.6,0.508,0.527,0.8,1.2,0.691,0.3,1.4,1.8,1.4,0.3,0.2,0.7,1.0,5.7,
328.0,Jonathan Isaac,27.0,ORL,PF,57.0,0.0,16.1,2.0,4.9,0.412,0.6,2.4,0.268,1.4,2.5,0.553,0.478,1.0,1.5,0.687,1.7,3.0,4.7,0.5,0.8,1.1,0.4,1.4,5.7,
329.0,Karlo Matković,23.0,NOP,PF,27.0,3.0,17.1,2.3,4.3,0.53,0.4,1.4,0.324,1.8,2.9,0.628,0.583,0.8,1.0,0.778,1.5,3.0,4.5,1.0,0.5,1.0,0.9,2.3,5.7,
330.0,Isaac Okoro,24.0,CLE,SG,38.0,18.0,18.9,2.0,4.6,0.445,1.1,2.7,0.392,1.0,1.9,0.521,0.561,0.6,0.8,0.724,0.8,1.4,2.2,1.4,0.6,0.4,0.4,1.9,5.7,
331.0,Jeff Green,38.0,HOU,PF,23.0,2.0,12.5,2.0,4.0,0.516,0.9,2.4,0.357,1.2,1.5,0.771,0.626,0.7,0.8,0.833,0.3,1.4,1.7,0.4,0.2,0.2,0.3,1.0,5.6,
332.0,Jeremiah Robinson-Earl,24.0,NOP,PF,50.0,6.0,17.2,2.1,4.7,0.449,0.7,2.2,0.333,1.4,2.5,0.552,0.528,0.6,0.8,0.842,1.6,2.8,4.4,1.1,0.6,0.1,0.6,1.2,5.6,
333.0,Oscar Tshiebwe,25.0,UTA,C,7.0,0.0,14.3,2.1,3.3,0.652,0.0,0.0,,2.1,3.3,0.652,0.652,1.3,1.7,0.75,2.3,5.1,7.4,0.4,0.9,0.0,0.3,2.0,5.6,
334.0,Dean Wade,28.0,CLE,PF,44.0,26.0,21.5,2.0,4.8,0.41,1.4,3.9,0.349,0.6,0.9,0.684,0.552,0.3,0.6,0.52,1.0,3.8,4.7,1.5,0.8,0.4,0.4,1.9,5.6,
335.0,Kenrich Williams,30.0,OKC,PF,52.0,2.0,14.6,2.2,4.5,0.483,0.9,2.3,0.385,1.3,2.3,0.581,0.579,0.4,0.4,0.864,0.9,2.3,3.2,1.2,0.6,0.1,0.5,1.5,5.6,
336.0,Quenton Jackson,26.0,IND,PG,20.0,7.0,14.1,2.1,4.4,0.477,0.5,1.4,0.357,1.6,3.0,0.533,0.534,0.8,1.1,0.714,0.6,1.1,1.6,2.0,0.6,0.3,0.7,1.7,5.5,
337.0,Kevin Love,36.0,MIA,PF,22.0,9.0,11.2,1.9,5.2,0.357,1.1,3.0,0.358,0.8,2.2,0.354,0.461,0.7,1.0,0.696,1.0,3.3,4.3,1.0,0.7,0.2,0.6,0.9,5.5,
338.0,Jarace Walker,21.0,IND,PF,59.0,2.0,15.3,2.0,4.4,0.456,0.8,2.2,0.364,1.2,2.2,0.546,0.546,0.7,1.0,0.639,0.4,2.5,2.9,1.4,0.8,0.4,1.0,1.5,5.5,
339.0,Moussa Diabaté,23.0,CHO,C,55.0,8.0,18.4,2.3,3.8,0.59,0.0,0.0,0.0,2.3,3.8,0.596,0.59,0.9,1.6,0.575,2.9,3.7,6.6,0.9,0.7,0.6,0.9,1.6,5.4,
340.0,Keaton Wallace,25.0,ATL,PG,28.0,4.0,16.2,2.0,4.9,0.413,0.9,2.6,0.356,1.1,2.3,0.477,0.507,0.4,0.4,1.0,0.3,1.1,1.4,2.2,0.8,0.3,1.0,1.3,5.4,
341.0,Kobe Bufkin,21.0,ATL,SG,10.0,0.0,12.4,1.8,4.7,0.383,0.4,1.9,0.211,1.4,2.8,0.5,0.426,1.3,1.8,0.722,0.5,1.6,2.1,1.7,0.3,0.2,0.8,0.9,5.3,
342.0,Rob Dillingham,20.0,MIN,PG,40.0,1.0,12.0,2.2,5.0,0.447,0.6,1.8,0.357,1.6,3.2,0.496,0.51,0.2,0.4,0.533,0.3,0.9,1.2,2.4,0.5,0.0,1.2,0.9,5.3,
343.0,Jonathan Mogbo,23.0,TOR,PF,49.0,11.0,17.9,2.1,4.6,0.451,0.3,1.0,0.298,1.8,3.6,0.492,0.482,0.9,1.3,0.703,1.6,2.6,4.1,1.6,0.8,0.5,0.9,2.1,5.3,
344.0,Tidjane Salaün,19.0,CHO,PF,48.0,8.0,19.1,1.7,5.3,0.319,0.9,3.2,0.289,0.8,2.1,0.363,0.406,1.0,1.3,0.719,1.2,3.0,4.2,1.1,0.5,0.3,0.9,1.2,5.3,
345.0,Jaylin Williams,22.0,OKC,PF,36.0,6.0,16.3,1.9,4.6,0.407,1.1,3.3,0.347,0.8,1.4,0.551,0.53,0.3,0.4,0.8,1.1,4.3,5.4,2.4,0.4,0.6,0.7,1.6,5.3,
346.0,Drew Eubanks,27.0,2TM,C,47.0,4.0,14.1,2.1,3.6,0.585,0.1,0.1,0.5,2.1,3.5,0.588,0.594,0.9,1.3,0.651,1.1,3.0,4.1,1.0,0.2,0.7,0.7,1.1,5.2,
346.0,Drew Eubanks,27.0,UTA,C,37.0,4.0,15.4,2.4,3.9,0.607,0.1,0.1,0.6,2.3,3.8,0.607,0.617,1.0,1.5,0.632,1.1,3.5,4.5,1.2,0.3,0.9,0.8,1.2,5.8,
346.0,Drew Eubanks,27.0,LAC,C,10.0,0.0,9.3,1.2,2.6,0.462,0.0,0.1,0.0,1.2,2.5,0.48,0.462,0.5,0.6,0.833,1.1,1.4,2.5,0.3,0.1,0.3,0.3,0.7,2.9,
347.0,Aaron Holiday,28.0,HOU,PG,48.0,3.0,12.7,1.8,4.1,0.427,1.0,2.7,0.375,0.8,1.5,0.521,0.548,0.6,0.8,0.833,0.2,1.1,1.3,1.3,0.4,0.1,0.6,1.1,5.2,
348.0,Luke Kornet,29.0,BOS,C,57.0,11.0,17.9,2.1,3.2,0.659,0.0,0.0,0.0,2.1,3.2,0.663,0.659,0.9,1.3,0.712,2.4,2.7,5.0,1.6,0.5,1.0,0.5,1.6,5.2,
349.0,Terrence Shannon Jr.,24.0,MIN,SG,26.0,1.0,11.5,2.0,4.2,0.491,0.4,1.2,0.367,1.6,3.0,0.538,0.542,0.7,0.8,0.81,0.4,1.2,1.6,1.0,0.2,0.2,0.5,0.8,5.2,
350.0,Jared Rhoden,25.0,2TM,SG,9.0,1.0,12.9,1.7,4.6,0.366,0.4,2.0,0.222,1.2,2.6,0.478,0.415,1.3,1.6,0.857,0.8,1.2,2.0,0.3,0.3,0.2,0.4,1.3,5.1,
350.0,Jared Rhoden,25.0,CHO,SG,4.0,0.0,3.0,0.5,2.0,0.25,0.0,0.5,0.0,0.5,1.5,0.333,0.25,0.0,0.0,,0.5,0.5,1.0,0.5,0.3,0.0,0.3,0.3,1.0,
350.0,Jared Rhoden,25.0,TOR,SG,5.0,1.0,20.8,2.6,6.6,0.394,0.8,3.2,0.25,1.8,3.4,0.529,0.455,2.4,2.8,0.857,1.0,1.8,2.8,0.2,0.4,0.4,0.6,2.2,8.4,
351.0,Neemias Queta,25.0,BOS,C,50.0,6.0,14.4,2.2,3.4,0.645,0.0,0.1,0.0,2.2,3.4,0.657,0.645,0.7,1.0,0.729,1.5,2.5,3.9,0.7,0.3,0.7,0.7,1.8,5.1,
352.0,Ryan Rollins,22.0,MIL,PG,40.0,8.0,12.3,2.0,4.2,0.462,0.7,1.8,0.361,1.3,2.4,0.536,0.538,0.5,0.6,0.833,0.4,1.2,1.6,1.3,0.7,0.3,0.8,1.3,5.1,
353.0,Lindy Waters III,27.0,2TM,SG,44.0,9.0,15.5,1.8,4.9,0.369,1.2,3.6,0.327,0.6,1.3,0.483,0.488,0.2,0.3,0.727,0.4,1.8,2.2,1.0,0.5,0.2,0.4,1.3,5.0,
353.0,Lindy Waters III,27.0,GSW,SG,38.0,9.0,17.2,2.0,5.4,0.371,1.3,3.9,0.331,0.7,1.5,0.474,0.49,0.2,0.3,0.727,0.4,2.1,2.5,1.1,0.6,0.3,0.4,1.4,5.5,
353.0,Lindy Waters III,27.0,DET,SG,6.0,0.0,4.8,0.7,2.0,0.333,0.5,1.8,0.273,0.2,0.2,1.0,0.458,0.0,0.0,,0.2,0.0,0.2,0.2,0.3,0.0,0.2,0.5,1.8,
354.0,Kyle Anderson,31.0,2TM,PF,48.0,4.0,14.6,1.9,4.4,0.443,0.4,1.2,0.368,1.5,3.2,0.471,0.493,0.6,0.9,0.689,0.9,2.3,3.1,2.2,0.6,0.5,0.5,1.2,5.0,
354.0,Kyle Anderson,31.0,GSW,PF,36.0,3.0,15.0,2.1,4.7,0.45,0.5,1.4,0.365,1.6,3.3,0.487,0.506,0.5,0.8,0.667,0.8,2.3,3.1,2.3,0.7,0.6,0.6,1.1,5.3,
354.0,Kyle Anderson,31.0,MIA,SF,12.0,1.0,13.2,1.4,3.4,0.415,0.2,0.4,0.4,1.3,3.0,0.417,0.439,1.1,1.5,0.722,1.2,2.1,3.3,1.9,0.3,0.3,0.5,1.4,4.1,
355.0,Alondes Williams,25.0,DET,SG,1.0,0.0,4.0,2.0,2.0,1.0,1.0,1.0,1.0,1.0,1.0,1.0,1.25,0.0,0.0,,0.0,0.0,0.0,1.0,0.0,0.0,0.0,0.0,5.0,
356.0,Kevon Looney,28.0,GSW,C,59.0,6.0,15.7,2.1,4.1,0.506,0.0,0.1,0.0,2.1,4.0,0.513,0.506,0.8,1.4,0.563,2.7,3.8,6.6,1.7,0.7,0.5,0.6,2.2,4.9,
357.0,Monte Morris,29.0,PHO,PG,40.0,0.0,13.1,1.7,4.3,0.404,0.6,1.8,0.301,1.2,2.5,0.48,0.468,0.9,1.0,0.85,0.3,1.2,1.4,1.7,0.4,0.1,0.4,0.5,4.9,
358.0,Marvin Bagley III,25.0,2TM,PF,22.0,1.0,9.3,1.9,3.6,0.525,0.1,0.6,0.214,1.8,3.0,0.591,0.544,0.8,1.2,0.667,1.4,1.5,2.9,0.3,0.3,0.3,0.5,0.6,4.8,
358.0,Marvin Bagley III,25.0,WAS,C,19.0,1.0,8.7,2.0,3.7,0.535,0.1,0.5,0.2,1.9,3.2,0.59,0.549,0.8,1.2,0.652,1.4,1.5,2.9,0.4,0.4,0.3,0.6,0.6,4.9,
358.0,Marvin Bagley III,25.0,MEM,PF,3.0,0.0,13.0,1.3,3.0,0.444,0.3,1.3,0.25,1.0,1.7,0.6,0.5,1.0,1.3,0.75,1.0,1.3,2.3,0.0,0.0,0.7,0.0,0.7,4.0,
359.0,DaQuan Jeffries,27.0,CHO,SG,29.0,5.0,19.7,1.8,4.8,0.374,0.8,2.8,0.275,1.0,2.0,0.508,0.453,0.5,0.6,0.824,0.9,1.9,2.8,1.1,0.6,0.4,0.6,2.0,4.8,
360.0,Jabari Walker,22.0,POR,SF,49.0,1.0,11.8,1.8,3.6,0.509,0.5,1.2,0.39,1.3,2.4,0.569,0.574,0.7,1.1,0.654,1.0,2.6,3.5,0.7,0.6,0.1,0.5,1.5,4.8,
361.0,David Roddy,23.0,2TM,PF,30.0,3.0,12.5,1.7,3.7,0.464,0.6,1.8,0.333,1.1,1.9,0.586,0.545,0.6,0.7,0.818,0.4,2.2,2.6,1.1,0.5,0.3,0.7,0.6,4.7,
361.0,David Roddy,23.0,ATL,PF,27.0,3.0,12.8,1.6,3.4,0.473,0.6,1.6,0.372,1.0,1.9,0.56,0.559,0.7,0.8,0.818,0.4,2.2,2.6,1.1,0.4,0.3,0.7,0.7,4.5,
361.0,David Roddy,23.0,PHI,PF,3.0,0.0,9.7,2.7,6.3,0.421,0.7,3.7,0.182,2.0,2.7,0.75,0.474,0.0,0.0,,0.7,2.3,3.0,1.0,0.7,0.0,0.3,0.3,6.0,
362.0,Orlando Robinson,24.0,2TM,C,30.0,4.0,14.1,1.8,4.1,0.431,0.2,0.8,0.24,1.6,3.3,0.48,0.455,1.0,1.3,0.789,1.6,2.3,3.9,1.3,0.5,0.4,0.9,1.6,4.7,
362.0,Orlando Robinson,24.0,SAC,C,9.0,0.0,6.3,0.8,1.9,0.412,0.1,0.6,0.2,0.7,1.3,0.5,0.441,0.4,0.8,0.571,0.3,1.2,1.6,1.0,0.3,0.1,0.4,0.7,2.1,
362.0,Orlando Robinson,24.0,TOR,C,21.0,4.0,17.4,2.2,5.0,0.434,0.2,1.0,0.25,2.0,4.1,0.477,0.458,1.2,1.5,0.839,2.1,2.8,4.9,1.5,0.5,0.5,1.1,2.0,5.9,
363.0,Taylor Hendricks,21.0,UTA,PF,3.0,3.0,25.0,1.3,6.0,0.222,1.0,4.0,0.25,0.3,2.0,0.167,0.306,1.0,1.3,0.75,1.7,3.3,5.0,0.7,1.7,1.3,0.7,2.7,4.7,
364.0,Sandro Mamukelashvili,25.0,SAS,PF,42.0,0.0,8.6,1.7,3.3,0.518,0.7,1.9,0.383,1.0,1.3,0.714,0.631,0.6,0.8,0.714,0.6,1.8,2.4,0.6,0.3,0.3,0.3,0.8,4.7,
365.0,Mason Plumlee,34.0,PHO,C,64.0,18.0,18.2,1.8,2.9,0.614,0.0,0.0,0.0,1.8,2.8,0.624,0.614,1.1,1.8,0.646,1.6,4.7,6.4,1.9,0.5,0.7,0.8,2.2,4.7,
366.0,Cody Williams,20.0,UTA,SG,40.0,12.0,20.4,1.7,4.8,0.344,0.7,2.4,0.295,1.0,2.4,0.392,0.417,0.7,1.0,0.763,0.6,1.7,2.3,1.3,0.5,0.3,0.9,1.8,4.7,
367.0,Mo Bamba,26.0,LAC,C,28.0,2.0,12.6,1.7,3.7,0.466,0.5,1.8,0.3,1.2,1.9,0.623,0.539,0.6,0.9,0.68,0.9,3.4,4.3,0.6,0.3,1.0,0.7,1.8,4.6,
368.0,Charles Bassey,24.0,SAS,C,34.0,1.0,10.7,2.0,3.4,0.586,0.0,0.0,,2.0,3.4,0.586,0.586,0.6,1.0,0.636,1.6,2.8,4.4,0.5,0.4,0.9,0.7,1.4,4.6,
369.0,Mitchell Robinson,26.0,NYK,C,5.0,1.0,14.0,2.0,3.0,0.667,0.0,0.0,,2.0,3.0,0.667,0.667,0.6,0.6,1.0,2.2,2.0,4.2,0.4,1.0,0.2,0.6,1.6,4.6,
370.0,Jaylen Clark,23.0,MIN,SG,24.0,4.0,15.0,1.6,3.5,0.452,0.7,1.6,0.436,0.9,1.9,0.467,0.554,0.6,0.8,0.778,0.7,0.6,1.3,0.6,1.0,0.0,0.2,1.9,4.5,
371.0,Jeff Dowtin,27.0,PHI,PG,32.0,0.0,12.0,1.7,3.8,0.455,0.5,1.2,0.41,1.2,2.6,0.476,0.521,0.6,0.8,0.692,0.2,1.1,1.3,1.6,0.3,0.2,0.2,0.6,4.5,
372.0,Trentyn Flowers,19.0,LAC,SF,2.0,0.0,8.0,2.0,4.5,0.444,0.0,1.0,0.0,2.0,3.5,0.571,0.444,0.5,0.5,1.0,0.5,1.5,2.0,0.0,0.0,0.0,0.5,1.5,4.5,
373.0,Trevelin Queen,27.0,ORL,SG,27.0,2.0,14.3,1.7,4.7,0.352,0.6,2.4,0.242,1.1,2.3,0.468,0.414,0.6,0.6,0.882,0.8,0.9,1.7,1.2,1.0,0.4,0.7,1.4,4.5,
374.0,Cam Spencer,24.0,MEM,SG,13.0,0.0,11.3,1.4,3.1,0.45,0.7,1.8,0.391,0.7,1.3,0.529,0.563,1.0,1.0,1.0,0.5,1.0,1.5,1.3,0.5,0.1,0.4,1.2,4.5,
375.0,Reggie Jackson,34.0,PHI,PG,31.0,1.0,12.4,1.7,4.3,0.391,0.8,2.4,0.338,0.9,1.9,0.458,0.485,0.2,0.3,0.778,0.3,1.1,1.4,1.5,0.5,0.1,0.5,1.1,4.4,
376.0,Jordan Miller,25.0,LAC,SF,33.0,0.0,12.2,1.7,3.9,0.431,0.2,1.1,0.216,1.5,2.8,0.516,0.462,0.8,1.0,0.788,0.7,1.1,1.8,1.0,0.5,0.2,0.7,0.7,4.4,
377.0,Julian Phillips,21.0,CHI,SF,63.0,3.0,13.6,1.5,3.5,0.44,0.6,1.9,0.325,0.9,1.6,0.574,0.528,0.7,1.0,0.746,0.9,1.2,2.0,0.4,0.4,0.3,0.4,1.3,4.4,
378.0,Antonio Reeves,24.0,NOP,SG,29.0,0.0,10.6,1.7,3.9,0.425,0.8,2.1,0.361,0.9,1.8,0.5,0.522,0.3,0.4,0.909,0.4,0.7,1.1,0.8,0.3,0.1,0.4,0.5,4.4,
379.0,Gui Santos,22.0,GSW,PF,40.0,1.0,13.7,1.6,3.3,0.466,0.7,1.9,0.347,0.9,1.5,0.621,0.564,0.6,0.8,0.727,1.2,1.8,3.1,1.4,0.5,0.2,0.8,1.8,4.4,
380.0,Lamar Stevens,27.0,MEM,PF,5.0,0.0,9.4,1.4,3.4,0.412,0.8,1.8,0.444,0.6,1.6,0.375,0.529,0.8,1.2,0.667,0.2,2.2,2.4,0.6,0.4,0.2,0.4,1.0,4.4,
381.0,Pat Connaughton,32.0,MIL,SG,31.0,0.0,14.8,1.6,3.7,0.431,0.6,2.0,0.323,1.0,1.7,0.556,0.517,0.4,0.5,0.765,0.5,2.1,2.6,1.6,0.2,0.3,0.6,1.1,4.3,
382.0,Jett Howard,21.0,ORL,SF,53.0,0.0,11.4,1.5,4.2,0.362,0.9,3.1,0.302,0.6,1.2,0.516,0.471,0.3,0.4,0.75,0.4,0.8,1.2,0.8,0.2,0.2,0.5,1.1,4.3,
383.0,Micah Potter,26.0,UTA,C,30.0,9.0,17.4,1.5,3.5,0.433,0.9,2.6,0.364,0.6,0.9,0.63,0.567,0.4,0.5,0.857,1.1,3.0,4.1,0.8,0.3,0.4,0.7,1.3,4.3,
384.0,Paul Reed,25.0,DET,C,36.0,0.0,9.4,1.7,3.1,0.541,0.2,0.6,0.286,1.5,2.5,0.6,0.568,0.8,0.9,0.794,0.9,1.7,2.6,1.0,0.9,0.5,0.5,1.6,4.3,
385.0,Daniel Theis,32.0,NOP,C,38.0,9.0,16.3,1.6,3.4,0.473,0.2,1.0,0.243,1.4,2.4,0.565,0.508,0.8,1.0,0.838,1.2,3.2,4.3,1.6,0.5,0.5,0.7,1.8,4.3,
386.0,Jarred Vanderbilt,25.0,LAL,PF,19.0,1.0,17.1,1.7,3.3,0.508,0.4,1.2,0.348,1.3,2.1,0.6,0.571,0.5,1.0,0.474,1.8,3.7,5.6,1.2,1.1,0.3,0.7,1.8,4.3,
387.0,Elfrid Payton,30.0,2TM,PG,13.0,5.0,20.5,2.0,5.2,0.388,0.0,0.1,0.0,2.0,5.1,0.394,0.388,0.1,0.2,0.5,0.5,2.4,2.8,5.2,1.2,0.5,2.1,1.7,4.1,
387.0,Elfrid Payton,30.0,NOP,PG,7.0,3.0,20.6,3.3,6.6,0.5,0.0,0.1,0.0,3.3,6.4,0.511,0.5,0.1,0.3,0.5,0.7,2.7,3.4,6.9,1.4,0.4,2.9,1.4,6.7,
387.0,Elfrid Payton,30.0,CHO,PG,6.0,2.0,20.5,0.5,3.5,0.143,0.0,0.0,,0.5,3.5,0.143,0.143,0.0,0.0,,0.2,2.0,2.2,3.3,1.0,0.5,1.2,2.0,1.0,
388.0,Devin Carter,22.0,SAC,PG,21.0,0.0,9.9,1.4,3.7,0.377,0.5,1.8,0.289,0.9,1.9,0.462,0.448,0.9,1.3,0.643,0.5,1.9,2.4,1.2,0.3,0.1,0.5,0.8,4.1,
389.0,Ousmane Dieng,21.0,OKC,C,35.0,1.0,11.3,1.5,3.5,0.431,0.7,2.0,0.324,0.9,1.5,0.577,0.524,0.3,0.5,0.688,0.5,1.8,2.3,0.9,0.5,0.2,0.5,0.9,4.0,
390.0,Malachi Flynn,26.0,CHO,PG,4.0,0.0,11.0,1.3,3.3,0.385,0.3,1.0,0.25,1.0,2.3,0.444,0.423,1.3,1.5,0.833,0.8,1.0,1.8,1.8,0.8,0.0,1.0,1.0,4.0,
391.0,Kevin Knox,25.0,GSW,SF,7.0,0.0,7.3,1.6,3.4,0.458,0.4,1.6,0.273,1.1,1.9,0.615,0.521,0.4,0.6,0.75,0.9,0.7,1.6,0.6,0.1,0.6,0.1,0.7,4.0,
392.0,Kyle Lowry,38.0,PHI,PG,33.0,12.0,18.9,1.2,3.4,0.351,0.8,2.5,0.337,0.3,0.8,0.393,0.477,0.8,1.0,0.818,0.3,1.6,2.0,2.8,0.9,0.3,0.6,1.8,4.0,
393.0,Kris Murray,24.0,POR,SF,54.0,2.0,13.7,1.7,3.7,0.452,0.4,1.5,0.259,1.3,2.2,0.585,0.505,0.3,0.8,0.405,1.0,1.3,2.3,0.9,0.4,0.2,0.5,0.9,4.0,
394.0,Josh Richardson,31.0,MIA,SG,8.0,0.0,18.8,1.4,4.8,0.289,0.8,2.8,0.273,0.6,2.0,0.313,0.368,0.5,0.5,1.0,0.8,0.8,1.5,1.5,1.0,0.1,1.0,2.1,4.0,
395.0,Dalen Terry,22.0,CHI,SG,58.0,3.0,12.5,1.5,3.2,0.459,0.4,1.2,0.328,1.1,2.0,0.534,0.519,0.7,1.0,0.684,0.5,0.9,1.4,1.2,0.5,0.2,0.7,1.4,4.0,
396.0,Isaac Jones,24.0,SAC,PF,28.0,0.0,8.9,1.6,2.4,0.667,0.1,0.2,0.333,1.5,2.1,0.7,0.682,0.7,1.1,0.594,0.6,1.0,1.5,0.4,0.1,0.3,0.5,1.0,3.9,
397.0,Pelle Larsson,23.0,MIA,SG,41.0,2.0,12.6,1.4,3.1,0.445,0.5,1.5,0.317,0.9,1.6,0.569,0.523,0.6,1.0,0.667,0.4,1.1,1.5,1.0,0.4,0.1,0.3,1.7,3.9,
398.0,Dariq Whitehead,20.0,BRK,SF,10.0,0.0,5.9,1.3,2.7,0.481,1.2,2.3,0.522,0.1,0.4,0.25,0.704,0.1,0.3,0.333,0.1,0.5,0.6,0.1,0.3,0.1,0.6,0.2,3.9,
399.0,Olivier-Maxence Prosper,22.0,DAL,PF,52.0,4.0,11.2,1.3,3.3,0.402,0.2,1.0,0.235,1.1,2.4,0.472,0.437,0.9,1.5,0.645,0.8,1.6,2.4,0.8,0.5,0.1,0.3,0.5,3.9,
400.0,Landry Shamet,27.0,NYK,SG,32.0,0.0,11.8,1.5,3.2,0.485,0.7,1.9,0.367,0.8,1.3,0.659,0.594,0.2,0.3,0.556,0.2,0.7,0.9,0.5,0.4,0.1,0.4,0.8,3.9,
401.0,Reed Sheppard,20.0,HOU,PG,45.0,1.0,11.9,1.4,4.4,0.332,0.7,2.5,0.279,0.8,1.9,0.4,0.411,0.3,0.4,0.813,0.4,1.0,1.4,1.2,0.6,0.3,0.6,0.9,3.9,
402.0,Patty Mills,36.0,2TM,PG,22.0,0.0,13.0,1.3,3.9,0.341,0.9,3.0,0.303,0.4,0.9,0.474,0.459,0.3,0.3,0.857,0.1,0.8,1.0,1.1,0.6,0.1,0.8,0.8,3.8,
402.0,Patty Mills,36.0,UTA,PG,17.0,0.0,15.3,1.5,4.5,0.342,1.0,3.4,0.298,0.5,1.1,0.474,0.454,0.3,0.3,1.0,0.2,1.1,1.2,1.2,0.7,0.2,0.9,0.7,4.4,
402.0,Patty Mills,36.0,LAC,PG,5.0,0.0,5.2,0.6,1.8,0.333,0.6,1.8,0.333,0.0,0.0,,0.5,0.2,0.4,0.5,0.0,0.0,0.0,0.6,0.2,0.0,0.2,1.2,2.0,
403.0,Alex Reese,25.0,2TM,PF,5.0,0.0,9.8,1.4,2.8,0.5,0.4,1.6,0.25,1.0,1.2,0.833,0.571,0.6,1.0,0.6,1.2,2.0,3.2,0.2,1.0,0.6,0.4,0.8,3.8,
403.0,Alex Reese,25.0,OKC,PF,1.0,0.0,2.0,1.0,1.0,1.0,0.0,0.0,,1.0,1.0,1.0,1.0,0.0,0.0,,1.0,0.0,1.0,0.0,0.0,0.0,0.0,0.0,2.0,
403.0,Alex Reese,25.0,PHI,PF,4.0,0.0,11.8,1.5,3.3,0.462,0.5,2.0,0.25,1.0,1.3,0.8,0.538,0.8,1.3,0.6,1.3,2.5,3.8,0.3,1.3,0.8,0.5,1.0,4.3,
404.0,Malaki Branham,21.0,SAS,SG,37.0,0.0,8.2,1.4,3.2,0.429,0.6,1.5,0.386,0.8,1.7,0.468,0.521,0.5,0.5,0.85,0.1,0.9,1.0,0.7,0.2,0.1,0.8,0.4,3.8,
405.0,Jock Landale,29.0,HOU,C,33.0,1.0,10.5,1.5,3.2,0.462,0.2,0.5,0.375,1.3,2.7,0.478,0.491,0.7,1.0,0.676,1.2,1.8,3.0,0.8,0.2,0.3,0.5,1.0,3.8,
406.0,Wendell Moore Jr.,23.0,2TM,SG,26.0,1.0,12.0,1.4,3.1,0.45,0.3,0.9,0.348,1.1,2.2,0.491,0.5,0.6,0.7,0.882,0.8,1.6,2.4,1.0,0.4,0.2,0.5,0.8,3.7,
406.0,Wendell Moore Jr.,23.0,DET,SG,20.0,1.0,11.0,1.2,2.5,0.46,0.2,0.7,0.286,1.0,1.8,0.528,0.5,0.7,0.7,0.929,0.6,1.7,2.2,1.2,0.5,0.2,0.5,0.8,3.2,
406.0,Wendell Moore Jr.,23.0,CHO,SG,6.0,0.0,15.5,2.2,5.0,0.433,0.7,1.5,0.444,1.5,3.5,0.429,0.5,0.3,0.5,0.667,1.7,1.5,3.2,0.5,0.2,0.2,0.7,1.0,5.3,
407.0,Steven Adams,31.0,HOU,C,46.0,2.0,12.7,1.5,2.8,0.527,0.0,0.0,0.0,1.5,2.8,0.531,0.527,0.7,1.6,0.444,2.8,2.6,5.3,1.2,0.3,0.5,0.9,1.0,3.7,
408.0,Nicolas Batum,36.0,LAC,PF,62.0,5.0,17.6,1.2,2.9,0.412,1.0,2.5,0.412,0.2,0.5,0.414,0.585,0.2,0.3,0.833,0.6,2.2,2.8,1.1,0.7,0.5,0.4,1.5,3.7,
409.0,Jevon Carter,29.0,CHI,PG,30.0,0.0,7.6,1.3,3.2,0.402,0.8,2.3,0.357,0.5,0.9,0.519,0.531,0.3,0.3,0.8,0.1,0.9,0.9,1.0,0.3,0.1,0.3,0.4,3.7,
410.0,Andre Jackson Jr.,23.0,MIL,SG,56.0,43.0,16.1,1.5,3.3,0.467,0.5,1.3,0.397,1.0,1.9,0.514,0.547,0.2,0.3,0.556,1.1,1.9,3.0,1.4,0.6,0.2,0.9,1.9,3.7,
411.0,Kessler Edwards,24.0,DAL,SF,35.0,13.0,13.7,1.5,3.1,0.477,0.4,1.2,0.341,1.1,1.9,0.559,0.541,0.3,0.3,1.0,0.6,2.1,2.7,1.1,0.5,0.4,0.3,1.3,3.6,
412.0,Luka Garza,26.0,MIN,C,31.0,0.0,6.1,1.4,2.8,0.477,0.2,1.0,0.226,1.1,1.8,0.614,0.517,0.7,1.0,0.677,1.0,0.6,1.6,0.3,0.2,0.1,0.3,0.9,3.6,
413.0,Adem Bona,21.0,PHI,C,45.0,1.0,11.7,1.4,2.0,0.685,0.0,0.0,,1.4,2.0,0.685,0.685,0.8,1.2,0.655,1.2,1.9,3.0,0.3,0.2,0.8,0.7,1.9,3.5,
414.0,Jalen Pickett,25.0,DEN,SG,32.0,0.0,11.2,1.4,3.1,0.455,0.7,1.7,0.396,0.8,1.4,0.522,0.561,0.1,0.1,1.0,0.2,1.0,1.1,1.8,0.3,0.1,0.4,0.6,3.5,
415.0,Dario Šarić,30.0,DEN,C,15.0,4.0,13.5,1.3,3.7,0.339,0.5,1.7,0.269,0.8,2.0,0.4,0.402,0.5,0.7,0.7,0.9,2.3,3.3,1.5,0.5,0.1,0.9,1.2,3.5,
416.0,Jae'Sean Tate,29.0,HOU,SF,43.0,2.0,11.2,1.3,2.9,0.452,0.2,0.8,0.294,1.1,2.1,0.511,0.492,0.7,1.0,0.674,0.9,1.3,2.2,0.9,0.6,0.1,0.4,1.7,3.5,
417.0,Jamal Cain,25.0,NOP,SF,26.0,0.0,11.7,1.2,3.0,0.39,0.5,1.7,0.311,0.6,1.2,0.5,0.481,0.6,0.9,0.625,0.8,1.3,2.1,0.6,0.5,0.3,0.5,1.1,3.4,
418.0,Bruno Fernando,26.0,TOR,C,17.0,2.0,8.6,1.5,2.9,0.531,0.0,0.0,,1.5,2.9,0.531,0.531,0.4,0.5,0.75,1.2,1.8,3.0,1.1,0.2,0.5,0.8,1.6,3.4,
419.0,Collin Gillespie,25.0,PHO,PG,16.0,0.0,6.5,1.3,2.4,0.513,0.5,1.1,0.471,0.8,1.4,0.545,0.615,0.4,0.4,0.857,0.4,0.6,1.1,1.3,0.2,0.1,0.3,0.7,3.4,
420.0,Damion Lee,32.0,PHO,SG,16.0,0.0,6.3,1.1,3.3,0.327,0.3,1.6,0.192,0.8,1.6,0.462,0.375,1.0,1.1,0.941,0.1,0.8,0.9,0.5,0.3,0.0,0.4,0.3,3.4,
421.0,Oso Ighodaro,22.0,PHO,PF,44.0,2.0,13.8,1.4,2.5,0.574,0.0,0.0,0.0,1.4,2.4,0.585,0.574,0.4,0.8,0.528,0.8,2.3,3.0,0.9,0.4,0.3,0.5,1.4,3.3,
422.0,DeAndre Jordan,36.0,DEN,C,46.0,2.0,11.5,1.5,2.3,0.651,0.0,0.0,,1.5,2.3,0.651,0.651,0.3,0.8,0.405,1.4,3.3,4.7,0.8,0.3,0.4,0.7,1.2,3.3,
423.0,Cam Reddish,25.0,LAL,SF,31.0,8.0,18.1,1.2,2.8,0.43,0.4,1.5,0.289,0.8,1.3,0.585,0.506,0.5,0.8,0.615,0.5,1.5,2.0,0.7,1.0,0.3,0.4,1.4,3.3,
424.0,Nae'Qwan Tomlin,24.0,CLE,PF,3.0,0.0,4.7,1.3,2.7,0.5,0.0,0.7,0.0,1.3,2.0,0.667,0.5,0.7,1.0,0.667,0.3,1.7,2.0,0.0,0.0,0.0,0.3,0.7,3.3,
425.0,Jeenathan Williams,25.0,HOU,SG,12.0,0.0,6.4,1.3,3.0,0.444,0.3,1.3,0.267,1.0,1.8,0.571,0.5,0.3,0.3,0.75,0.1,0.4,0.5,0.3,0.4,0.3,0.8,0.8,3.3,
426.0,Elijah Harkless,24.0,UTA,SG,10.0,0.0,13.8,1.1,3.5,0.314,0.7,2.5,0.28,0.4,1.0,0.4,0.414,0.3,0.6,0.5,0.9,1.2,2.1,0.8,1.0,0.1,0.3,1.8,3.2,
427.0,Doug McDermott,33.0,SAC,SF,35.0,3.0,8.1,1.1,2.6,0.422,0.9,2.2,0.429,0.1,0.4,0.385,0.606,0.1,0.1,0.6,0.1,0.5,0.5,0.1,0.1,0.1,0.2,0.8,3.2,
428.0,Zeke Nnaji,24.0,DEN,PF,44.0,3.0,10.0,1.3,2.3,0.534,0.3,0.8,0.324,1.0,1.5,0.652,0.592,0.4,0.7,0.586,0.5,1.0,1.5,0.3,0.3,0.6,0.2,1.1,3.2,
429.0,Jackson Rowe,28.0,GSW,PF,5.0,0.0,8.6,1.2,3.0,0.4,0.4,1.8,0.222,0.8,1.2,0.667,0.467,0.4,0.8,0.5,0.0,1.6,1.6,0.6,0.6,0.0,0.2,0.8,3.2,
430.0,Dominick Barlow,21.0,ATL,SF,19.0,3.0,8.1,1.3,2.6,0.49,0.3,0.7,0.357,1.0,1.8,0.543,0.541,0.3,0.5,0.6,0.5,1.1,1.6,0.2,0.2,0.4,0.1,0.7,3.1,
431.0,JT Thor,22.0,2TM,PF,10.0,0.0,5.0,1.0,1.8,0.556,0.4,0.8,0.5,0.6,1.0,0.6,0.667,0.7,0.8,0.875,0.6,0.5,1.1,0.1,0.2,0.3,0.6,0.7,3.1,
431.0,JT Thor,22.0,CLE,PF,9.0,0.0,4.7,1.0,1.7,0.6,0.3,0.7,0.5,0.7,1.0,0.667,0.7,0.8,0.9,0.875,0.3,0.3,0.7,0.1,0.2,0.3,0.7,0.7,3.1,
431.0,JT Thor,22.0,WAS,PF,1.0,0.0,8.0,1.0,3.0,0.333,1.0,2.0,0.5,0.0,1.0,0.0,0.5,0.0,0.0,,3.0,2.0,5.0,0.0,0.0,0.0,0.0,1.0,3.0,
432.0,Jaylon Tyson,22.0,CLE,SG,40.0,2.0,9.2,1.2,2.6,0.461,0.4,1.0,0.359,0.8,1.6,0.524,0.529,0.4,0.5,0.778,0.8,1.2,2.0,1.0,0.2,0.1,0.5,1.1,3.1,
433.0,Taj Gibson,39.0,CHO,C,27.0,11.0,11.3,1.3,2.6,0.486,0.0,0.1,0.5,1.2,2.5,0.485,0.493,0.4,0.6,0.688,1.5,2.0,3.6,0.6,0.3,0.4,0.7,1.6,3.0,
434.0,Gary Harris,30.0,ORL,SG,33.0,2.0,15.2,1.1,2.9,0.361,0.7,2.3,0.32,0.3,0.7,0.5,0.485,0.2,0.3,0.6,0.5,0.8,1.2,0.5,0.6,0.2,0.4,0.9,3.0,
435.0,Kylor Kelley,27.0,DAL,C,8.0,1.0,8.4,1.3,1.6,0.769,0.0,0.0,,1.3,1.6,0.769,0.769,0.5,0.8,0.667,1.0,1.6,2.6,0.3,0.0,0.3,0.1,1.0,3.0,
436.0,Maxi Kleber,33.0,DAL,PF,34.0,4.0,18.7,1.1,2.8,0.385,0.4,1.4,0.265,0.7,1.4,0.511,0.453,0.5,0.6,0.762,0.7,2.1,2.8,1.3,0.3,0.5,0.7,1.9,3.0,
437.0,Taze Moore,26.0,POR,SG,2.0,0.0,10.0,1.0,5.0,0.2,0.5,2.0,0.25,0.5,3.0,0.167,0.25,0.5,1.0,0.5,2.0,2.0,4.0,0.5,1.0,0.0,1.0,0.0,3.0,
438.0,Craig Porter Jr.,24.0,CLE,PG,40.0,0.0,8.8,1.2,2.1,0.553,0.4,0.8,0.467,0.8,1.4,0.6,0.635,0.3,0.3,0.769,0.3,0.9,1.1,1.3,0.3,0.3,0.6,0.4,3.0,
439.0,Duop Reath,28.0,POR,C,34.0,0.0,7.6,1.1,2.7,0.391,0.6,1.9,0.288,0.5,0.8,0.654,0.495,0.4,0.4,0.857,0.5,0.9,1.4,0.4,0.2,0.2,0.3,0.6,3.0,
440.0,Jae Crowder,34.0,SAC,PF,7.0,2.0,13.1,0.9,2.4,0.353,0.4,1.7,0.25,0.4,0.7,0.6,0.441,0.7,0.9,0.833,0.9,1.6,2.4,0.6,0.4,0.0,0.6,1.4,2.9,
441.0,Markelle Fultz,26.0,SAC,PG,9.0,0.0,8.4,1.3,3.1,0.429,0.1,0.4,0.25,1.2,2.7,0.458,0.446,0.1,0.1,1.0,0.2,0.6,0.8,1.0,0.6,0.1,1.1,0.4,2.9,
442.0,Caleb Houstan,22.0,ORL,SF,42.0,5.0,11.3,0.9,2.8,0.336,0.8,2.4,0.32,0.2,0.4,0.438,0.474,0.3,0.3,0.929,0.3,0.6,1.0,0.4,0.2,0.1,0.1,1.0,2.9,
443.0,Kai Jones,24.0,2TM,C,29.0,0.0,8.3,1.2,1.6,0.761,0.0,0.1,0.0,1.2,1.5,0.795,0.761,0.4,0.6,0.75,0.6,1.3,1.9,0.3,0.2,0.5,0.4,0.9,2.8,
443.0,Kai Jones,24.0,LAC,C,28.0,0.0,7.4,0.9,1.3,0.722,0.0,0.1,0.0,0.9,1.2,0.765,0.722,0.3,0.4,0.75,0.5,1.1,1.6,0.4,0.2,0.5,0.4,0.8,2.2,
443.0,Kai Jones,24.0,DAL,C,1.0,0.0,34.0,9.0,10.0,0.9,0.0,0.0,,9.0,10.0,0.9,0.9,3.0,4.0,0.75,2.0,6.0,8.0,0.0,0.0,1.0,1.0,2.0,21.0,
444.0,AJ Johnson,20.0,2TM,SG,12.0,0.0,8.2,1.1,2.9,0.371,0.3,1.2,0.286,0.8,1.8,0.429,0.429,0.3,0.3,0.75,0.1,0.9,1.0,1.5,0.2,0.0,0.4,0.5,2.8,
444.0,AJ Johnson,20.0,MIL,SG,7.0,0.0,6.3,1.1,2.7,0.421,0.4,0.7,0.6,0.7,2.0,0.357,0.5,0.1,0.3,0.5,0.0,1.0,1.0,1.0,0.1,0.0,0.6,0.0,2.9,
444.0,AJ Johnson,20.0,WAS,SG,5.0,0.0,10.8,1.0,3.2,0.313,0.2,1.8,0.111,0.8,1.4,0.571,0.344,0.4,0.4,1.0,0.2,0.8,1.0,2.2,0.2,0.0,0.2,1.2,2.6,
445.0,Branden Carlson,25.0,OKC,C,20.0,0.0,6.1,1.0,2.2,0.442,0.7,1.7,0.412,0.3,0.5,0.556,0.605,0.2,0.2,1.0,0.3,1.2,1.5,0.4,0.1,0.4,0.2,0.7,2.8,
446.0,TyTy Washington Jr.,23.0,PHO,PG,10.0,0.0,9.3,1.1,3.6,0.306,0.3,1.8,0.167,0.8,1.8,0.444,0.347,0.3,0.4,0.75,0.4,0.8,1.2,1.2,0.3,0.0,0.3,0.3,2.8,
447.0,Blake Wesley,21.0,SAS,SG,40.0,0.0,8.3,1.1,2.4,0.468,0.2,0.7,0.231,1.0,1.7,0.559,0.5,0.5,0.7,0.667,0.2,0.5,0.6,1.8,0.4,0.1,0.8,0.5,2.8,
448.0,Trey Jemison,25.0,2TM,C,31.0,0.0,10.9,1.2,2.2,0.537,0.0,0.0,,1.2,2.2,0.537,0.537,0.4,1.0,0.387,1.2,1.6,2.8,0.5,0.3,0.5,0.5,2.0,2.7,
448.0,Trey Jemison,25.0,NOP,C,16.0,0.0,10.4,0.9,2.0,0.469,0.0,0.0,,0.9,2.0,0.469,0.469,0.5,1.3,0.381,1.4,1.4,2.8,0.6,0.4,0.4,0.6,1.7,2.4,
448.0,Trey Jemison,25.0,LAL,C,15.0,0.0,11.4,1.4,2.3,0.6,0.0,0.0,,1.4,2.3,0.6,0.6,0.3,0.7,0.4,0.9,1.9,2.9,0.3,0.1,0.5,0.5,2.4,3.1,
449.0,Mason Jones,26.0,SAC,SG,9.0,0.0,4.8,1.0,2.0,0.5,0.1,0.9,0.125,0.9,1.1,0.8,0.528,0.4,0.6,0.8,0.2,0.7,0.9,1.1,0.0,0.1,0.1,0.3,2.6,
450.0,Tyler Smith,20.0,MIL,PF,17.0,0.0,4.9,1.0,2.1,0.472,0.5,1.2,0.4,0.5,0.9,0.563,0.583,0.1,0.2,0.5,0.2,0.9,1.2,0.2,0.1,0.2,0.4,0.5,2.6,
451.0,Pat Spencer,28.0,GSW,PG,30.0,0.0,6.8,1.1,2.8,0.393,0.1,0.6,0.118,1.0,2.2,0.463,0.405,0.4,0.5,0.733,0.5,0.9,1.4,1.3,0.4,0.1,0.5,0.6,2.6,
452.0,Delon Wright,32.0,2TM,PG,30.0,2.0,14.1,0.8,2.8,0.282,0.4,1.7,0.255,0.4,1.1,0.324,0.359,0.4,0.7,0.55,0.5,1.1,1.6,1.7,0.8,0.3,0.5,0.6,2.4,
452.0,Delon Wright,32.0,MIL,PG,26.0,2.0,15.6,0.8,3.2,0.268,0.5,1.9,0.245,0.4,1.3,0.303,0.341,0.3,0.6,0.563,0.6,1.2,1.8,1.8,0.9,0.3,0.5,0.7,2.5,
452.0,Delon Wright,32.0,NYK,PG,4.0,0.0,4.8,0.5,0.8,0.667,0.3,0.5,0.5,0.3,0.3,1.0,0.833,0.5,1.0,0.5,0.3,0.5,0.8,0.5,0.3,0.3,0.3,0.0,1.8,
453.0,Kobe Brown,25.0,LAC,PF,28.0,0.0,7.6,1.0,2.1,0.483,0.1,0.7,0.2,0.9,1.4,0.625,0.517,0.1,0.2,0.8,0.6,1.3,1.9,0.6,0.1,0.1,0.3,0.6,2.4,
454.0,Johnny Davis,22.0,WAS,SG,34.0,0.0,7.1,0.9,2.3,0.41,0.2,0.9,0.241,0.7,1.4,0.51,0.455,0.3,0.4,0.6,0.3,0.8,1.1,0.3,0.4,0.2,0.2,0.5,2.4,
455.0,John Konchar,28.0,MEM,SG,34.0,4.0,12.5,0.9,2.1,0.417,0.5,1.5,0.32,0.4,0.6,0.636,0.528,0.1,0.2,0.833,0.9,2.5,3.3,0.9,0.5,0.4,0.4,0.8,2.4,
456.0,Markieff Morris,35.0,2TM,PF,10.0,0.0,6.1,0.8,3.2,0.25,0.5,2.0,0.25,0.3,1.2,0.25,0.328,0.2,0.2,1.0,0.0,0.9,0.9,0.7,0.1,0.1,0.3,0.5,2.3,
456.0,Markieff Morris,35.0,DAL,PF,7.0,0.0,5.9,0.7,3.1,0.227,0.3,1.9,0.154,0.4,1.3,0.333,0.273,0.0,0.0,,0.0,1.1,1.1,0.6,0.1,0.1,0.3,0.3,1.7,
456.0,Markieff Morris,35.0,LAL,PF,3.0,0.0,6.7,1.0,3.3,0.3,1.0,2.3,0.429,0.0,1.0,0.0,0.45,0.7,0.7,1.0,0.0,0.3,0.3,1.0,0.0,0.0,0.3,1.0,3.7,
457.0,Josh Minott,22.0,MIN,SF,37.0,0.0,6.3,0.9,2.0,0.446,0.2,0.9,0.242,0.7,1.1,0.61,0.5,0.3,0.4,0.846,0.2,0.8,1.0,0.4,0.4,0.3,0.2,0.8,2.3,
458.0,Drew Peterson,25.0,BOS,PF,18.0,1.0,8.3,0.7,1.6,0.448,0.5,1.3,0.391,0.2,0.3,0.667,0.603,0.3,0.4,0.857,0.3,1.4,1.7,0.7,0.2,0.1,0.3,0.7,2.3,
459.0,Lester Quiñones,24.0,PHI,SG,4.0,0.0,4.3,1.0,2.0,0.5,0.0,0.8,0.0,1.0,1.3,0.8,0.5,0.3,0.3,1.0,0.8,0.3,1.0,0.3,0.0,0.0,1.0,0.0,2.3,
460.0,Colin Castleton,24.0,2TM,C,13.0,0.0,9.4,0.7,1.8,0.375,0.0,0.4,0.0,0.7,1.5,0.474,0.375,0.8,1.0,0.846,0.9,1.5,2.4,0.6,0.2,0.2,0.3,1.3,2.2,
460.0,Colin Castleton,24.0,MEM,C,10.0,0.0,4.6,0.2,1.0,0.2,0.0,0.4,0.0,0.2,0.6,0.333,0.2,1.0,1.1,0.909,0.3,0.6,0.9,0.0,0.1,0.1,0.1,0.6,1.4,
460.0,Colin Castleton,24.0,TOR,C,3.0,0.0,25.3,2.3,4.7,0.5,0.0,0.3,0.0,2.3,4.3,0.538,0.5,0.3,0.7,0.5,3.0,4.3,7.3,2.7,0.7,0.7,1.0,3.7,5.0,
461.0,MarJon Beauchamp,24.0,3TM,SF,30.0,0.0,4.8,0.8,1.9,0.404,0.3,0.9,0.385,0.4,1.0,0.419,0.491,0.4,0.5,0.688,0.3,0.9,1.2,0.3,0.1,0.0,0.5,0.4,2.2,
461.0,MarJon Beauchamp,24.0,MIL,SF,26.0,0.0,4.7,0.7,1.8,0.383,0.3,0.8,0.333,0.4,1.0,0.423,0.457,0.3,0.5,0.75,0.3,1.0,1.2,0.3,0.1,0.0,0.5,0.4,2.0,
461.0,MarJon Beauchamp,24.0,LAC,SF,3.0,0.0,5.7,1.3,2.3,0.571,0.7,1.0,0.667,0.7,1.3,0.5,0.714,0.7,1.3,0.5,0.7,0.3,1.0,0.7,0.0,0.0,0.3,0.7,4.0,
461.0,MarJon Beauchamp,24.0,NYK,SF,1.0,0.0,5.0,1.0,3.0,0.333,1.0,2.0,0.5,0.0,1.0,0.0,0.5,0.0,0.0,,0.0,2.0,2.0,0.0,0.0,0.0,1.0,1.0,3.0,
462.0,Dillon Jones,23.0,OKC,SF,39.0,0.0,9.1,0.8,2.4,0.34,0.3,1.3,0.204,0.6,1.2,0.489,0.394,0.3,0.5,0.55,0.6,1.4,2.0,1.0,0.2,0.1,0.4,0.9,2.2,
463.0,Christian Koloko,24.0,LAL,C,29.0,0.0,8.5,1.0,1.5,0.651,0.0,0.1,0.0,1.0,1.4,0.683,0.651,0.2,0.3,0.875,1.0,1.2,2.2,0.4,0.2,0.3,0.2,1.1,2.2,
464.0,Rayan Rupert,20.0,POR,SG,41.0,0.0,7.5,0.8,2.0,0.39,0.2,0.9,0.27,0.5,1.1,0.489,0.451,0.4,0.5,0.75,0.5,0.6,1.1,0.4,0.2,0.0,0.5,0.6,2.2,
465.0,Jaden Springer,22.0,2TM,SG,32.0,0.0,6.5,0.6,1.5,0.388,0.3,0.8,0.346,0.3,0.7,0.435,0.48,0.6,0.8,0.704,0.2,0.8,1.0,0.6,0.5,0.1,0.3,0.7,2.1,
465.0,Jaden Springer,22.0,BOS,SG,26.0,0.0,5.4,0.5,1.3,0.353,0.2,0.7,0.316,0.2,0.6,0.4,0.441,0.6,0.8,0.714,0.2,0.8,0.9,0.4,0.5,0.0,0.2,0.7,1.7,
465.0,Jaden Springer,22.0,UTA,PG,6.0,0.0,11.2,1.2,2.5,0.467,0.5,1.2,0.429,0.7,1.3,0.5,0.567,0.7,1.0,0.667,0.5,0.7,1.2,1.5,0.5,0.2,0.8,1.0,3.5,
466.0,Patrick Baldwin Jr.,22.0,WAS,SF,22.0,0.0,4.6,0.8,1.5,0.515,0.5,1.0,0.524,0.3,0.5,0.5,0.682,0.1,0.2,0.5,0.2,0.8,1.0,0.1,0.1,0.1,0.2,0.2,2.1,
467.0,Chris Duarte,27.0,CHI,SG,17.0,0.0,4.4,0.7,1.5,0.462,0.4,0.9,0.4,0.4,0.6,0.545,0.577,0.4,0.5,0.75,0.3,0.9,1.2,0.5,0.0,0.0,0.1,0.4,2.1,
468.0,Cory Joseph,33.0,ORL,PG,35.0,1.0,7.9,0.7,2.1,0.361,0.5,1.5,0.346,0.2,0.6,0.4,0.486,0.1,0.2,0.667,0.2,0.6,0.8,0.9,0.3,0.1,0.3,0.6,2.1,
469.0,E.J. Liddell,24.0,CHI,PF,7.0,0.0,4.7,0.7,1.4,0.5,0.4,1.1,0.375,0.3,0.3,1.0,0.65,0.3,0.3,1.0,0.1,0.6,0.7,0.4,0.1,0.1,0.3,1.1,2.1,
470.0,Pete Nance,24.0,PHI,C,7.0,0.0,9.7,0.7,2.1,0.333,0.6,1.7,0.333,0.1,0.4,0.333,0.467,0.1,0.3,0.5,0.3,1.1,1.4,0.4,0.1,0.0,0.0,1.4,2.1,
471.0,Reece Beekman,23.0,2TM,PG,28.0,0.0,10.7,0.8,2.5,0.314,0.2,1.0,0.172,0.6,1.5,0.415,0.35,0.2,0.4,0.545,0.2,0.6,0.8,1.2,0.7,0.1,0.6,0.7,2.0,
471.0,Reece Beekman,23.0,GSW,PG,2.0,0.0,2.0,0.5,0.5,1.0,0.0,0.0,,0.5,0.5,1.0,1.0,0.0,0.0,,0.5,0.0,0.5,0.5,0.5,0.0,0.0,0.5,1.0,
471.0,Reece Beekman,23.0,BRK,PG,26.0,0.0,11.4,0.8,2.7,0.304,0.2,1.1,0.172,0.6,1.5,0.4,0.341,0.2,0.4,0.545,0.2,0.6,0.8,1.3,0.7,0.1,0.6,0.7,2.0,
472.0,Jamaree Bouyea,25.0,MIL,PG,1.0,0.0,5.0,1.0,1.0,1.0,0.0,0.0,,1.0,1.0,1.0,1.0,0.0,0.0,,0.0,0.0,0.0,1.0,1.0,0.0,1.0,0.0,2.0,
473.0,Tony Bradley,27.0,IND,C,3.0,0.0,3.0,1.0,1.0,1.0,0.0,0.0,,1.0,1.0,1.0,1.0,0.0,0.7,0.0,0.7,0.3,1.0,0.3,0.0,0.3,0.0,0.0,2.0,
474.0,Keion Brooks Jr.,24.0,NOP,SF,2.0,0.0,5.0,0.5,1.0,0.5,0.0,0.5,0.0,0.5,0.5,1.0,0.5,1.0,2.0,0.5,0.5,1.0,1.5,0.5,0.0,0.0,0.0,0.5,2.0,
475.0,Jalen Hood-Schifino,21.0,LAL,SG,2.0,0.0,7.0,0.5,0.5,1.0,0.0,0.0,,0.5,0.5,1.0,1.0,1.0,1.0,1.0,0.5,0.0,0.5,0.5,0.0,0.5,0.5,1.5,2.0,
476.0,Jack McVeigh,28.0,HOU,PF,7.0,0.0,4.0,0.7,1.9,0.385,0.6,1.4,0.4,0.1,0.4,0.333,0.538,0.0,0.0,,0.1,0.4,0.6,0.1,0.0,0.1,0.1,0.1,2.0,
477.0,Adama Sanogo,22.0,CHI,C,4.0,0.0,5.3,1.0,1.8,0.571,0.0,0.0,,1.0,1.8,0.571,0.571,0.0,0.0,,1.3,0.3,1.5,0.3,0.0,0.0,0.3,0.3,2.0,
478.0,Hunter Tyson,24.0,DEN,PF,42.0,0.0,7.4,0.6,1.8,0.365,0.4,1.2,0.306,0.3,0.6,0.48,0.466,0.4,0.5,0.696,0.3,1.1,1.4,0.3,0.1,0.1,0.3,0.9,2.0,
479.0,Pacome Dadiet,19.0,NYK,SG,14.0,0.0,6.8,0.6,1.9,0.333,0.4,1.2,0.353,0.2,0.7,0.3,0.444,0.1,0.2,0.667,0.0,1.0,1.0,0.4,0.2,0.1,0.1,0.4,1.9,
480.0,Anthony Gill,32.0,WAS,PF,40.0,0.0,5.8,0.6,1.2,0.521,0.2,0.5,0.389,0.5,0.8,0.6,0.594,0.5,0.8,0.613,0.2,0.7,0.9,0.2,0.2,0.1,0.2,0.5,1.9,
481.0,Ariel Hukporti,22.0,NYK,C,25.0,1.0,8.7,0.8,1.2,0.677,0.0,0.0,,0.8,1.2,0.677,0.677,0.2,0.5,0.462,0.6,1.5,2.0,0.4,0.0,0.6,0.8,1.3,1.9,
482.0,Jordan McLaughlin,28.0,2TM,PG,35.0,0.0,6.0,0.6,1.4,0.408,0.3,0.8,0.414,0.2,0.6,0.4,0.531,0.4,0.5,0.737,0.1,0.5,0.6,0.9,0.3,0.0,0.3,0.4,1.9,
482.0,Jordan McLaughlin,28.0,SAC,PG,28.0,0.0,6.8,0.6,1.6,0.364,0.4,0.9,0.385,0.2,0.6,0.333,0.477,0.4,0.6,0.688,0.1,0.6,0.8,0.9,0.4,0.0,0.4,0.5,1.9,
482.0,Jordan McLaughlin,28.0,SAS,PG,7.0,0.0,2.9,0.6,0.7,0.8,0.3,0.4,0.667,0.3,0.3,1.0,1.0,0.4,0.4,1.0,0.0,0.0,0.0,1.1,0.1,0.0,0.0,0.1,1.9,
483.0,Dwight Powell,33.0,DAL,C,41.0,2.0,8.9,0.7,0.9,0.737,0.0,0.0,0.5,0.7,0.9,0.75,0.75,0.5,0.8,0.618,0.9,1.3,2.2,0.9,0.3,0.5,0.3,1.3,1.9,
484.0,Jericho Sims,26.0,2TM,C,49.0,5.0,11.8,0.8,1.3,0.625,0.0,0.0,,0.8,1.3,0.625,0.625,0.2,0.3,0.615,1.3,2.3,3.6,0.6,0.2,0.3,0.6,1.2,1.8,
484.0,Jericho Sims,26.0,NYK,C,39.0,5.0,10.8,0.7,1.2,0.609,0.0,0.0,,0.7,1.2,0.609,0.609,0.2,0.3,0.615,1.3,2.0,3.3,0.6,0.2,0.3,0.5,1.2,1.6,
484.0,Jericho Sims,26.0,MIL,C,10.0,0.0,15.6,1.2,1.8,0.667,0.0,0.0,,1.2,1.8,0.667,0.667,0.0,0.0,,1.4,3.5,4.9,0.8,0.1,0.7,1.0,1.3,2.4,
485.0,Vlatko Čančar,27.0,DEN,PF,5.0,0.0,7.2,0.8,1.4,0.571,0.2,0.4,0.5,0.6,1.0,0.6,0.643,0.0,0.0,,0.6,1.0,1.6,0.0,0.0,0.2,0.4,0.8,1.8,
486.0,Cam Christie,19.0,LAC,SG,6.0,0.0,5.2,0.7,2.0,0.333,0.3,1.3,0.25,0.3,0.7,0.5,0.417,0.2,0.3,0.5,0.2,0.8,1.0,0.3,0.3,0.0,0.3,0.3,1.8,
487.0,Tyler Kolek,23.0,NYK,PG,30.0,0.0,5.1,0.6,1.6,0.367,0.4,1.0,0.367,0.2,0.6,0.368,0.48,0.2,0.2,1.0,0.1,0.4,0.5,0.7,0.2,0.0,0.3,0.4,1.8,
488.0,Leonard Miller,21.0,MIN,SF,10.0,0.0,2.7,0.5,1.4,0.357,0.0,0.5,0.0,0.5,0.9,0.556,0.357,0.8,0.8,1.0,0.3,0.8,1.1,0.0,0.2,0.1,0.2,0.2,1.8,
489.0,Enrique Freeman,24.0,IND,PF,19.0,1.0,7.3,0.6,1.3,0.48,0.1,0.3,0.167,0.6,1.0,0.579,0.5,0.4,0.7,0.538,0.3,0.7,1.0,0.4,0.1,0.1,0.3,0.9,1.7,
490.0,Johnny Furphy,20.0,IND,SG,40.0,0.0,6.8,0.6,1.6,0.365,0.3,0.9,0.306,0.3,0.7,0.444,0.452,0.2,0.2,1.0,0.4,0.8,1.2,0.3,0.3,0.2,0.2,0.7,1.7,
491.0,Jaylen Martin,21.0,2TM,SF,5.0,0.0,3.0,0.6,1.8,0.333,0.4,0.6,0.667,0.2,1.2,0.167,0.444,0.0,0.0,,0.2,0.8,1.0,0.0,0.0,0.0,0.0,0.2,1.6,
491.0,Jaylen Martin,21.0,BRK,SF,3.0,0.0,1.7,0.3,0.7,0.5,0.3,0.3,1.0,0.0,0.3,0.0,0.75,0.0,0.0,,0.0,0.0,0.0,0.0,0.0,0.0,0.0,0.3,1.0,
491.0,Jaylen Martin,21.0,WAS,SF,2.0,0.0,5.0,1.0,3.5,0.286,0.5,1.0,0.5,0.5,2.5,0.2,0.357,0.0,0.0,,0.5,2.0,2.5,0.0,0.0,0.0,0.0,0.0,2.5,
492.0,Keshad Johnson,23.0,MIA,SF,10.0,0.0,5.7,0.7,1.2,0.583,0.1,0.4,0.25,0.6,0.8,0.75,0.625,0.1,0.6,0.167,0.2,1.5,1.7,0.3,0.1,0.4,0.3,0.5,1.6,
493.0,Baylor Scheierman,24.0,BOS,SG,17.0,0.0,7.8,0.5,2.1,0.257,0.2,1.4,0.174,0.3,0.7,0.417,0.314,0.3,0.4,0.833,0.3,1.2,1.5,0.7,0.3,0.0,0.1,0.5,1.6,
494.0,Armel Traoré,22.0,LAL,SF,9.0,0.0,7.4,0.7,2.1,0.316,0.0,0.8,0.0,0.7,1.3,0.5,0.316,0.2,0.8,0.286,0.2,1.4,1.7,0.1,0.4,0.2,0.3,0.7,1.6,
495.0,Jordan Walsh,20.0,BOS,PF,42.0,1.0,8.1,0.6,1.5,0.375,0.3,1.0,0.302,0.3,0.5,0.524,0.477,0.2,0.3,0.583,0.5,0.8,1.3,0.4,0.2,0.2,0.3,0.6,1.6,
496.0,Isaiah Crawford,23.0,SAC,SF,8.0,0.0,4.0,0.6,1.0,0.625,0.1,0.4,0.333,0.5,0.6,0.8,0.688,0.1,0.3,0.5,0.1,0.9,1.0,0.0,0.1,0.1,0.1,0.1,1.5,
497.0,Jazian Gortman,21.0,DAL,PG,16.0,0.0,3.6,0.6,1.4,0.391,0.3,0.7,0.364,0.3,0.8,0.417,0.478,0.1,0.3,0.5,0.1,0.3,0.3,0.4,0.1,0.1,0.3,0.6,1.5,
498.0,Quincy Olivari,23.0,LAL,PG,2.0,0.0,5.0,0.5,2.5,0.2,0.5,2.5,0.2,0.0,0.0,,0.3,0.0,0.0,,0.0,0.0,0.0,0.5,0.0,0.0,0.5,0.0,1.5,
499.0,Matt Ryan,27.0,NYK,SF,19.0,0.0,3.6,0.5,1.6,0.323,0.3,1.0,0.316,0.2,0.6,0.333,0.419,0.1,0.1,1.0,0.0,0.4,0.4,0.2,0.1,0.0,0.2,0.1,1.5,
500.0,Tristan Thompson,33.0,CLE,C,33.0,0.0,7.2,0.7,1.6,0.434,0.0,0.1,0.0,0.7,1.5,0.46,0.434,0.2,0.7,0.227,0.7,2.1,2.8,0.6,0.0,0.2,0.3,0.8,1.5,
501.0,Alex Ducas,24.0,OKC,SG,17.0,0.0,4.5,0.5,1.3,0.364,0.4,0.9,0.438,0.1,0.4,0.167,0.523,0.0,0.0,,0.3,0.6,0.9,0.1,0.1,0.0,0.2,0.4,1.4,
502.0,Adam Flagler,25.0,OKC,SG,25.0,0.0,4.1,0.5,2.3,0.228,0.3,1.8,0.174,0.2,0.4,0.455,0.298,0.0,0.0,,0.1,0.2,0.4,0.0,0.2,0.1,0.0,0.4,1.4,
503.0,Bronny James,20.0,LAL,SG,18.0,0.0,4.2,0.4,1.7,0.258,0.2,0.8,0.2,0.3,0.9,0.313,0.306,0.3,0.5,0.667,0.1,0.4,0.4,0.4,0.2,0.1,0.3,0.3,1.4,
504.0,Alex Len,31.0,2TM,C,41.0,4.0,7.6,0.6,1.1,0.511,0.0,0.1,0.167,0.6,1.0,0.561,0.521,0.2,0.3,0.538,0.7,1.1,1.8,0.8,0.2,0.5,0.3,1.0,1.4,
504.0,Alex Len,31.0,SAC,C,36.0,3.0,7.2,0.6,1.1,0.537,0.0,0.2,0.167,0.6,1.0,0.6,0.549,0.2,0.4,0.538,0.7,1.1,1.8,0.8,0.2,0.5,0.3,1.0,1.4,
504.0,Alex Len,31.0,LAL,C,5.0,1.0,10.6,0.4,1.2,0.333,0.0,0.0,,0.4,1.2,0.333,0.333,0.0,0.0,,0.8,1.4,2.2,0.8,0.0,0.4,0.2,1.4,0.8,
505.0,JD Davison,22.0,BOS,PG,9.0,0.0,4.3,0.3,1.0,0.333,0.2,0.7,0.333,0.1,0.3,0.333,0.444,0.4,0.6,0.8,0.0,0.3,0.3,0.3,0.2,0.0,0.7,0.1,1.3,
506.0,David Duke Jr.,25.0,SAS,SG,4.0,0.0,4.5,0.5,1.8,0.286,0.0,0.3,0.0,0.5,1.5,0.333,0.286,0.3,0.5,0.5,0.0,0.8,0.8,0.8,0.0,0.0,0.3,0.3,1.3,
507.0,Skal Labissière,28.0,SAC,PF,4.0,0.0,3.0,0.5,1.0,0.5,0.3,0.3,1.0,0.3,0.8,0.333,0.625,0.0,0.0,,0.3,0.5,0.8,0.3,0.0,0.0,0.0,0.3,1.3,
508.0,Bryce McGowens,22.0,POR,SG,10.0,0.0,2.3,0.4,0.8,0.5,0.0,0.3,0.0,0.4,0.5,0.8,0.5,0.5,0.6,0.833,0.1,0.0,0.1,0.1,0.1,0.0,0.3,0.2,1.3,
509.0,Yuki Kawamura,23.0,MEM,PG,20.0,0.0,3.2,0.4,1.1,0.364,0.2,0.8,0.25,0.2,0.3,0.667,0.455,0.2,0.3,0.667,0.0,0.4,0.4,0.7,0.1,0.0,0.2,0.4,1.2,
510.0,Chris Livingston,21.0,MIL,SF,14.0,1.0,4.9,0.4,1.1,0.4,0.0,0.4,0.0,0.4,0.7,0.6,0.4,0.4,0.6,0.625,0.5,1.1,1.6,0.1,0.4,0.0,0.4,0.4,1.2,
511.0,Sidy Cissoko,20.0,2TM,SF,20.0,0.0,3.0,0.5,0.9,0.5,0.2,0.4,0.429,0.3,0.6,0.545,0.583,0.1,0.3,0.167,0.2,0.4,0.6,0.3,0.1,0.0,0.2,0.4,1.1,
511.0,Sidy Cissoko,20.0,SAS,SF,17.0,0.0,3.2,0.5,1.1,0.5,0.2,0.4,0.429,0.4,0.6,0.545,0.583,0.1,0.4,0.167,0.2,0.4,0.6,0.4,0.1,0.0,0.1,0.4,1.3,
511.0,Sidy Cissoko,20.0,POR,SF,3.0,0.0,2.0,0.0,0.0,,0.0,0.0,,0.0,0.0,,,0.0,0.0,,0.3,0.0,0.3,0.0,0.0,0.0,0.3,0.3,0.0,
512.0,Colby Jones,22.0,SAC,SG,24.0,0.0,5.4,0.5,1.1,0.423,0.2,0.4,0.4,0.3,0.7,0.438,0.5,0.0,0.0,,0.3,0.6,1.0,0.3,0.3,0.3,0.3,0.5,1.1,
513.0,Trey Alexander,21.0,DEN,SG,18.0,0.0,4.4,0.4,1.3,0.292,0.1,0.6,0.2,0.3,0.8,0.357,0.333,0.1,0.1,1.0,0.0,0.5,0.5,0.4,0.1,0.1,0.2,0.4,1.0,
514.0,Yuri Collins,23.0,GSW,PG,2.0,0.0,8.0,0.5,1.5,0.333,0.0,0.0,,0.5,1.5,0.333,0.333,0.0,0.0,,1.0,0.5,1.5,2.0,1.0,0.0,0.0,2.5,1.0,
515.0,PJ Hall,22.0,DEN,C,15.0,0.0,3.1,0.4,0.9,0.429,0.0,0.3,0.0,0.4,0.6,0.667,0.429,0.2,0.3,0.75,0.3,0.8,1.1,0.2,0.0,0.1,0.1,0.4,1.0,
516.0,Xavier Tillman Sr.,26.0,BOS,C,29.0,1.0,7.1,0.4,1.6,0.261,0.2,0.9,0.185,0.2,0.7,0.368,0.315,0.0,0.1,0.5,0.3,1.0,1.3,0.2,0.3,0.2,0.4,0.6,1.0,
517.0,Emoni Bates,21.0,CLE,SF,7.0,0.0,3.9,0.3,2.0,0.143,0.3,1.6,0.182,0.0,0.4,0.0,0.214,0.0,0.0,,0.0,0.0,0.0,0.6,0.1,0.0,0.0,0.3,0.9,
518.0,RayJ Dennis,23.0,IND,PG,8.0,0.0,2.9,0.3,1.3,0.2,0.1,0.9,0.143,0.1,0.4,0.333,0.25,0.3,0.3,1.0,0.3,0.5,0.8,0.6,0.4,0.0,0.5,0.4,0.9,
519.0,Luke Travers,23.0,CLE,SG,9.0,0.0,6.1,0.3,1.2,0.273,0.0,0.4,0.0,0.3,0.8,0.429,0.273,0.2,0.2,1.0,0.6,0.8,1.3,0.6,0.1,0.1,0.6,0.4,0.9,
520.0,Maxwell Lewis,22.0,2TM,SF,13.0,0.0,3.9,0.3,1.0,0.308,0.2,0.3,0.5,0.2,0.7,0.222,0.385,0.0,0.0,,0.2,0.5,0.8,0.2,0.1,0.0,0.2,0.2,0.8,
520.0,Maxwell Lewis,22.0,LAL,SF,7.0,0.0,4.1,0.3,0.9,0.333,0.0,0.0,,0.3,0.9,0.333,0.333,0.0,0.0,,0.3,0.0,0.3,0.3,0.1,0.0,0.3,0.1,0.6,
520.0,Maxwell Lewis,22.0,BRK,SF,6.0,0.0,3.7,0.3,1.2,0.286,0.3,0.7,0.5,0.0,0.5,0.0,0.429,0.0,0.0,,0.2,1.2,1.3,0.2,0.0,0.0,0.2,0.3,1.0,
521.0,Jalen Bridges,23.0,PHO,SF,5.0,0.0,5.0,0.2,0.8,0.25,0.2,0.8,0.25,0.0,0.0,,0.375,0.2,0.4,0.5,0.0,0.6,0.6,0.0,0.0,0.0,0.8,0.0,0.8,
522.0,D.J. Carton,24.0,TOR,SG,4.0,0.0,8.3,0.3,1.8,0.143,0.0,0.8,0.0,0.3,1.0,0.25,0.143,0.3,0.3,1.0,0.0,1.0,1.0,0.8,0.5,0.0,1.0,0.3,0.8,
523.0,Josh Christopher,23.0,MIA,SG,8.0,0.0,3.5,0.3,0.9,0.286,0.0,0.1,0.0,0.3,0.8,0.333,0.286,0.3,0.5,0.5,0.0,0.4,0.4,0.5,0.0,0.1,0.5,0.1,0.8,
524.0,PJ Dozier,28.0,MIN,SG,9.0,0.0,3.9,0.2,0.3,0.667,0.2,0.3,0.667,0.0,0.0,,1.0,0.1,0.7,0.167,0.1,0.4,0.6,0.6,0.1,0.0,0.1,0.3,0.8,
525.0,Joe Ingles,37.0,MIN,SF,18.0,0.0,6.0,0.3,1.1,0.3,0.2,0.7,0.231,0.2,0.4,0.429,0.375,0.0,0.0,,0.1,0.5,0.6,1.2,0.1,0.0,0.4,0.6,0.8,
526.0,Ulrich Chomche,19.0,TOR,PF,7.0,0.0,4.6,0.3,0.7,0.4,0.0,0.0,,0.3,0.7,0.4,0.4,0.1,0.3,0.5,0.6,0.6,1.1,0.3,0.0,0.1,0.3,0.7,0.7,
527.0,James Johnson,37.0,IND,PF,12.0,0.0,3.1,0.3,0.9,0.364,0.0,0.3,0.0,0.3,0.7,0.5,0.364,0.0,0.1,0.0,0.0,0.5,0.5,0.3,0.0,0.2,0.3,0.4,0.7,
528.0,Liam Robbins,25.0,MIL,C,13.0,0.0,4.4,0.2,0.6,0.25,0.0,0.2,0.0,0.2,0.5,0.333,0.25,0.4,0.8,0.5,0.5,0.4,0.9,0.2,0.2,0.2,0.5,0.7,0.7,
529.0,Cui Yongxi,21.0,BRK,SG,5.0,0.0,2.0,0.2,1.4,0.143,0.0,0.6,0.0,0.2,0.8,0.25,0.143,0.2,0.4,0.5,0.0,0.4,0.4,0.0,0.0,0.0,0.0,0.0,0.6,
530.0,Garrett Temple,38.0,TOR,SG,19.0,0.0,4.4,0.2,0.9,0.167,0.1,0.5,0.111,0.1,0.5,0.222,0.194,0.2,0.2,1.0,0.2,0.5,0.7,0.7,0.4,0.1,0.2,0.5,0.6,
531.0,Stanley Umude,25.0,MIL,SG,20.0,0.0,3.3,0.2,1.2,0.174,0.1,0.7,0.154,0.1,0.5,0.2,0.217,0.1,0.2,0.5,0.2,0.6,0.8,0.2,0.2,0.2,0.1,0.3,0.6,
532.0,Tristen Newton,23.0,2TM,SG,8.0,0.0,2.0,0.1,1.0,0.125,0.0,0.4,0.0,0.1,0.6,0.2,0.125,0.1,0.1,1.0,0.3,0.3,0.5,0.3,0.1,0.0,0.3,0.5,0.4,
532.0,Tristen Newton,23.0,IND,SG,5.0,0.0,1.6,0.2,1.2,0.167,0.0,0.6,0.0,0.2,0.6,0.333,0.167,0.2,0.2,1.0,0.0,0.0,0.0,0.2,0.0,0.0,0.2,0.4,0.6,
532.0,Tristen Newton,23.0,MIN,SG,3.0,0.0,2.7,0.0,0.7,0.0,0.0,0.0,,0.0,0.7,0.0,0.0,0.0,0.0,,0.7,0.7,1.3,0.3,0.3,0.0,0.3,0.7,0.0,
533.0,Spencer Jones,23.0,DEN,SF,13.0,0.0,2.7,0.2,0.8,0.2,0.1,0.5,0.143,0.1,0.2,0.333,0.25,0.0,0.0,,0.2,0.3,0.5,0.0,0.2,0.0,0.2,0.4,0.4,
534.0,Jacob Toppin,24.0,NYK,SF,16.0,0.0,3.1,0.2,0.6,0.3,0.0,0.1,0.0,0.2,0.5,0.375,0.3,0.0,0.0,,0.1,0.6,0.7,0.3,0.1,0.0,0.1,0.2,0.4,
535.0,Malevy Leons,25.0,OKC,SF,6.0,0.0,3.5,0.0,0.3,0.0,0.0,0.2,0.0,0.0,0.2,0.0,0.0,0.3,0.7,0.5,0.2,0.3,0.5,0.2,0.0,0.0,0.2,0.7,0.3,
536.0,Daishen Nix,22.0,MIN,PG,3.0,0.0,4.3,0.0,0.3,0.0,0.0,0.3,0.0,0.0,0.0,,0.0,0.3,0.7,0.5,0.0,1.3,1.3,1.0,0.0,0.0,1.3,0.3,0.3,
537.0,Jesse Edwards,24.0,MIN,C,2.0,0.0,2.5,0.0,0.0,,0.0,0.0,,0.0,0.0,,,0.0,0.0,,0.0,0.0,0.0,0.5,0.0,0.0,0.0,1.0,0.0,
538.0,Harrison Ingram,22.0,SAS,SF,2.0,0.0,5.5,0.0,1.0,0.0,0.0,0.5,0.0,0.0,0.5,0.0,0.0,0.0,0.0,,0.0,1.0,1.0,0.0,0.0,0.0,0.0,0.5,0.0,
539.0,Daniss Jenkins,23.0,DET,PG,5.0,0.0,2.0,0.0,0.8,0.0,0.0,0.8,0.0,0.0,0.0,,0.0,0.0,0.0,,0.0,0.0,0.0,0.0,0.0,0.0,0.2,0.4,0.0,
540.0,Bobi Klintman,21.0,DET,SF,6.0,0.0,2.8,0.0,0.3,0.0,0.0,0.2,0.0,0.0,0.2,0.0,0.0,0.0,0.0,,0.0,0.7,0.7,0.2,0.0,0.2,0.2,0.3,0.0,
541.0,Mac McClung,26.0,ORL,SG,1.0,0.0,5.0,0.0,0.0,,0.0,0.0,,0.0,0.0,,,0.0,0.0,,0.0,1.0,1.0,2.0,0.0,0.0,0.0,0.0,0.0,
542.0,Jalen McDaniels,27.0,WAS,SF,4.0,0.0,1.8,0.0,0.0,,0.0,0.0,,0.0,0.0,,,0.0,0.0,,0.0,0.0,0.0,0.3,0.3,0.0,0.0,0.0,0.0,
543.0,Emanuel Miller,24.0,CHI,PF,1.0,0.0,2.0,0.0,0.0,,0.0,0.0,,0.0,0.0,,,0.0,0.0,,0.0,0.0,0.0,0.0,0.0,0.0,0.0,0.0,0.0,
544.0,Justin Minaya,25.0,POR,SF,7.0,0.0,2.7,0.0,0.3,0.0,0.0,0.1,0.0,0.0,0.1,0.0,0.0,0.0,0.0,,0.3,0.1,0.4,0.3,0.1,0.0,0.0,0.4,0.0,
545.0,Riley Minix,24.0,SAS,SF,1.0,0.0,7.0,0.0,1.0,0.0,0.0,1.0,0.0,0.0,0.0,,0.0,0.0,0.0,,0.0,2.0,2.0,0.0,0.0,0.0,0.0,0.0,0.0,
546.0,Miles Norris,24.0,BOS,PF,1.0,0.0,4.0,0.0,0.0,,0.0,0.0,,0.0,0.0,,,0.0,0.0,,0.0,2.0,2.0,0.0,0.0,0.0,0.0,0.0,0.0,
547.0,Jahlil Okafor,29.0,IND,C,1.0,0.0,3.0,0.0,0.0,,0.0,0.0,,0.0,0.0,,,0.0,0.0,,0.0,1.0,1.0,1.0,0.0,0.0,0.0,0.0,0.0,
548.0,Chuma Okeke,26.0,PHI,PF,1.0,0.0,2.0,0.0,0.0,,0.0,0.0,,0.0,0.0,,,0.0,0.0,,0.0,1.0,1.0,0.0,0.0,0.0,0.0,0.0,0.0,
549.0,Zyon Pullin,23.0,MEM,SG,3.0,0.0,1.0,0.0,0.3,0.0,0.0,0.0,,0.0,0.3,0.0,0.0,0.0,0.0,,0.0,0.0,0.0,0.0,0.0,0.0,0.0,0.0,0.0,
550.0,Cole Swider,25.0,DET,SF,2.0,0.0,6.5,0.0,2.5,0.0,0.0,2.5,0.0,0.0,0.0,,0.0,0.0,0.0,,0.0,1.0,1.0,0.5,0.0,0.0,0.0,0.5,0.0,
551.0,Anton Watson,24.0,NYK,SF,1.0,0.0,4.0,0.0,3.0,0.0,0.0,0.0,,0.0,3.0,0.0,0.0,0.0,0.0,,0.0,0.0,0.0,1.0,0.0,0.0,1.0,0.0,0.0,
552.0,Jahmir Young,24.0,CHI,PG,1.0,0.0,2.0,0.0,0.0,,0.0,0.0,,0.0,0.0,,,0.0,0.0,,0.0,1.0,1.0,1.0,0.0,0.0,0.0,0.0,0.0,
,League Average,,,,,,,,,0.466,,,0.358,,,0.544,0.541,,,0.781,,,,,,,,,,
