Rk,Player,Age,Team,Pos,G,GS,MP,FG,FGA,FG%,3P,3PA,3P%,2P,2PA,2P%,eFG%,FT,FTA,FT%,ORB,DRB,TRB,AST,STL,BLK,TOV,PF,PTS,Awards
1.0,Luka Dončić,26.0,LAL,PG,42.0,42.0,35.5,10.4,22.0,0.473,3.5,10.3,0.345,6.9,11.7,0.587,0.554,8.5,10.9,0.781,0.8,7.1,7.8,8.6,1.5,0.5,4.3,2.4,32.8,
2.0,Shai Gilgeous-Alexander,27.0,OKC,PG,49.0,49.0,33.3,10.9,19.7,0.554,1.8,4.6,0.39,9.1,15.1,0.603,0.599,8.2,9.2,0.892,0.6,3.9,4.4,6.4,1.3,0.8,2.1,2.1,31.8,
3.0,Jaylen Brown,29.0,BOS,SF,49.0,49.0,34.2,10.9,22.6,0.483,2.1,6.0,0.348,8.8,16.6,0.532,0.529,5.4,7.0,0.775,1.2,5.7,6.9,4.7,1.0,0.4,3.6,2.8,29.3,
4.0,Anthony Edwards,24.0,MIN,SG,46.0,46.0,35.5,10.1,20.4,0.493,3.4,8.4,0.402,6.7,12.0,0.556,0.575,5.8,7.3,0.795,0.7,4.5,5.2,3.7,1.3,0.8,2.7,1.8,29.3,
5.0,Donovan Mitchell,29.0,CLE,SG,51.0,51.0,33.7,10.1,20.8,0.487,3.6,9.6,0.376,6.5,11.1,0.583,0.574,5.1,6.0,0.853,0.8,3.7,4.5,5.9,1.5,0.3,3.1,2.5,29.0,
6.0,Tyrese Maxey,25.0,PHI,PG,52.0,52.0,38.6,10.1,21.5,0.469,3.3,8.8,0.379,6.7,12.7,0.532,0.547,5.4,6.1,0.889,0.3,3.8,4.1,6.8,2.0,0.8,2.4,2.3,28.9,
7.0,Nikola Jokić,30.0,DEN,C,39.0,39.0,34.3,10.1,17.1,0.59,1.9,4.6,0.42,8.1,12.4,0.654,0.647,6.6,7.8,0.84,3.1,9.2,12.3,10.7,1.4,0.8,3.7,2.7,28.7,
8.0,Giannis Antetokounmpo,31.0,MIL,PF,30.0,30.0,29.2,10.5,16.2,0.645,0.5,1.3,0.395,10.0,15.0,0.666,0.66,6.5,9.9,0.658,2.8,7.2,10.0,5.6,0.9,0.7,3.3,2.6,28.0,
9.0,Kawhi Leonard,34.0,LAC,SF,41.0,41.0,32.8,9.7,19.7,0.491,2.7,7.0,0.383,7.0,12.7,0.551,0.559,5.8,6.4,0.912,1.1,5.4,6.4,3.7,2.1,0.5,2.1,1.3,27.9,
10.0,Stephen Curry,37.0,GSW,PG,39.0,39.0,31.3,8.9,19.1,0.468,4.5,11.5,0.391,4.4,7.6,0.584,0.585,4.9,5.2,0.931,0.4,3.1,3.5,4.8,1.1,0.4,2.8,1.9,27.2,
11.0,Jalen Brunson,29.0,NYK,PG,50.0,50.0,34.6,9.6,20.5,0.47,2.9,7.8,0.374,6.7,12.7,0.528,0.541,4.9,5.7,0.847,0.5,2.8,3.3,6.1,0.7,0.1,2.2,2.3,27.0,
12.0,Lauri Markkanen,28.0,UTA,PF,41.0,41.0,34.4,9.1,19.1,0.478,2.8,7.7,0.363,6.3,11.4,0.556,0.551,5.7,6.3,0.892,2.0,5.0,7.0,2.1,1.0,0.5,1.5,1.9,26.7,
13.0,Joel Embiid,31.0,PHI,C,31.0,31.0,31.4,9.0,18.2,0.494,1.3,3.9,0.32,7.7,14.2,0.542,0.528,7.4,8.6,0.858,2.1,5.4,7.5,3.9,0.6,1.1,3.0,2.2,26.6,
14.0,Kevin Durant,37.0,HOU,SF,50.0,50.0,36.7,9.0,17.9,0.506,2.3,5.8,0.403,6.7,12.1,0.554,0.57,5.4,6.2,0.88,0.5,4.8,5.3,4.4,0.8,0.9,3.2,2.0,25.8,
15.0,Jamal Murray,28.0,DEN,PG,50.0,50.0,35.6,9.1,18.7,0.485,3.2,7.4,0.425,5.9,11.3,0.524,0.569,4.4,5.0,0.887,0.4,4.0,4.4,7.6,1.0,0.4,2.3,1.6,25.7,
16.0,Austin Reaves,27.0,LAL,SG,28.0,22.0,33.5,7.9,15.5,0.508,2.5,6.9,0.363,5.4,8.6,0.625,0.589,7.2,8.3,0.867,0.7,4.4,5.0,6.0,1.0,0.2,3.4,2.2,25.4,
17.0,Cade Cunningham,24.0,DET,PG,47.0,47.0,34.9,8.9,19.2,0.462,1.9,5.8,0.33,6.9,13.4,0.519,0.512,5.7,7.1,0.808,1.0,4.7,5.6,9.6,1.5,0.8,3.7,3.2,25.3,
18.0,Deni Avdija,25.0,POR,SF,46.0,46.0,34.3,7.7,16.6,0.463,2.2,6.4,0.346,5.5,10.2,0.536,0.529,7.6,9.4,0.802,1.2,6.0,7.2,6.6,0.8,0.6,3.9,2.7,25.2,
19.0,Devin Booker,29.0,PHO,SG,43.0,43.0,33.9,8.3,18.2,0.455,1.7,5.5,0.311,6.6,12.7,0.518,0.503,6.9,8.0,0.863,0.8,3.2,4.0,6.3,0.9,0.3,3.3,2.7,25.2,
20.0,James Harden,36.0,2TM,PG,47.0,47.0,35.2,7.2,17.1,0.42,3.0,8.7,0.35,4.1,8.4,0.492,0.509,7.6,8.4,0.902,0.6,4.2,4.9,8.2,1.2,0.4,3.7,1.9,25.0,
20.0,James Harden,36.0,LAC,PG,44.0,44.0,35.4,7.3,17.5,0.419,3.1,8.8,0.347,4.3,8.7,0.492,0.506,7.7,8.5,0.901,0.6,4.2,4.8,8.1,1.3,0.4,3.7,1.9,25.4,
20.0,James Harden,36.0,CLE,PG,3.0,3.0,32.3,5.0,11.0,0.455,2.7,6.3,0.421,2.3,4.7,0.5,0.576,6.7,7.3,0.909,1.0,4.3,5.3,8.7,0.3,1.3,3.7,2.3,19.3,
21.0,Michael Porter Jr.,27.0,BRK,SF,41.0,41.0,33.0,8.8,18.6,0.474,3.7,9.5,0.385,5.2,9.1,0.568,0.573,3.7,4.3,0.853,1.3,5.9,7.2,3.2,1.0,0.2,2.5,2.2,25.0,
22.0,Victor Wembanyama,22.0,SAS,C,40.0,31.0,29.0,8.4,16.4,0.511,1.8,5.0,0.363,6.5,11.3,0.576,0.567,5.9,7.3,0.81,2.0,9.1,11.1,2.8,1.0,2.7,2.6,2.7,24.4,
23.0,Keyonte George,22.0,UTA,PG,48.0,48.0,33.9,7.5,16.3,0.458,2.5,6.7,0.375,5.0,9.6,0.515,0.535,6.4,7.1,0.894,0.5,3.4,3.9,6.5,1.1,0.3,3.3,2.3,23.8,
24.0,Pascal Siakam,31.0,IND,PF,51.0,51.0,33.8,8.9,18.6,0.48,1.8,4.9,0.369,7.1,13.6,0.521,0.53,4.1,6.0,0.68,1.5,5.2,6.7,3.9,1.1,0.5,2.2,2.4,23.7,
25.0,Jalen Johnson,24.0,ATL,SF,50.0,50.0,35.7,8.6,17.2,0.502,1.7,4.7,0.353,7.0,12.5,0.558,0.55,4.3,5.6,0.778,1.6,9.1,10.6,8.2,1.3,0.5,3.4,2.1,23.3,
26.0,Norman Powell,32.0,MIA,SG,45.0,45.0,30.6,7.7,16.2,0.474,2.9,7.3,0.396,4.8,8.9,0.538,0.563,4.8,5.6,0.843,0.4,3.3,3.6,2.6,1.2,0.2,2.0,2.2,23.0,
27.0,Julius Randle,31.0,MIN,PF,56.0,56.0,33.6,7.8,15.9,0.492,1.6,4.8,0.325,6.3,11.1,0.563,0.54,5.1,6.3,0.823,1.7,5.3,7.0,5.4,1.1,0.3,2.6,2.8,22.3,
28.0,Trey Murphy III,25.0,NOP,SF,52.0,52.0,35.6,7.8,16.3,0.476,3.2,8.6,0.378,4.5,7.8,0.586,0.575,3.3,3.7,0.892,1.1,4.7,5.7,3.8,1.5,0.3,1.8,2.1,22.1,
29.0,LeBron James,41.0,LAL,SF,36.0,36.0,33.3,8.2,16.3,0.502,1.4,4.6,0.305,6.8,11.7,0.58,0.545,4.2,5.6,0.746,0.7,5.1,5.8,7.1,1.1,0.6,3.1,1.4,22.0,
30.0,Tyler Herro,26.0,MIA,SG,11.0,10.0,31.7,8.2,16.5,0.497,2.2,6.1,0.358,6.0,10.4,0.579,0.564,3.4,3.7,0.902,0.5,4.2,4.7,2.7,1.0,0.5,1.5,2.0,21.9,
31.0,Brandon Ingram,28.0,TOR,SF,53.0,53.0,34.0,8.1,17.1,0.474,1.8,5.0,0.365,6.3,12.2,0.518,0.526,3.8,4.5,0.837,0.8,4.9,5.7,3.7,0.8,0.8,2.5,1.9,21.8,
32.0,Zion Williamson,25.0,NOP,PF,40.0,33.0,29.7,8.0,13.7,0.584,0.0,0.1,0.0,8.0,13.6,0.587,0.584,5.6,7.9,0.711,2.3,3.9,6.1,3.5,1.0,0.6,2.3,2.4,21.6,
33.0,Shaedon Sharpe,22.0,POR,SG,48.0,42.0,30.0,8.0,17.6,0.456,2.1,6.2,0.34,5.9,11.5,0.518,0.515,3.2,4.0,0.784,1.0,3.4,4.4,2.6,1.4,0.1,3.0,2.0,21.4,
34.0,Paolo Banchero,23.0,ORL,PF,43.0,43.0,34.5,7.1,15.6,0.454,1.1,3.8,0.302,5.9,11.8,0.502,0.49,6.0,7.9,0.762,1.1,7.3,8.4,4.8,0.7,0.6,2.7,1.9,21.3,
35.0,Franz Wagner,24.0,ORL,SF,28.0,26.0,31.8,7.3,15.3,0.479,1.5,4.1,0.365,5.8,11.2,0.521,0.528,5.1,6.2,0.828,1.5,4.3,5.8,3.6,1.1,0.3,1.7,2.3,21.3,
36.0,Dillon Brooks,30.0,PHO,SF,49.0,49.0,31.1,7.8,17.6,0.441,2.4,6.9,0.343,5.4,10.7,0.504,0.508,3.3,3.8,0.856,0.8,2.9,3.7,1.8,1.1,0.2,1.8,3.4,21.2,
37.0,Alperen Şengün,23.0,HOU,C,46.0,46.0,33.9,8.0,16.2,0.497,0.6,1.9,0.299,7.5,14.3,0.524,0.515,4.0,5.8,0.691,3.2,6.2,9.4,6.3,1.3,1.0,3.2,3.3,20.7,
38.0,Brandon Miller,23.0,CHO,SF,38.0,38.0,30.5,7.1,16.7,0.425,3.0,8.1,0.366,4.1,8.6,0.48,0.513,3.4,3.9,0.891,1.1,3.7,4.7,3.3,1.1,0.9,2.7,2.8,20.6,
39.0,Anthony Davis,32.0,DAL,PF,20.0,20.0,31.3,8.5,16.7,0.506,0.5,1.9,0.27,8.0,14.9,0.535,0.521,3.0,4.1,0.728,3.1,8.0,11.1,2.8,1.1,1.7,2.1,2.1,20.4,
40.0,Cooper Flagg,19.0,DAL,SF,49.0,49.0,34.1,7.8,16.1,0.482,1.1,3.5,0.302,6.7,12.6,0.532,0.515,3.8,4.7,0.804,1.1,5.4,6.6,4.1,1.2,0.8,2.2,2.1,20.4,
41.0,Nickeil Alexander-Walker,27.0,ATL,SG,54.0,47.0,33.2,6.8,15.7,0.433,3.0,8.1,0.373,3.8,7.6,0.498,0.529,3.4,3.9,0.885,0.6,3.0,3.6,3.7,1.2,0.6,2.0,2.2,20.1,
42.0,Jimmy Butler,36.0,GSW,SF,38.0,38.0,31.1,6.3,12.2,0.519,0.8,2.2,0.376,5.5,9.9,0.552,0.554,6.5,7.6,0.864,2.3,3.2,5.6,4.9,1.4,0.2,1.6,1.2,20.0,
43.0,Karl-Anthony Towns,30.0,NYK,C,51.0,51.0,31.3,6.5,14.0,0.466,1.6,4.5,0.351,5.0,9.5,0.521,0.522,5.2,6.1,0.854,3.0,8.9,11.9,2.9,0.9,0.6,2.5,3.5,19.8,
44.0,Ty Jerome,28.0,MEM,SG,6.0,6.0,20.2,6.3,11.8,0.535,2.3,5.8,0.4,4.0,6.0,0.667,0.634,4.7,5.5,0.848,0.5,1.7,2.2,6.0,1.2,0.3,1.7,2.2,19.7,
45.0,Desmond Bane,27.0,ORL,SG,53.0,53.0,34.0,7.1,15.0,0.472,1.9,5.2,0.372,5.2,9.9,0.524,0.536,3.5,3.8,0.93,1.2,2.9,4.2,4.2,0.9,0.5,2.2,3.1,19.6,
46.0,Ja Morant,26.0,MEM,PG,20.0,20.0,28.5,6.6,16.1,0.41,1.0,4.3,0.235,5.6,11.9,0.473,0.441,5.3,5.9,0.897,0.4,2.9,3.3,8.1,1.0,0.3,3.6,2.0,19.5,
47.0,Jaren Jackson Jr.,26.0,2TM,C,48.0,48.0,30.3,7.1,15.0,0.476,1.8,4.9,0.357,5.4,10.1,0.533,0.534,3.4,4.2,0.803,0.9,4.8,5.7,2.0,1.1,1.4,2.2,3.7,19.4,
47.0,Jaren Jackson Jr.,26.0,MEM,C,45.0,45.0,30.7,7.1,14.9,0.475,1.8,4.9,0.359,5.3,10.0,0.531,0.534,3.3,4.2,0.797,0.9,4.8,5.8,1.9,1.0,1.5,2.2,3.8,19.2,
47.0,Jaren Jackson Jr.,26.0,UTA,C,3.0,3.0,24.0,8.0,16.3,0.49,1.7,5.0,0.333,6.3,11.3,0.559,0.541,4.7,5.3,0.875,0.3,4.0,4.3,2.7,2.0,0.3,2.3,3.0,22.3,
48.0,De'Aaron Fox,28.0,SAS,PG,45.0,45.0,32.0,7.2,15.0,0.484,2.0,5.7,0.353,5.2,9.3,0.563,0.55,2.9,3.7,0.795,0.6,3.3,3.8,6.3,1.3,0.3,2.4,2.2,19.4,
49.0,LaMelo Ball,24.0,CHO,PG,45.0,42.0,27.7,6.8,17.0,0.401,3.4,9.5,0.363,3.4,7.5,0.448,0.502,2.2,2.5,0.885,0.8,4.0,4.8,7.4,1.1,0.2,3.0,2.6,19.3,
50.0,Scottie Barnes,24.0,TOR,PF,54.0,54.0,34.4,7.5,14.9,0.504,0.9,3.0,0.301,6.6,11.9,0.555,0.534,3.4,4.1,0.82,2.2,6.2,8.4,5.6,1.3,1.6,2.6,2.9,19.3,
51.0,Trae Young,27.0,ATL,PG,10.0,10.0,28.0,5.6,13.5,0.415,1.8,5.9,0.305,3.8,7.6,0.5,0.481,6.3,7.3,0.863,0.0,1.5,1.5,8.9,1.0,0.1,2.6,2.0,19.3,
52.0,Zach LaVine,30.0,SAC,SG,39.0,37.0,31.4,6.7,14.0,0.479,2.5,6.5,0.39,4.2,7.5,0.556,0.569,3.2,3.6,0.88,0.2,2.6,2.8,2.3,0.7,0.3,1.9,2.1,19.2,
53.0,Kon Knueppel,20.0,CHO,SF,54.0,53.0,32.1,6.5,13.4,0.484,3.4,7.9,0.431,3.1,5.5,0.56,0.611,2.6,2.8,0.902,1.2,4.3,5.5,3.6,0.7,0.2,2.2,2.1,18.9,
54.0,Jerami Grant,31.0,POR,PF,40.0,21.0,29.1,5.8,13.2,0.438,2.3,6.2,0.374,3.5,7.0,0.495,0.526,4.9,5.9,0.827,0.9,2.6,3.5,2.4,0.7,0.7,2.1,2.6,18.8,
55.0,CJ McCollum,34.0,2TM,SG,51.0,37.0,30.1,6.9,15.3,0.455,2.6,6.8,0.382,4.4,8.5,0.514,0.54,2.3,3.0,0.775,0.7,2.7,3.4,3.6,0.7,0.4,1.7,1.9,18.8,
55.0,CJ McCollum,34.0,WAS,SG,35.0,35.0,30.9,6.9,15.1,0.454,2.7,7.0,0.393,4.1,8.1,0.505,0.544,2.3,2.9,0.804,0.7,2.9,3.5,3.6,0.7,0.3,1.7,2.1,18.8,
55.0,CJ McCollum,34.0,ATL,PG,16.0,2.0,28.4,7.1,15.6,0.458,2.3,6.4,0.353,4.9,9.2,0.531,0.53,2.2,3.1,0.714,0.8,2.4,3.1,3.5,0.9,0.6,1.8,1.6,18.7,
56.0,DeMar DeRozan,36.0,SAC,PF,56.0,56.0,32.4,6.6,13.4,0.494,0.7,2.2,0.336,5.9,11.2,0.525,0.521,4.8,5.5,0.864,0.5,2.7,3.2,3.8,1.2,0.3,1.1,2.0,18.7,
57.0,Josh Giddey,23.0,CHI,PG,34.0,31.0,32.1,6.4,13.8,0.462,1.7,4.7,0.366,4.6,9.1,0.511,0.524,4.1,5.2,0.775,1.2,7.4,8.6,8.8,0.9,0.3,3.5,1.6,18.6,
58.0,Coby White,25.0,CHI,SG,29.0,26.0,29.1,5.9,13.6,0.438,2.5,7.2,0.346,3.4,6.4,0.541,0.529,4.3,5.3,0.805,0.2,3.5,3.7,4.7,0.7,0.1,3.0,2.4,18.6,
59.0,RJ Barrett,25.0,TOR,SF,31.0,31.0,29.5,6.7,13.9,0.481,1.7,5.1,0.342,5.0,8.8,0.562,0.544,3.4,4.8,0.705,0.9,4.3,5.2,3.6,0.8,0.3,1.7,2.4,18.5,
60.0,Bam Adebayo,28.0,MIA,C,48.0,48.0,31.4,6.5,14.7,0.443,1.6,4.8,0.338,4.9,9.9,0.494,0.498,3.8,4.9,0.782,2.1,7.8,9.9,2.8,1.0,0.7,1.9,1.6,18.4,
61.0,Miles Bridges,27.0,CHO,PF,53.0,53.0,32.2,6.5,14.5,0.449,2.1,6.5,0.327,4.4,8.0,0.546,0.522,3.1,3.6,0.845,1.0,5.1,6.1,3.5,0.5,0.5,1.5,1.8,18.2,
62.0,Darius Garland,26.0,CLE,PG,26.0,26.0,30.5,6.5,14.5,0.451,2.3,6.3,0.36,4.3,8.2,0.521,0.529,2.6,3.0,0.861,0.5,2.0,2.4,6.9,0.8,0.1,2.8,1.8,18.0,
63.0,Evan Mobley,24.0,CLE,PF,42.0,40.0,33.4,6.9,13.5,0.512,1.1,3.8,0.304,5.8,9.8,0.593,0.555,2.9,4.6,0.635,2.3,6.5,8.8,4.0,0.9,2.0,2.1,2.5,17.9,
64.0,Jalen Duren,22.0,DET,C,44.0,44.0,27.7,6.9,10.9,0.631,0.0,0.0,,6.9,10.9,0.631,0.631,3.9,5.3,0.737,3.7,6.7,10.4,1.8,0.9,0.8,1.9,2.8,17.7,
65.0,Aaron Gordon,30.0,DEN,PF,23.0,20.0,27.9,6.0,11.9,0.509,1.8,4.6,0.4,4.2,7.3,0.577,0.586,3.7,4.7,0.789,1.3,4.9,6.2,2.5,0.7,0.2,1.0,1.7,17.7,
66.0,Amen Thompson,23.0,HOU,PG,52.0,52.0,37.3,6.8,13.4,0.505,0.3,1.7,0.205,6.4,11.8,0.548,0.518,3.7,4.7,0.785,2.9,4.7,7.6,5.4,1.4,0.6,2.5,2.2,17.6,
67.0,Jalen Williams,24.0,OKC,SG,26.0,26.0,29.0,6.7,14.0,0.479,0.8,2.5,0.313,6.0,11.6,0.515,0.507,3.3,3.9,0.833,0.7,4.0,4.7,5.4,1.3,0.3,1.9,2.1,17.5,
68.0,Bennedict Mathurin,23.0,2TM,SF,30.0,24.0,31.6,5.4,12.7,0.425,2.0,5.4,0.366,3.4,7.3,0.468,0.503,4.6,5.2,0.885,0.8,4.5,5.4,2.3,0.8,0.2,2.2,2.7,17.4,
68.0,Bennedict Mathurin,23.0,IND,SF,28.0,24.0,31.8,5.5,12.8,0.433,2.1,5.6,0.372,3.5,7.2,0.48,0.514,4.6,5.2,0.884,0.8,4.6,5.4,2.3,0.6,0.1,2.3,2.7,17.8,
68.0,Bennedict Mathurin,23.0,LAC,SF,2.0,0.0,28.5,3.5,11.5,0.304,0.5,2.5,0.2,3.0,9.0,0.333,0.326,5.0,5.5,0.909,1.5,3.5,5.0,3.5,3.0,0.5,0.5,2.5,12.5,
69.0,Chet Holmgren,23.0,OKC,PF,49.0,49.0,29.2,6.5,11.6,0.56,1.2,3.6,0.349,5.2,8.0,0.654,0.614,3.2,4.1,0.786,1.9,6.8,8.7,1.6,0.5,1.9,1.5,2.4,17.4,
70.0,Andrew Nembhard,26.0,IND,PG,43.0,43.0,32.1,6.1,13.8,0.441,1.9,5.3,0.364,4.2,8.5,0.489,0.511,3.3,4.0,0.816,0.4,2.5,3.0,7.5,0.9,0.2,2.4,2.2,17.4,
71.0,Kevin Porter Jr.,25.0,MIL,PG,28.0,26.0,33.7,6.1,13.6,0.448,1.4,4.4,0.323,4.7,9.2,0.508,0.5,3.7,4.2,0.873,0.9,4.4,5.2,7.6,2.2,0.4,3.2,2.1,17.3,
72.0,Payton Pritchard,28.0,BOS,PG,53.0,48.0,32.7,6.5,14.0,0.462,2.6,7.2,0.356,3.9,6.8,0.575,0.554,1.7,2.0,0.856,0.9,3.3,4.2,5.3,0.8,0.1,1.2,1.4,17.2,
73.0,Alex Sarr,20.0,WAS,C,41.0,41.0,28.2,7.0,14.0,0.496,1.0,2.9,0.336,6.0,11.1,0.537,0.53,2.3,3.3,0.691,2.3,5.4,7.8,2.8,0.8,2.0,1.7,2.1,17.2,
74.0,Derrick White,31.0,BOS,SG,52.0,52.0,34.3,6.0,15.3,0.389,2.9,8.8,0.325,3.1,6.5,0.478,0.483,2.4,2.7,0.894,1.0,3.4,4.4,5.6,1.2,1.4,1.8,1.6,17.2,
75.0,Kristaps Porziņģis,30.0,ATL,C,17.0,12.0,24.3,5.6,12.4,0.457,1.8,5.1,0.36,3.8,7.3,0.524,0.531,4.0,4.8,0.84,1.2,3.9,5.1,2.7,0.5,1.3,0.9,3.2,17.1,
76.0,Grayson Allen,30.0,PHO,SG,35.0,26.0,30.3,5.6,13.5,0.418,3.3,9.1,0.369,2.3,4.4,0.519,0.542,2.4,2.9,0.842,0.7,2.3,3.0,4.0,1.4,0.3,1.7,2.3,17.0,
77.0,Immanuel Quickley,26.0,TOR,PG,52.0,52.0,32.4,5.9,13.3,0.445,2.7,7.0,0.38,3.3,6.3,0.518,0.545,2.5,3.1,0.805,0.6,3.8,4.4,6.1,1.2,0.1,1.6,2.1,17.0,
78.0,Ryan Rollins,23.0,MIL,PG,51.0,46.0,32.0,6.5,14.0,0.463,2.4,5.9,0.407,4.1,8.1,0.505,0.549,1.5,2.0,0.757,0.8,3.8,4.6,5.5,1.5,0.4,2.4,2.7,16.9,
79.0,Nikola Vučević,35.0,2TM,C,51.0,48.0,30.5,6.8,13.6,0.504,1.7,4.5,0.378,5.1,9.1,0.566,0.566,1.3,1.6,0.825,2.2,6.9,9.0,3.7,0.7,0.7,1.5,2.1,16.7,
79.0,Nikola Vučević,35.0,CHI,C,48.0,48.0,30.8,6.9,13.8,0.505,1.7,4.5,0.376,5.2,9.2,0.568,0.567,1.3,1.5,0.838,2.1,6.9,9.0,3.8,0.7,0.6,1.4,2.0,16.9,
79.0,Nikola Vučević,35.0,BOS,C,3.0,0.0,26.0,5.3,11.0,0.485,1.7,4.0,0.417,3.7,7.0,0.524,0.561,1.3,2.0,0.667,3.3,6.3,9.7,2.3,1.0,1.0,2.7,2.7,13.7,
80.0,OG Anunoby,28.0,NYK,PF,41.0,41.0,33.0,5.8,12.2,0.479,2.1,5.6,0.37,3.8,6.6,0.572,0.564,2.8,3.5,0.8,1.4,4.0,5.5,2.4,1.7,0.7,2.1,2.5,16.6,
81.0,Saddiq Bey,26.0,NOP,SF,49.0,41.0,30.5,5.7,12.7,0.446,1.9,5.4,0.348,3.8,7.3,0.518,0.52,3.3,3.9,0.844,1.6,4.2,5.9,2.5,0.9,0.0,0.7,1.2,16.6,
82.0,Stephon Castle,21.0,SAS,PG,44.0,43.0,30.2,5.7,12.2,0.464,1.0,3.6,0.288,4.6,8.6,0.538,0.507,4.2,5.8,0.722,1.2,3.8,5.0,7.0,1.3,0.3,3.4,3.4,16.5,
83.0,Onyeka Okongwu,25.0,ATL,C,50.0,39.0,31.9,6.0,12.4,0.484,2.1,5.4,0.379,3.9,7.0,0.566,0.567,2.2,2.8,0.779,1.9,5.8,7.7,3.2,1.2,1.0,1.9,3.5,16.2,
84.0,Anthony Black,22.0,ORL,PG,53.0,33.0,31.1,5.8,12.5,0.46,1.7,4.8,0.346,4.1,7.7,0.532,0.527,2.8,3.8,0.755,0.8,3.3,4.0,4.0,1.4,0.7,2.2,2.8,16.1,
85.0,Paul George,35.0,PHI,PF,27.0,27.0,30.5,5.6,13.1,0.424,2.4,6.4,0.382,3.1,6.7,0.464,0.517,2.4,2.8,0.855,0.5,4.6,5.1,3.7,1.5,0.5,1.6,2.2,16.0,
86.0,Mikal Bridges,29.0,NYK,SF,55.0,55.0,34.5,6.4,12.6,0.504,2.1,5.6,0.386,4.2,7.1,0.598,0.589,1.1,1.3,0.829,1.1,3.1,4.2,4.1,1.4,0.8,1.1,2.0,15.9,
87.0,Andrew Wiggins,30.0,MIA,SF,50.0,50.0,31.3,6.1,13.0,0.471,2.0,5.0,0.395,4.1,8.0,0.518,0.546,1.8,2.3,0.767,1.8,3.2,5.0,2.8,1.2,1.0,1.7,2.2,15.9,
88.0,Domantas Sabonis,29.0,SAC,C,19.0,15.0,29.7,6.3,11.6,0.543,0.3,1.4,0.185,6.1,10.2,0.593,0.554,2.9,4.1,0.727,3.4,8.0,11.4,4.1,0.9,0.2,2.7,3.5,15.8,
89.0,Cam Thomas,24.0,2TM,SG,27.0,8.0,23.7,5.2,12.8,0.408,1.6,4.8,0.331,3.6,8.0,0.454,0.47,3.7,4.3,0.855,0.3,1.5,1.8,2.9,0.1,0.1,2.0,1.2,15.7,
89.0,Cam Thomas,24.0,BRK,SG,24.0,8.0,24.3,5.1,12.8,0.399,1.6,4.9,0.325,3.5,8.0,0.445,0.461,3.8,4.5,0.843,0.4,1.4,1.8,3.1,0.2,0.1,2.0,1.3,15.6,
89.0,Cam Thomas,24.0,MIL,SG,3.0,0.0,19.3,6.0,12.7,0.474,1.7,4.3,0.385,4.3,8.3,0.52,0.539,3.0,3.0,1.0,0.0,2.0,2.0,1.7,0.0,0.0,1.7,0.3,16.7,
90.0,Jrue Holiday,35.0,POR,PG,27.0,25.0,28.3,5.8,12.8,0.454,2.4,6.3,0.374,3.4,6.5,0.531,0.546,1.7,2.1,0.793,1.6,3.1,4.7,6.5,1.2,0.1,2.6,1.7,15.7,
91.0,Russell Westbrook,37.0,SAC,SF,52.0,46.0,29.3,5.7,13.1,0.43,2.1,6.0,0.345,3.6,7.2,0.501,0.509,1.9,2.8,0.697,1.4,4.3,5.7,6.6,1.3,0.2,3.4,2.5,15.3,
92.0,Matas Buzelis,21.0,CHI,PF,55.0,55.0,28.3,5.4,11.5,0.474,2.1,5.5,0.372,3.4,5.9,0.569,0.563,2.2,2.9,0.778,1.0,4.3,5.4,2.1,0.7,1.5,1.9,2.4,15.2,
93.0,Jaime Jaquez Jr.,24.0,MIA,SF,51.0,1.0,28.9,6.2,12.2,0.505,0.5,2.0,0.265,5.6,10.2,0.552,0.527,2.4,3.2,0.748,1.3,4.1,5.4,4.7,0.8,0.3,2.3,2.0,15.2,
94.0,Jabari Smith Jr.,22.0,HOU,PF,52.0,52.0,35.1,5.4,12.5,0.437,2.2,6.2,0.358,3.2,6.3,0.514,0.525,2.1,2.7,0.775,1.6,5.5,7.1,1.8,0.8,1.0,1.3,2.5,15.2,
95.0,Kyshawn George,22.0,WAS,SF,43.0,43.0,30.1,5.4,12.3,0.441,2.1,5.6,0.377,3.3,6.7,0.495,0.527,2.2,2.7,0.797,1.0,4.5,5.4,4.8,1.1,0.9,2.8,3.8,15.1,
96.0,Naji Marshall,28.0,DAL,SF,53.0,29.0,29.6,5.5,10.4,0.533,0.9,2.9,0.308,4.6,7.5,0.621,0.576,3.1,3.9,0.775,0.9,4.0,4.9,3.0,1.0,0.1,1.4,1.9,15.1,
97.0,Ayo Dosunmu,26.0,2TM,SG,48.0,10.0,26.5,5.6,10.8,0.517,1.9,4.3,0.447,3.7,6.5,0.564,0.606,1.9,2.3,0.861,0.7,2.2,2.9,3.6,0.8,0.3,1.3,1.8,15.0,
97.0,Ayo Dosunmu,26.0,CHI,SG,45.0,10.0,26.4,5.6,10.8,0.514,1.9,4.3,0.451,3.6,6.5,0.556,0.604,2.0,2.3,0.857,0.7,2.3,3.0,3.6,0.8,0.3,1.4,1.7,15.0,
97.0,Ayo Dosunmu,26.0,MIN,SG,3.0,0.0,28.0,6.0,10.7,0.563,1.7,4.3,0.385,4.3,6.3,0.684,0.641,1.0,1.0,1.0,0.0,1.0,1.0,2.7,1.7,0.3,0.7,2.7,14.7,
98.0,Jaden McDaniels,25.0,MIN,PF,54.0,54.0,32.1,5.7,10.9,0.519,1.5,3.4,0.454,4.1,7.5,0.548,0.589,2.1,2.5,0.844,1.2,3.1,4.3,2.9,1.0,1.0,1.7,3.3,15.0,
99.0,VJ Edgecombe,20.0,PHI,SG,50.0,50.0,35.4,5.5,13.1,0.423,2.0,5.7,0.352,3.5,7.4,0.477,0.499,1.8,2.3,0.786,1.6,3.8,5.4,4.1,1.5,0.5,1.8,3.0,14.9,
100.0,Peyton Watson,23.0,DEN,SF,49.0,39.0,30.7,5.4,10.9,0.496,1.5,3.7,0.417,3.9,7.2,0.537,0.567,2.6,3.6,0.727,0.9,4.0,4.9,2.0,1.0,1.2,1.8,2.5,14.9,
101.0,Jarrett Allen,27.0,CLE,C,43.0,43.0,27.3,5.8,9.3,0.623,0.0,0.2,0.111,5.7,9.0,0.635,0.624,3.0,4.1,0.749,2.3,5.9,8.3,2.0,1.0,0.9,1.4,1.8,14.6,
102.0,Keegan Murray,25.0,SAC,PF,19.0,18.0,35.9,5.8,13.6,0.429,1.3,4.8,0.272,4.5,8.8,0.515,0.477,1.6,2.0,0.789,1.6,4.5,6.1,1.5,1.2,1.6,1.2,1.9,14.6,
103.0,Jordan Poole,26.0,NOP,PG,28.0,6.0,25.4,4.5,12.1,0.37,2.5,7.5,0.336,1.9,4.5,0.425,0.475,3.0,3.5,0.876,0.2,1.6,1.8,3.1,0.7,0.3,1.9,2.4,14.5,
104.0,Collin Sexton,27.0,2TM,SG,45.0,13.0,22.9,4.9,10.2,0.481,1.3,3.5,0.38,3.6,6.7,0.535,0.547,3.3,3.7,0.875,0.5,1.5,2.0,3.6,0.9,0.2,2.2,1.9,14.4,
104.0,Collin Sexton,27.0,CHO,SG,42.0,12.0,22.3,4.8,9.9,0.488,1.4,3.5,0.393,3.5,6.4,0.539,0.557,3.2,3.7,0.877,0.4,1.5,1.9,3.7,0.9,0.2,2.1,1.8,14.2,
104.0,Collin Sexton,27.0,CHI,SG,3.0,1.0,30.7,6.3,15.0,0.422,1.0,4.3,0.231,5.3,10.7,0.5,0.456,4.0,4.7,0.857,1.7,2.0,3.7,2.0,1.0,0.0,3.3,4.0,17.7,
105.0,Anfernee Simons,26.0,2TM,SG,53.0,4.0,25.1,5.2,11.8,0.442,2.7,6.9,0.387,2.5,4.8,0.521,0.556,1.3,1.4,0.893,0.6,1.9,2.5,2.5,0.5,0.2,1.2,1.7,14.4,
105.0,Anfernee Simons,26.0,BOS,SG,49.0,0.0,24.5,5.1,11.6,0.44,2.7,6.7,0.395,2.4,4.9,0.502,0.555,1.3,1.5,0.889,0.5,1.9,2.4,2.4,0.6,0.1,1.1,1.7,14.2,
105.0,Anfernee Simons,26.0,CHI,SG,4.0,4.0,31.5,6.5,14.0,0.464,3.0,9.5,0.316,3.5,4.5,0.778,0.571,0.8,0.8,1.0,1.3,2.3,3.5,4.3,0.0,0.5,2.5,2.0,16.8,
106.0,Walker Kessler,24.0,UTA,C,5.0,5.0,30.8,5.2,7.4,0.703,1.2,1.6,0.75,4.0,5.8,0.69,0.784,2.8,4.0,0.7,4.6,6.2,10.8,3.0,1.4,1.8,3.2,4.4,14.4,
107.0,Ivica Zubac,28.0,LAC,C,43.0,42.0,30.9,6.1,10.0,0.613,0.0,0.0,,6.1,10.0,0.613,0.613,2.2,3.1,0.705,3.4,7.6,11.0,2.2,0.4,0.8,1.9,2.4,14.4,
108.0,Naz Reid,26.0,MIN,C,56.0,2.0,26.2,5.3,11.3,0.469,2.4,6.3,0.385,2.9,5.1,0.574,0.576,1.1,1.5,0.738,1.2,5.3,6.4,2.5,1.0,0.9,1.6,2.5,14.2,
109.0,Tim Hardaway Jr.,33.0,DEN,SG,54.0,5.0,27.5,4.6,10.1,0.453,2.9,7.0,0.409,1.7,3.0,0.555,0.596,2.1,2.5,0.859,0.2,2.4,2.6,1.3,0.5,0.1,0.5,1.2,14.1,
110.0,Ajay Mitchell,23.0,OKC,SG,43.0,9.0,26.3,5.2,10.6,0.487,1.1,3.2,0.35,4.0,7.4,0.545,0.539,2.7,3.0,0.87,0.7,2.8,3.5,3.7,1.4,0.3,1.6,2.2,14.1,
111.0,Jalen Suggs,24.0,ORL,PG,33.0,33.0,26.7,5.0,11.2,0.443,1.9,6.0,0.325,3.0,5.2,0.578,0.53,2.2,2.6,0.847,0.7,3.3,4.0,5.5,2.0,0.8,2.5,2.8,14.1,
112.0,Devin Vassell,25.0,SAS,SG,41.0,39.0,30.8,5.0,12.0,0.422,2.3,6.6,0.354,2.7,5.3,0.507,0.52,1.7,2.0,0.85,0.5,3.4,3.9,2.3,0.9,0.4,0.9,1.7,14.1,
113.0,P.J. Washington,27.0,DAL,PF,39.0,36.0,30.7,5.3,11.9,0.447,1.2,4.1,0.304,4.1,7.9,0.521,0.499,2.2,3.3,0.674,1.4,5.6,7.0,1.9,1.0,1.3,2.0,2.3,14.1,
114.0,Santi Aldama,25.0,MEM,PF,43.0,11.0,27.9,5.3,11.1,0.479,1.6,4.7,0.35,3.7,6.4,0.572,0.553,1.8,2.7,0.667,1.6,5.1,6.7,2.9,0.9,0.7,1.3,1.6,14.0,
115.0,Scoot Henderson,21.0,POR,PG,4.0,0.0,20.0,3.8,7.3,0.517,1.8,4.8,0.368,2.0,2.5,0.8,0.638,4.8,5.8,0.826,0.3,2.8,3.0,5.5,0.8,0.0,4.5,3.5,14.0,
116.0,Obi Toppin,27.0,IND,PF,3.0,0.0,27.3,5.0,12.0,0.417,1.0,5.7,0.176,4.0,6.3,0.632,0.458,3.0,3.0,1.0,1.0,5.7,6.7,1.7,1.0,0.0,2.0,2.3,14.0,
117.0,Kelly Oubre Jr.,30.0,PHI,SF,32.0,27.0,32.7,5.0,10.7,0.469,1.8,4.9,0.367,3.2,5.7,0.557,0.554,2.1,2.8,0.744,0.9,3.8,4.7,1.6,1.3,0.6,1.3,2.5,13.9,
118.0,Jaylon Tyson,23.0,CLE,SG,50.0,35.0,27.8,5.3,10.2,0.514,2.1,4.4,0.475,3.2,5.9,0.543,0.615,1.3,1.7,0.75,2.0,3.4,5.4,2.3,0.9,0.4,1.6,2.6,13.9,
119.0,John Collins,28.0,LAC,PF,51.0,42.0,28.0,5.4,9.6,0.566,1.4,3.2,0.43,4.0,6.3,0.635,0.638,1.6,2.1,0.783,1.4,3.7,5.1,0.9,0.8,0.8,1.3,2.7,13.8,
120.0,De'Andre Hunter,28.0,2TM,SF,45.0,25.0,26.1,4.6,11.1,0.415,1.7,5.5,0.305,3.0,5.7,0.522,0.49,2.8,3.2,0.867,0.7,3.4,4.1,2.0,0.7,0.1,1.7,2.5,13.7,
120.0,De'Andre Hunter,28.0,CLE,SF,43.0,23.0,26.2,4.7,11.2,0.423,1.7,5.5,0.308,3.0,5.7,0.535,0.499,2.8,3.2,0.869,0.7,3.6,4.2,2.1,0.7,0.1,1.7,2.5,14.0,
120.0,De'Andre Hunter,28.0,SAC,SF,2.0,2.0,25.5,2.0,9.5,0.211,1.0,4.5,0.222,1.0,5.0,0.2,0.263,2.5,3.0,0.833,0.5,1.0,1.5,0.5,0.0,0.0,2.0,2.5,7.5,
121.0,Zach Edey,23.0,MEM,C,11.0,11.0,25.8,5.6,8.9,0.633,0.1,0.5,0.2,5.5,8.5,0.656,0.638,2.3,2.9,0.781,3.9,7.2,11.1,1.1,0.6,1.9,2.4,3.4,13.6,
122.0,Sam Merrill,29.0,CLE,SG,31.0,22.0,25.4,4.5,9.2,0.484,3.5,7.5,0.472,0.9,1.7,0.537,0.675,1.2,1.3,0.878,0.7,1.6,2.3,2.3,0.6,0.2,0.9,2.6,13.6,
123.0,Aaron Nesmith,26.0,IND,SF,32.0,29.0,30.5,4.5,11.6,0.389,2.4,6.4,0.371,2.1,5.2,0.412,0.492,2.2,2.7,0.814,1.3,3.4,4.8,2.1,0.7,0.6,1.4,2.7,13.6,
124.0,Keldon Johnson,26.0,SAS,SF,54.0,0.0,23.9,5.1,9.4,0.549,1.2,3.2,0.38,3.9,6.2,0.635,0.613,2.0,2.6,0.791,1.8,4.1,5.9,1.4,0.7,0.1,1.0,2.0,13.5,
125.0,Tobias Harris,33.0,DET,PF,37.0,37.0,27.9,4.8,10.6,0.455,1.4,4.0,0.354,3.4,6.6,0.516,0.522,2.4,2.7,0.879,0.9,3.9,4.9,2.3,0.8,0.2,1.1,1.8,13.4,
126.0,Max Christie,22.0,DAL,SG,50.0,41.0,29.7,4.5,9.7,0.467,2.5,5.8,0.426,2.1,3.9,0.528,0.594,1.7,2.0,0.869,0.2,3.2,3.4,2.3,0.6,0.4,1.1,1.4,13.3,
127.0,Cedric Coward,22.0,MEM,SG,48.0,35.0,26.3,4.9,10.4,0.468,1.5,4.4,0.34,3.4,6.0,0.561,0.539,2.1,2.5,0.843,1.4,4.9,6.2,2.9,0.6,0.4,1.8,2.0,13.3,
128.0,Collin Gillespie,26.0,PHO,PG,54.0,35.0,28.3,4.6,10.7,0.434,3.0,7.1,0.423,1.6,3.5,0.455,0.576,1.0,1.2,0.846,1.0,3.2,4.2,4.7,1.4,0.2,1.6,1.5,13.3,
129.0,Deandre Ayton,27.0,LAL,C,46.0,46.0,28.2,6.0,9.0,0.675,0.0,0.0,,6.0,9.0,0.675,0.675,1.2,1.8,0.646,2.5,5.9,8.5,0.9,0.6,1.0,1.4,2.3,13.2,
130.0,Jeremiah Fears,19.0,NOP,PG,56.0,44.0,25.6,5.0,11.8,0.429,1.1,3.3,0.324,4.0,8.5,0.468,0.473,2.1,2.6,0.814,0.7,2.9,3.7,3.1,1.3,0.3,2.2,1.8,13.2,
131.0,Bobby Portis,30.0,MIL,PF,51.0,9.0,24.3,5.3,11.0,0.483,1.9,4.2,0.451,3.4,6.7,0.503,0.57,0.7,0.9,0.723,1.3,5.3,6.6,1.6,0.6,0.2,1.1,1.7,13.2,
132.0,Toumani Camara,25.0,POR,PF,56.0,56.0,33.4,4.7,10.6,0.441,2.6,7.1,0.37,2.1,3.5,0.584,0.564,1.2,1.7,0.702,1.7,3.6,5.4,2.6,1.0,0.4,2.0,3.2,13.1,
133.0,Noah Clowney,21.0,BRK,PF,47.0,41.0,28.4,4.0,10.1,0.392,2.1,6.5,0.322,1.9,3.7,0.514,0.495,2.9,3.7,0.798,1.0,3.3,4.3,1.8,0.7,0.8,1.7,2.7,13.0,
134.0,Tre Johnson,19.0,WAS,SG,40.0,22.0,25.0,4.7,10.6,0.44,2.1,5.5,0.386,2.5,5.1,0.498,0.54,1.5,1.6,0.892,0.5,2.2,2.7,2.2,0.7,0.3,1.4,1.8,12.9,
135.0,Kyle Kuzma,30.0,MIL,PF,50.0,26.0,26.8,4.9,10.1,0.481,1.0,3.0,0.322,3.9,7.1,0.55,0.53,2.2,3.0,0.733,0.9,4.0,5.0,2.5,0.6,0.4,1.6,2.1,12.9,
136.0,Miles McBride,25.0,NYK,SG,35.0,14.0,28.0,4.5,10.3,0.434,2.9,6.9,0.42,1.6,3.4,0.462,0.575,1.0,1.2,0.814,0.6,2.0,2.6,2.8,0.9,0.2,0.8,1.8,12.9,
137.0,Donte DiVincenzo,29.0,MIN,SG,56.0,56.0,31.2,4.3,10.5,0.412,3.1,8.0,0.383,1.3,2.5,0.504,0.557,1.1,1.4,0.753,1.0,3.5,4.5,4.2,1.4,0.4,1.5,2.6,12.8,
138.0,Quentin Grimes,25.0,PHI,SG,48.0,7.0,29.9,4.1,9.4,0.439,1.8,5.3,0.341,2.3,4.0,0.567,0.536,2.7,3.1,0.859,0.6,3.1,3.8,3.6,0.9,0.4,1.9,2.0,12.7,
139.0,Reed Sheppard,21.0,HOU,SG,53.0,6.0,24.7,4.7,11.0,0.426,2.4,6.2,0.387,2.3,4.8,0.476,0.535,0.8,1.1,0.776,0.3,2.2,2.6,3.0,1.4,0.6,1.3,1.9,12.7,
140.0,Myles Turner,29.0,MIL,C,50.0,50.0,28.6,4.3,9.7,0.441,2.2,5.6,0.387,2.1,4.1,0.515,0.553,2.0,2.7,0.756,1.2,4.5,5.7,1.6,0.7,1.7,1.2,2.7,12.7,
141.0,Brandon Williams,26.0,DAL,PG,46.0,12.0,22.0,4.5,9.7,0.466,0.5,2.5,0.221,4.0,7.2,0.55,0.494,3.1,4.0,0.781,0.5,2.4,2.9,3.7,1.0,0.2,1.9,1.6,12.7,
142.0,Nic Claxton,26.0,BRK,C,50.0,49.0,29.3,5.1,8.7,0.59,0.1,0.3,0.214,5.1,8.4,0.602,0.593,2.2,3.7,0.607,2.6,4.7,7.3,4.0,0.7,1.3,1.4,2.3,12.5,
143.0,Brice Sensabaugh,22.0,UTA,SF,53.0,10.0,21.9,4.4,9.7,0.45,1.8,5.2,0.345,2.5,4.4,0.574,0.544,2.0,2.4,0.849,0.7,2.2,2.9,1.5,0.7,0.1,1.2,1.9,12.5,
144.0,Tre Jones,26.0,CHI,PG,38.0,20.0,26.8,4.4,7.9,0.55,0.6,1.7,0.328,3.8,6.3,0.609,0.584,3.1,3.6,0.848,0.6,2.3,3.0,5.8,1.3,0.2,1.4,1.4,12.4,
145.0,Malik Monk,27.0,SAC,SG,43.0,0.0,22.2,4.4,10.1,0.436,2.1,4.9,0.426,2.3,5.3,0.445,0.538,1.5,1.7,0.877,0.3,1.7,2.0,2.6,0.7,0.4,1.4,1.6,12.4,
146.0,Dennis Schröder,32.0,2TM,PG,44.0,14.0,25.8,4.2,10.4,0.4,1.3,4.1,0.326,2.8,6.3,0.449,0.465,2.6,3.2,0.821,0.5,2.5,3.0,5.1,0.8,0.2,1.9,1.6,12.3,
146.0,Dennis Schröder,32.0,SAC,PG,40.0,14.0,26.4,4.3,10.6,0.408,1.4,4.2,0.343,2.9,6.4,0.449,0.475,2.7,3.3,0.82,0.6,2.5,3.1,5.3,0.8,0.2,2.0,1.7,12.8,
146.0,Dennis Schröder,32.0,CLE,PG,4.0,0.0,19.8,2.8,8.8,0.314,0.5,3.8,0.133,2.3,5.0,0.45,0.343,1.5,1.8,0.857,0.0,2.5,2.5,3.8,1.3,0.3,1.3,1.3,7.5,
147.0,Duncan Robinson,31.0,DET,SF,51.0,51.0,28.2,4.1,9.4,0.441,2.9,7.3,0.401,1.2,2.1,0.585,0.597,1.1,1.4,0.74,0.4,2.3,2.7,1.9,0.6,0.3,0.7,2.2,12.3,
148.0,Tari Eason,24.0,HOU,PF,31.0,17.0,25.4,4.6,10.2,0.451,2.2,4.8,0.46,2.4,5.4,0.443,0.56,0.7,1.1,0.657,1.9,4.2,6.1,1.5,1.3,0.5,1.5,2.2,12.2,
149.0,Josh Hart,30.0,NYK,SF,43.0,29.0,30.6,4.6,9.2,0.497,1.6,3.9,0.407,3.0,5.3,0.564,0.584,1.5,2.0,0.741,1.5,6.1,7.6,5.2,1.2,0.3,2.0,2.6,12.2,
150.0,Derik Queen,21.0,NOP,C,55.0,43.0,26.0,4.7,9.6,0.491,0.3,1.0,0.278,4.4,8.6,0.516,0.506,2.5,3.3,0.777,1.6,5.6,7.2,4.1,1.0,0.9,2.4,2.8,12.2,
151.0,Rui Hachimura,27.0,LAL,PF,44.0,31.0,29.9,4.8,9.3,0.511,1.8,4.1,0.447,2.9,5.2,0.561,0.609,0.8,1.1,0.735,0.6,2.9,3.5,0.9,0.5,0.3,0.8,1.6,12.1,
152.0,Jonathan Kuminga,23.0,GSW,PF,20.0,13.0,23.8,4.4,9.7,0.454,0.9,2.7,0.321,3.6,7.1,0.504,0.497,2.5,3.3,0.742,1.5,4.4,5.9,2.5,0.4,0.3,2.3,1.7,12.1,
153.0,Jaylen Wells,22.0,MEM,SG,52.0,52.0,26.8,4.2,10.1,0.415,1.8,5.2,0.338,2.4,4.9,0.496,0.502,2.0,2.6,0.765,0.9,2.5,3.4,1.7,0.8,0.1,1.1,2.2,12.1,
154.0,Mark Williams,24.0,PHO,C,50.0,46.0,24.0,4.9,7.3,0.665,0.0,0.0,1.0,4.9,7.3,0.664,0.666,2.3,3.0,0.77,3.1,5.0,8.1,1.1,1.0,0.9,1.1,2.3,12.1,
155.0,Brandin Podziemski,22.0,GSW,SG,55.0,19.0,26.9,4.3,9.5,0.448,1.7,4.5,0.37,2.6,5.0,0.518,0.535,1.9,2.4,0.767,0.7,3.8,4.6,3.5,1.1,0.2,1.5,1.8,12.0,
156.0,Ace Bailey,19.0,UTA,SF,49.0,38.0,26.3,4.8,10.6,0.45,1.5,4.4,0.34,3.3,6.2,0.528,0.52,0.7,1.0,0.708,1.6,2.3,3.9,1.7,0.8,0.5,1.3,2.6,11.7,
157.0,De'Anthony Melton,27.0,GSW,PG,28.0,4.0,21.8,4.2,9.9,0.424,1.4,4.7,0.295,2.8,5.1,0.542,0.495,1.9,2.4,0.818,0.5,2.3,2.8,2.4,1.6,0.4,1.7,2.2,11.7,
158.0,Wendell Carter Jr.,26.0,ORL,C,51.0,51.0,29.5,4.1,8.4,0.492,1.1,3.4,0.331,3.0,5.0,0.6,0.559,2.3,2.8,0.793,2.1,5.2,7.4,2.1,0.8,0.7,1.2,3.6,11.6,
159.0,Donovan Clingan,21.0,POR,C,52.0,52.0,27.6,4.5,8.5,0.526,1.0,3.1,0.321,3.5,5.5,0.641,0.584,1.7,2.5,0.674,4.7,6.8,11.5,2.1,0.5,1.4,1.1,2.3,11.6,
160.0,Dyson Daniels,22.0,ATL,SG,53.0,53.0,33.6,5.2,10.4,0.498,0.2,1.4,0.133,5.0,9.0,0.556,0.507,1.1,1.7,0.615,2.2,4.2,6.5,6.2,1.8,0.4,2.0,2.2,11.6,
161.0,Cam Spencer,25.0,MEM,SG,51.0,14.0,24.1,3.8,8.0,0.477,2.2,4.8,0.447,1.6,3.2,0.522,0.612,1.8,2.0,0.931,0.5,2.2,2.7,5.6,0.7,0.1,1.5,1.5,11.6,
162.0,Klay Thompson,35.0,DAL,SF,49.0,8.0,22.1,4.1,10.5,0.388,2.9,7.6,0.375,1.2,2.9,0.42,0.523,0.6,0.8,0.73,0.3,2.1,2.4,1.4,0.5,0.3,1.0,1.0,11.6,
163.0,Cameron Johnson,29.0,DEN,SF,31.0,31.0,30.4,4.0,8.6,0.47,1.9,4.4,0.437,2.1,4.2,0.504,0.581,1.5,1.9,0.81,0.7,2.9,3.6,2.2,0.7,0.3,0.9,2.4,11.5,
164.0,Moses Moody,23.0,GSW,SG,53.0,42.0,25.1,3.9,8.8,0.437,2.4,6.0,0.401,1.5,2.9,0.513,0.572,1.4,1.8,0.779,0.8,2.5,3.3,1.5,0.9,0.6,0.9,1.9,11.5,
165.0,Jock Landale,30.0,2TM,C,49.0,26.0,23.4,4.5,8.5,0.528,1.2,2.9,0.399,3.3,5.6,0.595,0.596,1.3,2.0,0.66,3.1,3.3,6.4,1.7,0.5,0.5,1.0,2.2,11.4,
165.0,Jock Landale,30.0,MEM,C,45.0,25.0,23.6,4.4,8.6,0.514,1.1,2.9,0.38,3.4,5.8,0.581,0.577,1.3,2.0,0.674,3.1,3.4,6.5,1.7,0.6,0.5,1.0,2.3,11.3,
165.0,Jock Landale,30.0,ATL,C,4.0,1.0,21.5,5.0,7.0,0.714,2.0,3.5,0.571,3.0,3.5,0.857,0.857,1.0,2.0,0.5,2.5,2.5,5.0,1.5,0.3,1.0,0.8,2.0,13.0,
166.0,Sandro Mamukelashvili,26.0,TOR,C,53.0,11.0,22.6,4.2,8.1,0.525,1.4,3.7,0.383,2.8,4.4,0.645,0.612,1.5,2.0,0.764,1.5,3.5,5.1,1.9,0.8,0.6,0.9,2.0,11.4,
167.0,Caleb Love,24.0,POR,SG,45.0,1.0,22.2,4.2,10.8,0.39,2.1,6.4,0.321,2.1,4.3,0.492,0.486,0.8,1.1,0.735,0.6,2.0,2.5,2.7,0.6,0.1,1.4,1.0,11.3,
168.0,Kel'el Ware,21.0,MIA,C,52.0,29.0,22.3,4.5,8.5,0.532,1.2,2.9,0.403,3.4,5.7,0.597,0.599,1.1,1.4,0.781,3.0,6.2,9.2,0.6,0.8,1.0,0.9,1.6,11.3,
169.0,Julian Champagnie,24.0,SAS,SF,54.0,40.0,27.9,3.6,8.4,0.422,2.4,6.5,0.369,1.2,1.9,0.6,0.564,1.6,1.9,0.846,0.9,5.0,5.9,1.4,0.8,0.4,0.9,1.6,11.1,
170.0,Jalen Green,23.0,PHO,SG,7.0,2.0,15.3,3.9,9.4,0.409,1.9,5.3,0.351,2.0,4.1,0.483,0.508,1.6,1.9,0.846,0.3,1.9,2.1,2.3,0.4,0.0,1.4,0.6,11.1,
171.0,Rudy Gobert,33.0,MIN,C,54.0,54.0,31.3,4.5,6.4,0.703,0.0,0.0,0.0,4.5,6.3,0.707,0.703,2.1,4.1,0.502,3.7,7.4,11.1,1.7,0.7,1.6,1.3,2.6,11.0,
172.0,Blake Hinson,26.0,UTA,SF,1.0,0.0,25.0,4.0,7.0,0.571,3.0,6.0,0.5,1.0,1.0,1.0,0.786,0.0,0.0,,0.0,1.0,1.0,1.0,0.0,0.0,1.0,5.0,11.0,
173.0,Dylan Harper,19.0,SAS,SG,43.0,0.0,21.7,4.4,9.4,0.467,0.6,2.5,0.252,3.8,6.9,0.544,0.5,1.5,2.0,0.75,0.7,2.7,3.4,3.7,0.8,0.3,1.3,1.8,10.9,
174.0,Jusuf Nurkić,31.0,UTA,C,41.0,36.0,26.4,4.4,8.7,0.503,0.6,1.7,0.352,3.8,7.0,0.54,0.538,1.5,2.8,0.549,2.6,7.8,10.4,4.8,1.3,0.5,2.5,3.3,10.9,
175.0,Egor Dёmin,19.0,BRK,PG,46.0,39.0,25.0,3.6,8.8,0.406,2.5,6.4,0.396,1.1,2.5,0.434,0.549,1.1,1.3,0.862,0.5,2.7,3.1,3.3,0.8,0.3,1.8,1.8,10.8,
176.0,A.J. Green,26.0,MIL,SG,49.0,49.0,30.2,3.5,8.0,0.44,3.1,7.1,0.431,0.4,0.8,0.512,0.633,0.6,0.7,0.794,0.2,2.4,2.6,2.0,0.6,0.1,0.8,2.3,10.7,
177.0,Scotty Pippen Jr.,25.0,MEM,PG,3.0,1.0,20.0,4.0,8.0,0.5,1.0,2.3,0.429,3.0,5.7,0.529,0.563,1.7,2.0,0.833,0.3,0.7,1.0,4.3,2.0,0.7,1.7,4.3,10.7,
178.0,Harrison Barnes,33.0,SAS,PF,54.0,49.0,27.8,3.6,8.1,0.444,1.9,5.0,0.375,1.7,3.1,0.557,0.56,1.5,1.8,0.842,0.9,2.1,3.0,2.1,0.7,0.2,0.9,1.2,10.6,
179.0,Isaiah Hartenstein,27.0,OKC,C,30.0,29.0,25.7,4.5,7.0,0.635,0.0,0.2,0.0,4.5,6.9,0.65,0.635,1.7,2.6,0.649,3.3,6.4,9.7,3.6,1.0,0.7,2.1,2.7,10.6,
180.0,Aaron Wiggins,27.0,OKC,SG,41.0,15.0,23.8,3.9,8.9,0.444,1.8,4.7,0.387,2.1,4.1,0.509,0.547,0.9,1.2,0.735,0.6,2.9,3.5,1.8,1.0,0.6,1.3,1.4,10.6,
181.0,Isaiah Joe,26.0,OKC,SG,47.0,3.0,21.1,3.3,7.4,0.441,2.4,5.9,0.415,0.8,1.5,0.542,0.605,1.6,1.8,0.882,0.5,2.0,2.5,1.4,0.6,0.2,0.6,1.7,10.5,
182.0,Zaccharie Risacher,20.0,ATL,SF,42.0,42.0,24.2,4.1,9.1,0.449,1.5,4.3,0.352,2.6,4.8,0.537,0.533,0.8,1.4,0.603,0.9,2.6,3.5,1.3,0.9,0.5,1.0,2.2,10.5,
183.0,Jarace Walker,22.0,IND,PF,54.0,19.0,24.0,3.6,8.9,0.404,1.6,4.4,0.364,2.0,4.6,0.441,0.493,1.7,2.2,0.78,0.5,3.9,4.5,2.0,0.8,0.4,1.6,1.7,10.5,
184.0,Isaiah Collier,21.0,UTA,PG,48.0,12.0,25.5,3.9,7.6,0.51,0.5,1.6,0.293,3.4,6.0,0.566,0.54,2.2,3.2,0.691,0.4,2.2,2.6,7.4,1.0,0.3,2.5,2.4,10.4,
185.0,Kevin Huerter,27.0,2TM,SF,48.0,11.0,22.6,4.0,8.8,0.454,1.5,4.8,0.306,2.5,4.0,0.634,0.538,0.9,1.2,0.732,0.5,3.1,3.7,2.5,0.8,0.6,1.1,1.9,10.3,
185.0,Kevin Huerter,27.0,CHI,SF,44.0,11.0,23.6,4.2,9.2,0.455,1.6,5.1,0.314,2.6,4.1,0.63,0.542,0.9,1.3,0.732,0.5,3.3,3.8,2.6,0.8,0.6,1.1,1.9,10.9,
185.0,Kevin Huerter,27.0,DET,SG,4.0,0.0,12.0,2.0,4.8,0.421,0.3,2.3,0.111,1.8,2.5,0.7,0.447,0.0,0.0,,0.5,1.3,1.8,0.8,0.8,0.3,0.5,1.3,4.3,
186.0,Khris Middleton,34.0,2TM,SF,36.0,34.0,24.1,3.8,8.8,0.427,1.0,2.9,0.33,2.8,5.8,0.476,0.483,1.9,2.2,0.848,0.9,3.0,3.9,3.2,0.7,0.3,1.6,2.5,10.3,
186.0,Khris Middleton,34.0,WAS,SF,34.0,34.0,24.3,3.8,8.8,0.433,1.0,2.9,0.333,2.9,5.9,0.483,0.488,1.7,2.0,0.841,0.9,3.1,3.9,3.3,0.8,0.3,1.7,2.5,10.3,
186.0,Khris Middleton,34.0,DAL,SF,2.0,0.0,21.0,2.5,8.0,0.313,1.0,3.5,0.286,1.5,4.5,0.333,0.375,4.5,5.0,0.9,0.5,2.5,3.0,1.5,0.0,0.0,1.0,2.5,10.5,
187.0,Royce O'Neale,32.0,PHO,SF,55.0,50.0,29.3,3.6,8.5,0.424,2.8,6.9,0.405,0.8,1.6,0.506,0.589,0.3,0.5,0.679,0.7,4.1,4.8,2.9,1.2,0.3,1.5,2.3,10.3,
188.0,Marvin Bagley III,26.0,2TM,PF,41.0,8.0,19.5,4.1,6.6,0.616,0.2,0.5,0.429,3.9,6.1,0.632,0.633,1.8,2.7,0.673,2.7,3.2,5.9,1.5,0.5,0.8,1.1,2.0,10.2,
188.0,Marvin Bagley III,26.0,WAS,PF,38.0,8.0,19.2,4.1,6.5,0.626,0.2,0.5,0.421,3.8,6.0,0.643,0.642,1.8,2.6,0.711,2.6,3.1,5.7,1.5,0.5,0.7,1.2,2.1,10.1,
188.0,Marvin Bagley III,26.0,DAL,PF,3.0,0.0,23.0,4.3,8.3,0.52,0.3,0.7,0.5,4.0,7.7,0.522,0.54,1.7,4.3,0.385,4.0,4.0,8.0,1.3,0.7,1.3,0.3,2.0,10.7,
189.0,Bub Carrington,20.0,WAS,PG,53.0,24.0,28.0,3.5,8.8,0.402,2.1,5.3,0.393,1.5,3.5,0.416,0.52,1.0,1.3,0.761,0.4,3.1,3.5,4.6,0.6,0.2,2.4,2.2,10.2,
190.0,Pelle Larsson,24.0,MIA,SG,45.0,32.0,23.9,3.7,7.4,0.495,0.9,2.8,0.333,2.7,4.6,0.594,0.559,2.0,2.6,0.767,0.8,2.5,3.3,3.3,0.6,0.2,1.1,1.8,10.2,
191.0,D'Angelo Russell,29.0,DAL,PG,26.0,3.0,19.0,3.6,8.9,0.405,1.3,4.3,0.295,2.3,4.6,0.508,0.476,1.7,2.3,0.717,0.3,2.0,2.3,4.0,0.5,0.1,1.9,1.2,10.2,
192.0,Jalen Smith,25.0,CHI,C,43.0,12.0,20.2,3.7,7.6,0.488,1.5,4.0,0.379,2.2,3.6,0.61,0.588,1.2,1.7,0.718,1.9,5.0,6.9,1.3,0.4,0.8,0.9,2.0,10.2,
193.0,Ausar Thompson,23.0,DET,SF,49.0,48.0,25.7,4.2,8.2,0.511,0.1,0.4,0.3,4.1,7.8,0.522,0.519,1.7,2.9,0.58,2.2,3.8,6.0,2.7,1.9,0.8,1.4,2.8,10.2,
194.0,Derrick Jones Jr.,28.0,LAC,SF,22.0,17.0,24.8,3.6,6.7,0.541,1.3,3.2,0.4,2.4,3.5,0.667,0.635,1.4,1.8,0.775,0.8,1.8,2.5,1.2,0.9,1.1,0.8,2.0,10.0,
195.0,Isaiah Stewart,24.0,DET,C,48.0,13.0,23.3,3.8,7.1,0.54,0.7,2.2,0.321,3.1,4.9,0.639,0.59,1.6,2.2,0.76,1.6,3.5,5.1,1.1,0.3,1.7,1.2,3.0,10.0,
196.0,Christian Braun,24.0,DEN,SG,19.0,19.0,30.3,3.8,7.9,0.48,0.6,2.3,0.25,3.2,5.6,0.575,0.517,1.8,2.3,0.773,1.5,2.8,4.3,2.8,0.5,0.4,1.2,2.3,9.9,
197.0,Bilal Coulibaly,21.0,WAS,SG,33.0,33.0,26.8,3.2,8.2,0.394,0.9,3.4,0.261,2.3,4.8,0.487,0.448,2.5,3.2,0.764,0.9,3.5,4.4,2.5,1.4,0.9,1.5,2.7,9.8,
198.0,Maxime Raynaud,22.0,SAC,C,48.0,30.0,23.5,4.2,7.5,0.552,0.2,0.9,0.268,3.9,6.7,0.589,0.568,1.3,1.7,0.753,1.7,4.9,6.6,1.0,0.5,0.5,1.0,2.4,9.8,
199.0,Marcus Smart,31.0,LAL,SG,44.0,37.0,28.4,3.2,8.0,0.402,1.6,4.8,0.329,1.6,3.2,0.511,0.5,1.9,2.3,0.828,0.7,2.3,3.0,2.9,1.3,0.4,1.6,2.6,9.8,
200.0,Zach Collins,28.0,CHI,C,10.0,0.0,18.4,3.7,6.4,0.578,0.9,2.1,0.429,2.8,4.3,0.651,0.648,1.4,2.0,0.7,1.6,4.0,5.6,1.5,0.2,0.4,1.0,1.8,9.7,
201.0,Kyle Filipowski,22.0,UTA,C,55.0,19.0,22.1,3.6,7.4,0.486,0.8,2.5,0.333,2.7,4.9,0.566,0.543,1.7,2.4,0.712,1.8,4.9,6.7,2.0,0.8,0.4,1.4,2.9,9.7,
202.0,Jakob Poeltl,30.0,TOR,C,22.0,22.0,25.0,4.2,6.1,0.687,0.0,0.0,,4.2,6.1,0.687,0.687,1.3,2.2,0.592,2.7,5.0,7.6,2.0,0.7,0.5,1.5,3.1,9.7,
203.0,Neemias Queta,26.0,BOS,C,51.0,50.0,25.1,4.1,6.5,0.639,0.0,0.1,0.0,4.1,6.4,0.649,0.639,1.5,2.2,0.67,3.0,5.3,8.3,1.5,0.9,1.3,1.1,2.9,9.7,
204.0,Ziaire Williams,24.0,BRK,SF,38.0,5.0,23.0,3.2,7.6,0.417,1.7,5.1,0.323,1.5,2.4,0.613,0.526,1.8,2.1,0.859,0.6,2.1,2.6,0.8,1.2,0.5,1.1,2.1,9.7,
205.0,Corey Kispert,26.0,2TM,SF,35.0,8.0,20.4,3.3,7.1,0.464,1.5,4.3,0.362,1.7,2.8,0.616,0.573,1.5,1.8,0.823,0.4,2.0,2.4,1.7,0.4,0.1,0.8,1.1,9.6,
205.0,Corey Kispert,26.0,WAS,SF,19.0,2.0,19.5,3.1,6.3,0.496,1.6,4.0,0.395,1.5,2.3,0.674,0.622,1.4,1.8,0.765,0.3,2.0,2.3,1.7,0.4,0.2,0.7,1.1,9.2,
205.0,Corey Kispert,26.0,ATL,SF,16.0,6.0,21.5,3.5,8.1,0.434,1.5,4.6,0.329,2.0,3.5,0.571,0.527,1.6,1.8,0.893,0.4,2.1,2.5,1.8,0.4,0.1,0.9,1.1,10.1,
206.0,T.J. McConnell,33.0,IND,PG,40.0,0.0,17.0,4.5,8.3,0.539,0.3,1.0,0.316,4.2,7.3,0.568,0.558,0.4,0.4,0.938,0.4,1.8,2.2,4.8,1.1,0.2,1.2,1.2,9.6,
207.0,Landry Shamet,28.0,NYK,SG,30.0,9.0,21.9,3.1,7.0,0.445,2.2,5.1,0.422,1.0,1.9,0.509,0.6,1.1,1.6,0.723,0.5,1.4,1.9,1.5,0.5,0.2,0.4,1.4,9.6,
208.0,Jake LaRavia,24.0,LAL,PF,54.0,33.0,26.9,3.4,7.2,0.465,1.1,3.5,0.326,2.2,3.7,0.594,0.544,1.6,2.1,0.765,1.4,2.6,4.0,1.9,1.3,0.5,1.2,2.3,9.5,
209.0,Moritz Wagner,28.0,ORL,C,13.0,0.0,12.0,3.2,6.2,0.513,1.2,2.5,0.455,2.0,3.6,0.553,0.606,1.8,2.0,0.885,0.7,2.5,3.2,0.5,0.5,0.1,0.6,1.8,9.2,
210.0,Cam Whitmore,21.0,WAS,SF,21.0,0.0,16.9,3.7,8.0,0.456,0.8,2.7,0.286,2.9,5.4,0.54,0.503,1.1,1.5,0.742,0.9,1.9,2.8,0.7,0.7,0.4,0.9,1.2,9.2,
211.0,Vit Krejci,25.0,2TM,PG,52.0,8.0,22.3,3.2,6.8,0.463,2.2,5.3,0.41,1.0,1.6,0.639,0.621,0.6,0.8,0.756,0.4,1.6,2.1,1.5,0.8,0.3,0.6,2.3,9.1,
211.0,Vit Krejci,25.0,ATL,PG,46.0,8.0,22.3,3.1,6.7,0.464,2.2,5.2,0.423,0.9,1.5,0.609,0.628,0.6,0.8,0.75,0.4,1.7,2.1,1.5,0.8,0.3,0.7,2.3,9.0,
211.0,Vit Krejci,25.0,POR,PG,6.0,0.0,21.8,3.7,8.0,0.458,1.8,5.7,0.324,1.8,2.3,0.786,0.573,0.7,0.8,0.8,0.7,1.2,1.8,2.0,0.8,0.5,0.3,1.8,9.8,
212.0,Jordan Clarkson,33.0,NYK,SG,51.0,1.0,18.9,3.4,7.9,0.431,1.2,3.6,0.333,2.2,4.2,0.516,0.509,1.1,1.4,0.792,0.8,0.9,1.7,1.3,0.4,0.2,1.0,1.8,9.1,
213.0,Sam Hauser,28.0,BOS,PF,51.0,23.0,24.1,3.1,7.7,0.409,2.6,6.6,0.392,0.5,1.1,0.519,0.578,0.2,0.2,0.917,0.7,3.1,3.8,1.4,0.6,0.3,0.5,1.5,9.1,
214.0,Jordan Miller,26.0,LAC,SF,33.0,0.0,19.8,3.1,6.1,0.512,0.8,2.1,0.357,2.4,4.0,0.595,0.575,2.1,2.7,0.787,0.9,2.3,3.2,1.6,0.7,0.2,1.2,1.0,9.1,
215.0,Jonas Valančiūnas,33.0,DEN,C,43.0,4.0,14.6,3.7,6.3,0.577,0.1,0.4,0.278,3.5,5.9,0.598,0.586,1.7,2.2,0.76,1.6,3.6,5.2,1.3,0.2,0.7,1.2,2.3,9.1,
216.0,MarJon Beauchamp,25.0,PHI,SF,2.0,0.0,18.0,3.0,7.0,0.429,1.5,3.5,0.429,1.5,3.5,0.429,0.536,1.5,2.0,0.75,0.5,3.0,3.5,2.5,1.5,0.5,1.5,0.0,9.0,
217.0,GG Jackson II,21.0,MEM,PF,33.0,8.0,18.7,3.3,6.9,0.482,1.0,3.1,0.327,2.3,3.8,0.606,0.555,1.3,1.8,0.741,0.6,3.0,3.6,1.2,0.7,0.6,1.0,1.6,9.0,
218.0,Davion Mitchell,27.0,MIA,PG,46.0,46.0,28.9,3.5,7.6,0.468,1.2,3.0,0.401,2.3,4.6,0.512,0.547,0.8,1.2,0.66,0.4,2.1,2.5,7.0,1.1,0.1,1.6,2.7,9.0,
219.0,Svi Mykhailiuk,28.0,UTA,SF,45.0,41.0,23.8,3.4,7.0,0.478,1.8,4.5,0.397,1.6,2.5,0.625,0.606,0.5,0.6,0.92,0.7,1.8,2.5,1.9,0.5,0.1,0.8,1.4,9.0,
220.0,Herbert Jones,27.0,NOP,SF,33.0,33.0,28.8,3.3,8.4,0.392,1.3,4.4,0.306,2.0,4.1,0.485,0.471,0.9,1.2,0.775,0.9,2.7,3.6,2.6,1.6,0.5,1.3,3.2,8.9,
221.0,Isaac Okoro,25.0,CHI,SG,46.0,46.0,26.0,3.3,7.0,0.466,1.0,3.2,0.324,2.2,3.8,0.586,0.54,1.3,1.7,0.789,1.1,1.6,2.7,1.5,0.7,0.5,0.7,2.5,8.9,
222.0,Jordan Goodwin,27.0,PHO,PG,52.0,4.0,22.2,3.3,8.2,0.405,1.5,4.4,0.351,1.8,3.8,0.467,0.499,0.6,0.8,0.707,1.9,2.8,4.7,2.3,1.5,0.2,1.0,1.9,8.8,
223.0,Luguentz Dort,26.0,OKC,SF,45.0,45.0,27.7,3.1,7.7,0.398,1.9,5.5,0.35,1.2,2.2,0.515,0.522,0.6,0.8,0.778,0.9,2.9,3.8,1.2,0.9,0.5,0.8,2.9,8.7,
224.0,Simone Fontecchio,30.0,MIA,SF,53.0,5.0,17.6,2.8,7.2,0.391,1.8,5.0,0.357,1.0,2.2,0.47,0.516,1.3,1.6,0.831,0.8,2.5,3.3,1.5,0.5,0.2,0.8,1.5,8.7,
225.0,Jay Huff,27.0,IND,C,55.0,31.0,20.0,3.2,6.8,0.469,1.4,4.3,0.315,1.8,2.5,0.737,0.569,0.9,1.1,0.845,0.9,2.9,3.8,1.3,0.6,1.9,0.8,2.5,8.7,
226.0,Tristan Da Silva,24.0,ORL,SF,48.0,14.0,22.3,3.2,7.6,0.427,1.4,3.9,0.365,1.8,3.6,0.494,0.522,0.7,0.8,0.842,0.7,2.6,3.3,1.2,0.9,0.3,0.8,1.3,8.6,
227.0,Draymond Green,35.0,GSW,PF,46.0,46.0,26.7,3.1,7.5,0.417,1.5,4.7,0.327,1.6,2.8,0.566,0.519,0.9,1.3,0.707,0.7,5.0,5.7,5.2,0.8,0.6,2.8,3.1,8.6,
228.0,Jaden Ivey,23.0,2TM,SG,37.0,5.0,18.1,3.1,6.9,0.445,1.4,3.6,0.373,1.7,3.3,0.525,0.543,1.0,1.3,0.809,0.6,1.8,2.5,1.8,0.6,0.4,1.1,1.4,8.5,
228.0,Jaden Ivey,23.0,DET,SG,33.0,2.0,16.8,3.0,6.7,0.45,1.3,3.4,0.372,1.7,3.2,0.533,0.545,0.9,1.2,0.789,0.6,1.6,2.2,1.6,0.5,0.4,1.1,1.3,8.2,
228.0,Jaden Ivey,23.0,CHI,SG,4.0,3.0,28.8,3.8,9.0,0.417,2.0,5.3,0.381,1.8,3.8,0.467,0.528,2.0,2.3,0.889,1.3,3.5,4.8,4.0,2.0,0.5,1.5,2.3,11.5,
229.0,Dominick Barlow,22.0,PHI,PF,43.0,36.0,24.0,3.4,6.1,0.557,0.4,1.5,0.286,3.0,4.6,0.643,0.592,1.3,1.7,0.77,2.2,2.8,5.0,1.2,1.0,0.6,0.8,2.0,8.5,
230.0,Day'Ron Sharpe,24.0,BRK,C,51.0,4.0,18.5,3.3,5.4,0.611,0.1,0.6,0.219,3.2,4.8,0.663,0.624,1.8,2.6,0.679,2.7,4.0,6.7,2.3,1.1,0.4,1.6,2.3,8.5,
231.0,Kentavious Caldwell-Pope,32.0,MEM,SG,51.0,14.0,21.3,2.9,7.2,0.41,1.1,3.4,0.316,1.9,3.8,0.495,0.485,1.4,1.6,0.913,0.4,2.1,2.5,2.7,0.8,0.2,1.2,1.1,8.4,
232.0,Danny Wolf,21.0,BRK,PF,39.0,8.0,20.2,3.1,7.5,0.405,1.2,3.5,0.326,1.9,4.0,0.474,0.481,1.1,1.4,0.786,1.1,3.6,4.7,2.0,0.6,0.5,1.1,1.9,8.4,
233.0,Jose Alvarado,27.0,2TM,PG,44.0,0.0,21.8,3.0,7.0,0.423,1.8,4.9,0.372,1.2,2.2,0.537,0.552,0.5,0.7,0.8,0.4,2.4,2.7,3.2,1.0,0.1,1.2,2.0,8.3,
233.0,Jose Alvarado,27.0,NOP,PG,41.0,0.0,21.9,2.9,6.8,0.418,1.7,4.7,0.363,1.1,2.1,0.54,0.543,0.5,0.6,0.833,0.4,2.4,2.8,3.1,0.9,0.1,1.1,2.0,7.9,
233.0,Jose Alvarado,27.0,NYK,PG,3.0,0.0,20.7,4.7,10.0,0.467,3.3,7.3,0.455,1.3,2.7,0.5,0.633,1.3,2.0,0.667,0.0,2.0,2.0,3.7,2.3,0.3,1.3,3.0,14.0,
234.0,Quenton Jackson,27.0,IND,PG,26.0,10.0,15.9,2.7,5.7,0.48,0.9,2.3,0.407,1.8,3.4,0.528,0.561,1.9,2.5,0.769,0.6,1.4,2.0,2.0,0.7,0.2,1.2,1.5,8.3,
235.0,Gary Trent Jr.,27.0,MIL,SG,47.0,17.0,23.6,2.8,7.4,0.384,2.0,5.4,0.364,0.9,2.0,0.441,0.517,0.7,0.9,0.78,0.1,1.0,1.1,1.5,0.6,0.1,0.6,1.3,8.3,
236.0,Bradley Beal,32.0,LAC,SG,6.0,6.0,20.2,3.0,8.0,0.375,1.2,3.2,0.368,1.8,4.8,0.379,0.448,1.0,1.3,0.75,0.3,0.5,0.8,1.7,0.5,0.0,1.5,2.3,8.2,
237.0,Moussa Diabaté,24.0,CHO,C,50.0,24.0,25.2,3.2,5.1,0.632,0.0,0.0,0.5,3.2,5.0,0.633,0.634,1.8,2.7,0.662,3.7,5.0,8.6,1.6,0.7,1.0,0.9,2.4,8.2,
238.0,Ryan Kalkbrenner,24.0,CHO,C,43.0,27.0,22.9,3.5,4.6,0.758,0.0,0.0,0.0,3.5,4.6,0.765,0.758,1.3,1.9,0.675,2.5,3.5,6.0,0.7,0.6,1.5,1.0,1.7,8.2,
239.0,Luke Kennard,29.0,2TM,SG,50.0,1.0,20.8,2.9,5.3,0.545,1.6,3.2,0.494,1.3,2.1,0.625,0.695,0.7,0.8,0.925,0.4,1.8,2.2,2.1,0.7,0.1,0.7,1.2,8.1,
239.0,Luke Kennard,29.0,ATL,SG,46.0,0.0,20.5,2.8,5.2,0.538,1.6,3.2,0.497,1.2,2.0,0.604,0.692,0.7,0.8,0.914,0.4,1.7,2.2,2.1,0.7,0.1,0.7,1.2,7.9,
239.0,Luke Kennard,29.0,LAL,SG,4.0,1.0,24.0,3.8,6.0,0.625,1.3,2.8,0.455,2.5,3.3,0.769,0.729,1.3,1.3,1.0,0.8,2.3,3.0,2.8,0.8,0.0,0.8,2.0,10.0,
240.0,Ron Holland,20.0,DET,SF,49.0,5.0,20.7,3.0,7.2,0.413,0.6,2.7,0.229,2.3,4.5,0.523,0.456,1.6,2.0,0.788,1.1,3.3,4.3,1.4,1.4,0.4,1.3,2.2,8.1,
241.0,Daniss Jenkins,24.0,DET,PG,44.0,7.0,16.9,2.9,6.8,0.425,1.0,2.6,0.381,1.9,4.2,0.452,0.497,1.3,1.7,0.795,0.6,1.3,1.9,3.2,0.9,0.2,1.3,1.4,8.1,
242.0,Cason Wallace,22.0,OKC,SG,53.0,43.0,26.8,3.1,7.2,0.424,1.3,3.8,0.348,1.7,3.4,0.511,0.517,0.6,0.8,0.738,0.8,2.2,3.1,2.2,2.1,0.3,0.9,1.9,8.1,
243.0,Kris Dunn,31.0,LAC,PG,54.0,48.0,27.5,3.0,6.2,0.478,1.1,2.9,0.372,1.9,3.4,0.569,0.564,0.9,1.2,0.785,0.8,2.1,2.9,3.4,1.5,0.1,1.4,2.4,8.0,
244.0,Daniel Gafford,27.0,DAL,C,38.0,28.0,21.4,3.1,4.9,0.632,0.0,0.0,,3.1,4.9,0.632,0.632,1.9,2.5,0.755,2.1,4.4,6.5,0.9,0.8,1.3,1.3,2.6,8.0,
245.0,Buddy Hield,33.0,2TM,SG,45.0,3.0,17.2,2.9,6.7,0.432,1.5,4.4,0.342,1.4,2.3,0.6,0.543,0.6,0.8,0.794,0.6,1.8,2.4,1.5,0.8,0.2,1.0,1.2,7.9,
245.0,Buddy Hield,33.0,GSW,SG,44.0,3.0,17.5,3.0,6.8,0.433,1.5,4.4,0.344,1.4,2.4,0.6,0.545,0.6,0.8,0.794,0.6,1.9,2.5,1.5,0.8,0.2,1.0,1.3,8.0,
245.0,Buddy Hield,33.0,ATL,SG,1.0,0.0,5.0,0.0,1.0,0.0,0.0,1.0,0.0,0.0,0.0,,0.0,0.0,0.0,,0.0,0.0,0.0,0.0,0.0,0.0,1.0,0.0,0.0,
246.0,Bryce McGowens,23.0,NOP,SG,32.0,11.0,19.9,2.6,5.3,0.48,0.9,2.0,0.453,1.7,3.3,0.495,0.564,1.8,2.4,0.766,0.3,1.6,1.9,1.5,0.6,0.2,0.5,2.0,7.9,
247.0,Collin Murray-Boyles,20.0,TOR,PF,43.0,19.0,22.2,3.3,6.0,0.553,0.4,1.1,0.348,2.9,4.9,0.597,0.584,0.9,1.4,0.639,2.4,2.6,5.0,2.1,0.9,0.9,1.2,2.6,7.9,
248.0,Justin Champagnie,24.0,WAS,SF,50.0,14.0,19.3,3.0,6.0,0.5,0.7,2.2,0.321,2.3,3.8,0.603,0.559,1.1,1.5,0.757,2.2,3.6,5.8,1.1,0.8,0.6,0.6,1.5,7.8,
249.0,Luka Garza,27.0,BOS,C,45.0,4.0,16.7,2.8,4.8,0.583,0.7,1.6,0.438,2.1,3.2,0.655,0.656,1.4,1.8,0.778,2.4,1.8,4.2,1.0,0.4,0.5,0.6,2.4,7.8,
250.0,Caris LeVert,31.0,DET,SG,36.0,0.0,19.6,2.8,6.5,0.432,1.1,3.2,0.342,1.7,3.3,0.517,0.515,1.1,1.6,0.679,0.3,1.5,1.8,2.8,0.9,0.6,1.3,1.6,7.8,
251.0,Vince Williams Jr.,25.0,2TM,PG,38.0,12.0,20.8,2.7,7.4,0.359,1.4,4.4,0.314,1.3,2.9,0.429,0.454,1.0,1.2,0.804,1.0,2.9,3.9,4.2,0.7,0.4,1.8,2.0,7.7,
251.0,Vince Williams Jr.,25.0,MEM,PG,34.0,12.0,21.6,2.7,7.8,0.352,1.4,4.7,0.308,1.3,3.1,0.419,0.445,1.1,1.4,0.804,1.0,3.0,4.0,4.4,0.8,0.4,1.9,2.1,8.0,
251.0,Vince Williams Jr.,25.0,UTA,SG,4.0,0.0,13.3,2.0,4.3,0.471,1.0,2.5,0.4,1.0,1.8,0.571,0.588,0.0,0.0,,1.0,2.3,3.3,2.8,0.3,0.5,1.0,1.3,5.0,
252.0,Nikola Jović,22.0,MIA,PF,44.0,1.0,17.9,2.6,6.9,0.37,1.0,3.7,0.272,1.6,3.3,0.483,0.443,1.5,2.3,0.687,0.6,2.9,3.5,2.3,0.6,0.4,1.5,1.4,7.7,
253.0,Quinten Post,25.0,GSW,PF,55.0,32.0,17.0,2.9,6.5,0.439,1.5,4.3,0.35,1.4,2.3,0.605,0.553,0.5,0.6,0.813,0.9,2.9,3.8,1.4,0.4,0.5,0.7,1.9,7.7,
254.0,Bogdan Bogdanović,33.0,LAC,SG,17.0,3.0,21.9,2.6,7.1,0.372,1.4,4.4,0.324,1.2,2.8,0.447,0.471,0.9,1.1,0.842,0.3,2.5,2.8,2.6,0.5,0.1,1.3,2.4,7.6,
255.0,Al Horford,39.0,GSW,C,34.0,5.0,20.6,2.8,6.6,0.429,1.4,4.3,0.338,1.4,2.3,0.595,0.538,0.5,0.6,0.895,1.0,3.9,4.9,2.3,0.8,1.1,1.0,1.2,7.6,
256.0,Bruce Brown,29.0,DEN,SG,55.0,2.0,24.9,2.9,6.3,0.462,0.6,1.6,0.352,2.3,4.7,0.5,0.507,1.2,1.5,0.771,1.2,2.8,4.0,2.1,1.1,0.3,1.0,2.5,7.5,
257.0,Terance Mann,29.0,BRK,SG,46.0,42.0,25.3,2.8,6.2,0.451,0.8,2.5,0.342,1.9,3.7,0.524,0.519,1.1,1.4,0.813,1.2,2.1,3.3,3.4,0.7,0.2,1.2,2.5,7.5,
258.0,Micah Potter,27.0,IND,C,22.0,3.0,18.5,2.3,5.0,0.464,1.2,3.3,0.375,1.1,1.7,0.632,0.586,1.7,1.9,0.881,0.8,3.5,4.3,1.5,0.4,0.3,0.7,1.7,7.5,
259.0,Nolan Traoré,19.0,BRK,PG,31.0,8.0,21.0,2.7,6.7,0.402,1.0,2.9,0.337,1.7,3.9,0.45,0.474,1.1,1.4,0.767,0.2,1.4,1.6,3.5,0.5,0.4,1.6,2.0,7.5,
260.0,Tristan Vukcevic,22.0,WAS,C,33.0,3.0,11.9,2.6,5.6,0.467,0.6,2.2,0.274,2.0,3.4,0.595,0.522,1.7,2.2,0.77,0.6,1.8,2.5,1.1,0.3,0.7,1.2,1.3,7.5,
261.0,Kyle Anderson,32.0,2TM,SF,23.0,3.0,20.5,3.0,5.4,0.556,0.1,0.2,0.6,2.9,5.2,0.555,0.569,1.2,1.9,0.651,1.0,2.5,3.4,2.8,1.2,0.6,1.0,2.5,7.3,
261.0,Kyle Anderson,32.0,UTA,SF,20.0,0.0,20.1,2.9,5.5,0.523,0.2,0.3,0.6,2.7,5.2,0.519,0.537,1.3,1.9,0.658,1.0,2.4,3.3,3.1,1.2,0.5,0.9,2.3,7.1,
261.0,Kyle Anderson,32.0,MEM,SF,3.0,3.0,23.7,4.0,5.0,0.8,0.0,0.0,,4.0,5.0,0.8,0.8,1.0,1.7,0.6,1.0,3.3,4.3,1.0,1.7,1.3,2.0,3.7,9.0,
262.0,Bones Hyland,25.0,MIN,PG,47.0,3.0,14.8,2.6,5.7,0.466,1.3,3.5,0.384,1.3,2.2,0.598,0.585,0.7,1.0,0.711,0.3,1.4,1.7,2.6,0.6,0.2,0.9,1.7,7.3,
263.0,Luke Kornet,30.0,SAS,C,44.0,22.0,22.9,2.9,4.5,0.655,0.0,0.0,,2.9,4.5,0.655,0.655,1.5,1.9,0.793,3.0,3.6,6.7,2.0,0.5,1.2,0.4,1.9,7.3,
264.0,Tyrese Martin,26.0,BRK,SG,37.0,6.0,18.8,2.7,6.9,0.392,1.4,4.1,0.336,1.3,2.8,0.476,0.492,0.5,0.7,0.731,0.9,2.0,2.9,1.9,0.6,0.1,0.9,0.8,7.3,
265.0,Precious Achiuwa,26.0,SAC,C,48.0,32.0,20.3,3.0,6.0,0.5,0.3,1.1,0.296,2.7,4.9,0.547,0.528,0.8,1.5,0.527,1.9,3.6,5.4,1.1,0.8,0.5,0.7,1.6,7.1,
266.0,Tre Mann,24.0,CHO,PG,34.0,1.0,16.0,2.7,7.3,0.365,1.3,3.8,0.331,1.4,3.5,0.403,0.452,0.5,0.6,0.857,0.6,1.7,2.3,2.1,0.5,0.1,1.3,1.7,7.1,
267.0,Jaden Hardy,23.0,2TM,SG,35.0,4.0,12.7,2.3,5.7,0.403,1.4,3.7,0.38,0.9,2.1,0.444,0.525,0.9,1.2,0.786,0.3,1.1,1.4,0.9,0.3,0.1,0.8,1.1,7.0,
267.0,Jaden Hardy,23.0,DAL,SG,34.0,4.0,12.6,2.3,5.7,0.402,1.4,3.6,0.371,0.9,2.1,0.457,0.521,0.9,1.2,0.775,0.3,1.1,1.4,0.9,0.3,0.1,0.8,1.1,6.9,
267.0,Jaden Hardy,23.0,WAS,SG,1.0,0.0,15.0,3.0,7.0,0.429,3.0,5.0,0.6,0.0,2.0,0.0,0.643,2.0,2.0,1.0,0.0,2.0,2.0,1.0,0.0,0.0,1.0,0.0,11.0,
268.0,Seth Curry,35.0,GSW,SG,2.0,0.0,16.0,3.0,4.5,0.667,1.0,2.0,0.5,2.0,2.5,0.8,0.778,0.0,0.0,,0.5,1.5,2.0,1.5,1.0,0.0,0.0,1.5,7.0,
269.0,Javonte Green,32.0,DET,SG,53.0,4.0,18.5,2.3,5.2,0.446,1.1,2.9,0.359,1.3,2.3,0.558,0.547,1.3,1.6,0.802,0.8,1.9,2.7,0.7,1.3,0.3,0.7,1.4,7.0,
270.0,Kevin Love,37.0,UTA,PF,29.0,5.0,17.2,2.2,5.6,0.399,1.4,3.9,0.363,0.8,1.7,0.48,0.525,1.1,1.3,0.838,1.7,4.2,5.9,1.7,0.3,0.3,0.8,1.6,7.0,
271.0,Will Riley,19.0,WAS,SF,45.0,2.0,16.6,2.5,6.1,0.412,0.8,2.4,0.327,1.7,3.6,0.47,0.478,1.1,1.5,0.773,0.8,1.4,2.2,1.4,0.6,0.1,0.9,0.9,7.0,
272.0,Kenrich Williams,31.0,OKC,PF,36.0,2.0,16.1,2.7,5.3,0.511,1.0,2.4,0.398,1.7,2.8,0.608,0.603,0.6,1.0,0.629,1.0,2.5,3.5,1.6,0.6,0.1,0.8,1.1,7.0,
273.0,Walter Clayton,22.0,2TM,PG,47.0,0.0,18.3,2.3,5.9,0.4,1.0,3.2,0.298,1.4,2.6,0.524,0.482,1.3,1.4,0.938,0.3,1.7,2.0,3.3,0.6,0.3,1.3,1.7,6.9,
273.0,Walter Clayton,22.0,UTA,PG,45.0,0.0,18.0,2.3,5.7,0.398,1.0,3.2,0.308,1.3,2.5,0.513,0.484,1.3,1.4,0.935,0.3,1.6,2.0,3.2,0.5,0.3,1.3,1.7,6.8,
273.0,Walter Clayton,22.0,MEM,PG,2.0,0.0,25.0,4.0,9.5,0.421,0.5,4.0,0.125,3.5,5.5,0.636,0.447,1.0,1.0,1.0,0.0,3.5,3.5,5.5,2.0,0.0,2.5,1.5,9.5,
274.0,Jared McCain,21.0,2TM,SG,41.0,1.0,16.9,2.5,6.3,0.392,1.2,3.2,0.383,1.2,3.1,0.402,0.49,0.7,0.8,0.871,0.2,1.9,2.1,1.6,0.6,0.0,0.9,1.2,6.9,
274.0,Jared McCain,21.0,PHI,SG,37.0,1.0,16.8,2.4,6.2,0.385,1.2,3.2,0.378,1.2,3.0,0.393,0.483,0.6,0.7,0.88,0.2,1.9,2.0,1.7,0.6,0.1,0.8,1.2,6.6,
274.0,Jared McCain,21.0,OKC,SG,4.0,0.0,18.5,3.3,7.3,0.448,1.5,3.5,0.429,1.8,3.8,0.467,0.552,1.3,1.5,0.833,1.0,2.0,3.0,1.0,0.5,0.0,1.5,1.3,9.3,
275.0,Jamaree Bouyea,26.0,PHO,PG,28.0,0.0,15.6,2.8,5.6,0.503,0.6,1.9,0.346,2.2,3.8,0.581,0.561,0.6,0.8,0.727,0.5,1.5,1.9,1.8,0.7,0.4,0.6,0.8,6.9,
276.0,Andre Drummond,32.0,PHI,C,40.0,19.0,19.8,2.7,5.4,0.502,0.5,1.3,0.373,2.3,4.2,0.542,0.546,1.0,1.6,0.629,3.4,5.2,8.6,0.9,0.6,0.9,1.0,2.0,6.9,
277.0,Jaxson Hayes,25.0,LAL,C,45.0,7.0,17.7,2.9,3.7,0.772,0.0,0.0,1.0,2.8,3.7,0.77,0.778,1.1,1.7,0.641,1.4,2.4,3.9,1.0,0.4,0.6,0.5,2.0,6.9,
278.0,Kobe Sanders,23.0,LAC,SG,46.0,11.0,21.1,2.5,5.7,0.436,1.0,2.8,0.37,1.5,3.0,0.496,0.525,0.9,1.1,0.8,0.5,2.1,2.6,1.7,0.6,0.1,1.3,2.1,6.9,
279.0,Patrick Williams,24.0,CHI,PF,51.0,3.0,19.2,2.5,6.4,0.385,1.3,3.5,0.386,1.1,3.0,0.384,0.489,0.6,0.9,0.688,0.7,2.2,2.9,1.3,0.6,0.3,0.9,1.3,6.9,
280.0,Brook Lopez,37.0,LAC,C,47.0,12.0,18.6,2.4,6.1,0.385,1.5,4.2,0.348,0.9,1.9,0.467,0.505,0.6,0.7,0.853,0.3,2.3,2.6,1.0,0.5,1.1,0.8,1.7,6.8,
281.0,Jamal Shead,23.0,TOR,PG,55.0,7.0,22.3,2.3,6.4,0.363,1.1,3.5,0.321,1.2,2.9,0.413,0.45,1.1,1.4,0.759,0.3,1.6,1.9,5.4,1.0,0.2,1.4,2.0,6.8,
282.0,Cole Anthony,25.0,MIL,PG,35.0,0.0,15.1,2.8,6.6,0.424,0.6,2.1,0.306,2.2,4.5,0.478,0.472,0.5,0.7,0.615,0.5,2.0,2.5,3.5,0.6,0.3,1.9,2.1,6.7,
283.0,Ryan Nembhard,22.0,DAL,PG,38.0,17.0,18.8,2.8,6.4,0.429,0.9,2.3,0.379,1.9,4.2,0.456,0.496,0.3,0.3,0.769,0.2,1.6,1.8,4.9,0.3,0.0,1.4,1.4,6.7,
284.0,Nique Clifford,23.0,SAC,SG,52.0,10.0,21.3,2.5,6.3,0.393,0.8,2.7,0.317,1.6,3.6,0.449,0.46,0.8,1.1,0.712,0.8,2.3,3.1,1.7,0.7,0.3,1.2,1.9,6.6,
285.0,Will Richard,23.0,GSW,SG,49.0,15.0,19.1,2.4,5.0,0.47,1.1,3.1,0.351,1.3,1.9,0.667,0.579,0.8,0.9,0.822,1.0,1.5,2.5,1.4,1.2,0.1,0.8,1.8,6.6,
286.0,Nae'Qwan Tomlin,25.0,CLE,PF,44.0,2.0,17.0,2.6,5.4,0.487,0.4,2.0,0.218,2.2,3.4,0.642,0.527,0.9,1.2,0.745,1.4,1.7,3.1,0.9,0.8,0.6,0.4,2.1,6.6,
287.0,Sidy Cissoko,21.0,POR,SF,50.0,24.0,22.3,2.2,5.3,0.408,1.1,3.3,0.327,1.1,2.0,0.539,0.509,1.0,1.5,0.703,1.0,1.6,2.6,1.5,0.8,0.3,1.1,2.7,6.5,
288.0,Gradey Dick,22.0,TOR,SG,55.0,1.0,16.1,2.3,5.4,0.424,0.9,2.8,0.314,1.4,2.6,0.542,0.505,1.1,1.3,0.873,0.6,1.5,2.2,0.7,0.7,0.1,0.6,1.4,6.5,
289.0,Ben Sheppard,24.0,IND,SG,44.0,14.0,21.3,2.3,5.7,0.401,1.3,3.6,0.346,1.0,2.1,0.495,0.51,0.6,0.8,0.771,0.6,2.5,3.1,1.8,0.5,0.1,0.6,1.7,6.5,
290.0,Isaiah Jackson,24.0,2TM,C,39.0,14.0,16.5,2.5,4.3,0.587,0.0,0.0,0.0,2.5,4.3,0.59,0.587,1.3,2.0,0.675,2.2,3.2,5.4,0.8,0.7,0.7,1.1,2.8,6.4,
290.0,Isaiah Jackson,24.0,IND,C,38.0,14.0,16.8,2.5,4.3,0.582,0.0,0.0,0.0,2.5,4.3,0.585,0.582,1.3,1.9,0.689,2.3,3.3,5.6,0.8,0.7,0.8,1.1,2.8,6.4,
290.0,Isaiah Jackson,24.0,LAC,C,1.0,0.0,5.0,2.0,2.0,1.0,0.0,0.0,,2.0,2.0,1.0,1.0,1.0,3.0,0.333,0.0,1.0,1.0,0.0,0.0,0.0,0.0,0.0,5.0,
291.0,Olivier-Maxence Prosper,23.0,MEM,PF,29.0,1.0,13.7,2.1,4.3,0.492,0.8,1.9,0.418,1.3,2.4,0.551,0.585,1.4,1.6,0.87,0.9,2.0,2.9,0.7,0.3,0.1,0.7,0.9,6.4,
292.0,Grant Williams,27.0,CHO,PF,14.0,1.0,19.0,1.9,5.4,0.36,1.0,3.7,0.269,0.9,1.6,0.565,0.453,1.6,1.9,0.815,1.2,2.8,4.0,1.6,0.4,0.3,0.7,1.4,6.4,
293.0,Robert Williams,28.0,POR,C,38.0,1.0,16.3,2.9,3.8,0.752,0.2,0.4,0.438,2.7,3.4,0.791,0.776,0.5,0.7,0.714,2.0,4.4,6.5,1.1,0.6,1.4,0.8,1.2,6.4,
294.0,Alex Caruso,31.0,OKC,SG,37.0,0.0,18.4,2.3,5.3,0.434,1.1,3.2,0.325,1.2,2.1,0.605,0.533,0.7,0.9,0.781,0.5,2.1,2.6,2.0,1.4,0.4,0.8,1.2,6.3,
295.0,Paul Reed,26.0,DET,C,38.0,7.0,12.8,2.7,4.5,0.591,0.3,0.7,0.385,2.4,3.8,0.628,0.62,0.7,1.2,0.596,1.8,2.4,4.2,1.3,0.9,0.7,1.0,1.6,6.3,
296.0,Tidjane Salaün,20.0,CHO,PF,32.0,0.0,16.0,2.3,4.4,0.514,1.0,2.2,0.437,1.3,2.2,0.592,0.623,0.8,1.1,0.706,0.8,3.6,4.3,0.8,0.4,0.2,0.8,1.5,6.3,
297.0,Pat Spencer,29.0,GSW,PG,39.0,8.0,15.6,2.4,5.6,0.436,0.8,2.0,0.403,1.6,3.6,0.454,0.507,0.7,0.9,0.765,0.7,1.6,2.3,3.2,0.7,0.1,1.2,1.1,6.3,
298.0,Julian Strawther,23.0,DEN,SG,32.0,4.0,13.8,2.2,4.8,0.452,0.7,2.2,0.319,1.5,2.7,0.558,0.523,1.3,1.6,0.784,0.2,1.9,2.1,1.0,0.4,0.1,0.6,1.2,6.3,
299.0,Jaylin Williams,23.0,OKC,PF,41.0,8.0,19.3,2.0,5.3,0.378,1.2,3.8,0.321,0.8,1.5,0.525,0.493,1.1,1.4,0.763,0.6,4.3,4.9,2.5,0.6,0.7,1.0,2.0,6.3,
300.0,Drake Powell,20.0,BRK,SG,42.0,9.0,19.1,2.1,5.0,0.431,0.8,2.5,0.299,1.4,2.4,0.569,0.507,1.2,1.3,0.891,0.3,1.4,1.7,1.5,0.5,0.2,1.0,1.4,6.2,
301.0,Ja'Kobe Walter,21.0,TOR,SG,45.0,10.0,18.4,2.2,5.0,0.429,1.1,3.2,0.35,1.0,1.8,0.566,0.54,0.8,1.0,0.8,0.7,1.5,2.2,1.0,0.9,0.2,0.6,2.0,6.2,
302.0,Trendon Watford,25.0,PHI,PF,32.0,5.0,16.6,2.5,4.8,0.51,0.3,0.9,0.345,2.2,3.9,0.548,0.542,1.0,1.3,0.721,0.8,2.6,3.4,2.7,0.3,0.3,1.1,2.0,6.2,
303.0,Devin Carter,23.0,SAC,PG,20.0,1.0,13.4,2.2,5.6,0.387,0.5,2.4,0.188,1.7,3.2,0.54,0.428,1.4,1.7,0.818,0.6,1.6,2.2,1.9,0.6,0.3,1.0,1.2,6.1,
304.0,Kris Murray,25.0,POR,SF,34.0,11.0,25.7,2.3,5.1,0.446,0.6,2.3,0.256,1.7,2.9,0.598,0.503,0.9,1.2,0.738,1.8,2.2,4.0,1.2,1.2,0.4,0.9,2.0,6.1,
305.0,Taurean Prince,31.0,MIL,SF,8.0,0.0,21.1,2.1,4.8,0.447,1.5,3.5,0.429,0.6,1.3,0.5,0.605,0.4,0.4,1.0,0.0,1.6,1.6,1.0,0.8,0.3,0.6,2.5,6.1,
306.0,Dru Smith,28.0,MIA,SG,55.0,1.0,17.2,2.1,5.0,0.411,0.6,2.1,0.307,1.4,2.9,0.484,0.475,1.4,1.7,0.837,0.9,1.7,2.6,2.8,1.5,0.3,0.9,1.5,6.1,
307.0,Ryan Dunn,23.0,PHO,SF,48.0,11.0,19.5,2.4,5.4,0.441,0.8,2.5,0.325,1.6,2.9,0.539,0.515,0.4,0.7,0.588,1.4,2.6,4.1,1.5,0.9,0.4,0.9,2.1,6.0,
308.0,Spencer Jones,24.0,DEN,SF,46.0,34.0,23.6,2.2,4.3,0.505,1.0,2.5,0.414,1.1,1.7,0.638,0.628,0.6,1.0,0.622,1.1,2.0,3.1,0.8,0.9,0.4,0.6,2.8,6.0,
309.0,Daeqwon Plowden,27.0,SAC,SG,7.0,1.0,22.9,2.3,6.9,0.333,0.9,4.6,0.188,1.4,2.3,0.625,0.396,0.6,0.6,1.0,2.0,1.3,3.3,1.6,0.3,0.1,0.6,1.7,6.0,
310.0,KJ Simpson,23.0,CHO,PG,14.0,2.0,15.9,2.2,6.4,0.348,0.9,2.8,0.308,1.4,3.6,0.38,0.416,0.7,1.1,0.625,0.4,1.7,2.1,2.5,1.1,0.0,1.7,1.0,6.0,
311.0,Javon Small,23.0,MEM,PG,20.0,0.0,14.9,2.1,5.3,0.39,0.9,2.5,0.36,1.2,2.8,0.418,0.476,1.0,1.3,0.8,0.7,1.5,2.2,3.2,0.4,0.2,1.1,1.3,6.0,
312.0,Goga Bitadze,26.0,ORL,C,42.0,1.0,16.0,2.5,3.6,0.687,0.0,0.2,0.2,2.4,3.3,0.721,0.693,0.9,1.2,0.731,2.1,3.0,5.0,1.2,0.7,1.2,0.5,2.1,5.9,
313.0,Cody Williams,21.0,UTA,SG,42.0,16.0,19.5,2.5,5.2,0.482,0.4,1.6,0.232,2.1,3.6,0.596,0.518,0.5,0.8,0.625,0.9,1.5,2.3,0.9,0.6,0.4,0.6,1.8,5.9,
314.0,Mac McClung,27.0,2TM,SG,4.0,0.0,11.8,2.3,6.3,0.36,0.5,3.0,0.167,1.8,3.3,0.538,0.4,0.8,1.0,0.75,0.0,1.3,1.3,0.5,1.3,0.5,0.8,2.0,5.8,
314.0,Mac McClung,27.0,IND,SG,3.0,0.0,11.3,2.3,6.0,0.389,0.7,3.3,0.2,1.7,2.7,0.625,0.444,1.0,1.3,0.75,0.0,1.3,1.3,0.3,1.7,0.3,0.7,2.0,6.3,
314.0,Mac McClung,27.0,CHI,SG,1.0,0.0,13.0,2.0,7.0,0.286,0.0,2.0,0.0,2.0,5.0,0.4,0.286,0.0,0.0,,0.0,1.0,1.0,1.0,0.0,1.0,1.0,2.0,4.0,
315.0,Steven Adams,32.0,HOU,C,32.0,11.0,22.8,2.2,4.3,0.504,0.0,0.0,,2.2,4.3,0.504,0.504,1.5,2.5,0.58,4.5,4.1,8.6,1.5,0.7,0.6,1.1,1.7,5.8,
316.0,Sharife Cooper,24.0,WAS,PG,12.0,0.0,14.3,2.3,4.3,0.538,0.8,1.6,0.474,1.6,2.8,0.576,0.625,0.4,0.6,0.714,0.3,1.9,2.3,1.9,0.3,0.2,1.5,1.3,5.8,
317.0,Josh Minott,23.0,BOS,PF,33.0,10.0,15.9,2.1,4.1,0.507,1.0,2.3,0.442,1.1,1.8,0.593,0.632,0.6,0.8,0.769,1.2,2.4,3.6,1.0,0.7,0.4,0.6,1.5,5.8,
318.0,Nick Smith Jr.,21.0,LAL,SG,25.0,1.0,12.7,2.2,5.3,0.421,1.1,2.8,0.391,1.2,2.6,0.453,0.523,0.3,0.4,0.636,0.1,0.7,0.8,1.1,0.4,0.1,0.8,1.0,5.8,
319.0,Dean Wade,29.0,CLE,PF,43.0,22.0,22.8,2.0,4.7,0.417,1.2,3.5,0.34,0.8,1.3,0.63,0.542,0.6,0.8,0.75,0.8,3.3,4.1,1.6,0.8,0.4,0.3,1.6,5.8,
320.0,Aaron Holiday,29.0,HOU,PG,35.0,1.0,13.3,1.9,4.6,0.404,1.2,3.1,0.389,0.7,1.5,0.434,0.534,0.8,0.9,0.848,0.2,0.7,0.9,1.0,0.5,0.1,0.6,1.3,5.7,
321.0,Gui Santos,23.0,GSW,PF,44.0,9.0,14.7,2.2,4.2,0.519,0.8,2.3,0.37,1.3,1.9,0.699,0.62,0.6,0.9,0.625,0.8,2.1,2.9,1.5,0.7,0.3,1.0,1.6,5.7,
322.0,Kasparas Jakučionis,19.0,MIA,PG,29.0,8.0,17.0,1.8,4.4,0.398,1.3,2.8,0.451,0.5,1.6,0.304,0.543,0.8,0.9,0.889,0.8,1.6,2.4,2.4,0.7,0.1,0.9,2.0,5.6,
323.0,Sion James,23.0,CHO,SG,55.0,18.0,23.9,1.7,4.6,0.378,1.0,2.7,0.365,0.7,1.9,0.398,0.486,1.2,1.4,0.855,0.6,2.9,3.4,1.9,0.5,0.3,0.9,1.8,5.6,
324.0,Yves Missi,21.0,NOP,C,47.0,7.0,19.3,2.4,4.5,0.538,0.0,0.0,0.0,2.4,4.4,0.541,0.538,0.8,1.4,0.569,2.9,2.7,5.6,1.2,0.3,1.4,0.8,1.7,5.6,
325.0,Jordan Walsh,21.0,BOS,PF,48.0,20.0,18.5,2.1,4.1,0.513,0.7,1.8,0.372,1.5,2.4,0.619,0.593,0.7,0.9,0.778,1.5,2.9,4.3,0.9,0.9,0.5,0.5,2.2,5.6,
326.0,Blake Wesley,22.0,POR,SG,13.0,0.0,15.5,2.2,5.2,0.433,0.5,1.7,0.318,1.7,3.5,0.489,0.485,0.6,1.2,0.5,0.5,1.5,1.9,3.0,1.0,0.1,1.2,1.3,5.6,
327.0,Keon Ellis,26.0,2TM,SG,47.0,5.0,17.9,1.9,4.8,0.396,1.2,3.4,0.365,0.7,1.4,0.471,0.524,0.4,0.7,0.618,0.4,1.1,1.4,0.7,1.1,0.5,0.5,1.6,5.5,
327.0,Keon Ellis,26.0,SAC,SG,43.0,5.0,17.6,1.9,4.9,0.397,1.2,3.3,0.368,0.7,1.5,0.462,0.524,0.5,0.7,0.625,0.3,0.9,1.3,0.6,1.1,0.5,0.5,1.6,5.6,
327.0,Keon Ellis,26.0,CLE,SG,4.0,0.0,20.8,1.8,4.5,0.389,1.3,3.8,0.333,0.5,0.8,0.667,0.528,0.3,0.5,0.5,0.5,2.8,3.3,1.8,1.8,0.8,1.0,1.5,5.0,
328.0,Eric Gordon,37.0,PHI,SG,6.0,0.0,12.3,2.0,3.5,0.571,1.3,2.3,0.571,0.7,1.2,0.571,0.762,0.2,0.3,0.5,0.2,0.2,0.3,0.5,0.7,0.2,0.5,0.5,5.5,
329.0,Oso Ighodaro,23.0,PHO,PF,55.0,7.0,20.0,2.5,3.9,0.631,0.0,0.0,0.0,2.5,3.9,0.634,0.631,0.6,1.3,0.493,1.5,3.0,4.5,1.8,0.9,0.6,1.2,2.5,5.5,
330.0,Taylor Hendricks,22.0,2TM,PF,37.0,6.0,15.6,1.9,4.4,0.441,0.8,2.3,0.337,1.1,2.0,0.56,0.531,0.8,1.1,0.667,0.9,2.3,3.2,0.8,0.5,0.2,0.6,1.4,5.4,
330.0,Taylor Hendricks,22.0,UTA,PF,33.0,6.0,14.9,1.8,3.9,0.453,0.7,2.1,0.343,1.0,1.8,0.586,0.547,0.7,1.0,0.719,0.9,2.1,3.0,0.7,0.4,0.2,0.6,1.2,4.9,
330.0,Taylor Hendricks,22.0,MEM,PF,4.0,0.0,21.8,3.3,8.3,0.394,1.3,4.0,0.313,2.0,4.3,0.471,0.47,1.3,2.5,0.5,0.8,3.8,4.5,1.3,1.3,0.0,1.0,3.0,9.0,
331.0,Dylan Cardwell,24.0,SAC,C,29.0,1.0,21.2,2.3,3.9,0.598,0.0,0.0,0.0,2.3,3.8,0.604,0.598,0.8,1.4,0.55,3.1,4.6,7.7,1.2,0.8,1.6,0.8,3.7,5.4,
332.0,Jalen Pickett,26.0,DEN,SG,39.0,18.0,17.6,2.1,5.0,0.415,1.0,2.7,0.374,1.1,2.3,0.466,0.518,0.3,0.3,0.909,0.5,2.2,2.6,2.5,0.3,0.1,0.7,1.0,5.4,
333.0,Marcus Sasser,25.0,DET,PG,17.0,0.0,9.8,1.9,4.1,0.464,1.1,2.6,0.409,0.8,1.5,0.56,0.594,0.6,0.6,0.909,0.1,0.8,0.9,1.9,0.6,0.1,0.7,0.8,5.4,
334.0,Jalen Wilson,25.0,BRK,PF,35.0,0.0,14.7,1.7,4.6,0.364,1.0,2.8,0.354,0.7,1.8,0.381,0.472,1.0,1.3,0.761,0.2,1.4,1.6,0.6,0.4,0.1,0.5,1.3,5.4,
335.0,Gary Payton II,33.0,GSW,SG,50.0,1.0,13.1,2.3,4.4,0.532,0.4,1.4,0.309,1.9,3.0,0.632,0.58,0.2,0.3,0.571,1.2,2.0,3.1,1.6,0.6,0.3,0.9,1.6,5.3,
336.0,Jevon Carter,30.0,2TM,PG,24.0,0.0,10.8,1.7,4.4,0.387,1.3,3.3,0.4,0.4,1.1,0.346,0.538,0.4,0.4,1.0,0.2,0.9,1.1,0.8,0.5,0.1,0.5,0.8,5.2,
336.0,Jevon Carter,30.0,CHI,PG,23.0,0.0,11.0,1.8,4.5,0.398,1.4,3.4,0.41,0.4,1.1,0.36,0.553,0.4,0.4,1.0,0.2,0.9,1.1,0.8,0.6,0.1,0.5,0.8,5.4,
336.0,Jevon Carter,30.0,ORL,PG,1.0,0.0,4.0,0.0,3.0,0.0,0.0,2.0,0.0,0.0,1.0,0.0,0.0,0.0,0.0,,0.0,1.0,1.0,0.0,0.0,0.0,0.0,0.0,0.0,
337.0,Thomas Bryant,28.0,CLE,C,39.0,0.0,10.5,1.9,3.7,0.51,0.7,1.9,0.347,1.2,1.7,0.691,0.601,0.8,1.0,0.842,0.8,2.1,2.9,0.6,0.2,0.4,0.4,1.2,5.2,
338.0,Garrison Mathews,29.0,IND,SG,15.0,1.0,13.1,1.4,3.5,0.404,1.1,3.1,0.37,0.3,0.4,0.667,0.567,1.3,1.5,0.826,0.1,1.0,1.1,0.7,0.4,0.2,0.2,1.3,5.2,
339.0,Josh Okogie,27.0,HOU,SG,52.0,29.0,19.6,1.8,4.2,0.438,0.9,2.3,0.388,0.9,1.9,0.5,0.546,0.6,1.1,0.6,1.2,1.6,2.8,0.9,0.9,0.2,0.7,1.6,5.2,
340.0,Drew Eubanks,28.0,SAC,C,32.0,11.0,13.4,2.2,3.6,0.605,0.0,0.2,0.2,2.1,3.4,0.624,0.61,0.8,1.3,0.558,0.8,1.8,2.6,0.3,0.4,0.6,0.8,1.3,5.1,
341.0,Johnny Furphy,21.0,IND,SG,35.0,21.0,18.4,2.0,4.3,0.47,0.7,2.0,0.324,1.3,2.2,0.603,0.547,0.5,1.0,0.486,0.9,3.5,4.4,1.2,0.6,0.2,0.8,1.9,5.1,
342.0,Asa Newell,20.0,ATL,PF,39.0,1.0,11.3,2.0,3.8,0.537,0.7,1.7,0.397,1.3,2.0,0.658,0.629,0.4,0.6,0.56,0.9,1.1,2.1,0.5,0.4,0.3,0.5,1.6,5.1,
343.0,Jase Richardson,20.0,ORL,SG,39.0,0.0,12.1,1.9,4.0,0.471,0.6,1.7,0.373,1.2,2.3,0.545,0.552,0.7,0.9,0.73,0.5,0.8,1.3,1.2,0.3,0.1,0.6,1.1,5.1,
344.0,Ben Saraf,19.0,BRK,SG,22.0,5.0,17.5,1.7,5.1,0.336,0.5,2.2,0.25,1.2,3.0,0.4,0.389,1.1,1.5,0.727,0.3,1.3,1.6,2.7,0.8,0.2,1.8,1.3,5.1,
345.0,Jarred Vanderbilt,26.0,LAL,PF,45.0,3.0,19.3,1.9,4.1,0.473,0.5,1.8,0.304,1.4,2.3,0.6,0.538,0.7,1.0,0.638,1.4,3.6,5.0,1.3,1.0,0.4,1.0,1.8,5.1,
346.0,PJ Hall,23.0,2TM,C,16.0,2.0,10.7,1.8,3.2,0.569,0.2,0.3,0.6,1.6,2.9,0.565,0.598,1.2,1.6,0.76,1.7,2.2,3.9,0.4,0.1,0.6,0.8,1.1,5.0,
346.0,PJ Hall,23.0,MEM,C,7.0,0.0,3.9,0.7,1.3,0.556,0.1,0.4,0.333,0.6,0.9,0.667,0.611,0.3,0.4,0.667,0.4,0.9,1.3,0.3,0.0,0.3,0.1,0.4,1.9,
346.0,PJ Hall,23.0,CHO,C,9.0,2.0,16.0,2.7,4.7,0.571,0.2,0.2,1.0,2.4,4.4,0.55,0.595,1.9,2.4,0.773,2.7,3.2,5.9,0.6,0.2,0.8,1.2,1.7,7.4,
347.0,Yuki Kawamura,24.0,CHI,PG,4.0,0.0,19.0,1.3,4.3,0.294,1.0,3.3,0.308,0.3,1.0,0.25,0.412,1.5,1.5,1.0,0.8,3.3,4.0,5.5,1.3,0.0,1.0,1.0,5.0,
348.0,Pete Nance,25.0,MIL,PF,23.0,0.0,10.7,2.0,3.3,0.613,1.0,1.9,0.535,1.0,1.4,0.719,0.767,0.0,0.0,,0.5,1.6,2.0,0.6,0.3,0.2,0.4,0.8,5.0,
349.0,Kadary Richmond,24.0,WAS,SG,1.0,0.0,6.0,2.0,2.0,1.0,1.0,1.0,1.0,1.0,1.0,1.0,1.25,0.0,0.0,,1.0,1.0,2.0,1.0,1.0,1.0,0.0,0.0,5.0,
350.0,Mitchell Robinson,27.0,NYK,C,39.0,14.0,19.6,2.1,3.1,0.697,0.0,0.0,,2.1,3.1,0.697,0.697,0.7,1.8,0.408,4.5,4.4,8.9,1.0,0.8,1.2,0.6,2.4,5.0,
351.0,Ethan Thompson,26.0,IND,SG,22.0,5.0,16.0,1.8,4.6,0.382,1.0,3.0,0.318,0.8,1.6,0.5,0.485,0.5,0.7,0.688,0.5,1.3,1.8,1.5,0.6,0.3,0.5,2.0,5.0,
352.0,Matisse Thybulle,28.0,POR,SG,4.0,0.0,12.3,1.5,2.5,0.6,1.0,1.5,0.667,0.5,1.0,0.5,0.8,1.0,1.0,1.0,0.0,1.0,1.0,0.8,2.5,0.0,0.3,1.8,5.0,
353.0,Jamir Watkins,24.0,WAS,SG,27.0,4.0,18.2,1.8,4.4,0.4,0.6,2.4,0.234,1.2,2.1,0.589,0.463,0.9,1.2,0.697,1.0,2.6,3.6,0.8,0.8,0.5,0.6,2.5,5.0,
354.0,Branden Carlson,26.0,OKC,C,34.0,2.0,11.0,2.0,3.8,0.523,0.6,1.7,0.356,1.4,2.1,0.662,0.604,0.3,0.5,0.529,0.6,2.0,2.6,0.6,0.2,0.5,0.4,0.9,4.9,
355.0,Mouhamed Gueye,23.0,ATL,PF,53.0,5.0,16.3,1.9,4.3,0.445,0.5,1.8,0.289,1.4,2.5,0.562,0.507,0.6,1.0,0.627,1.3,2.4,3.7,1.0,0.8,0.5,0.5,1.7,4.9,
356.0,Tyler Kolek,24.0,NYK,PG,48.0,1.0,13.3,1.9,4.6,0.423,0.8,2.1,0.364,1.2,2.5,0.471,0.505,0.3,0.4,0.667,0.3,1.6,1.9,2.9,0.4,0.1,1.1,1.3,4.9,
357.0,Karlo Matković,24.0,NOP,PF,43.0,2.0,12.9,2.0,3.4,0.603,0.5,1.2,0.434,1.5,2.2,0.699,0.682,0.2,0.4,0.588,0.8,2.3,3.2,0.7,0.3,0.7,0.5,1.5,4.9,
358.0,Tyrese Proctor,21.0,CLE,PG,39.0,1.0,10.4,1.7,4.3,0.391,0.9,2.6,0.35,0.8,1.7,0.455,0.497,0.6,0.7,0.852,0.2,0.9,1.1,1.4,0.4,0.0,0.7,1.1,4.9,
359.0,Noah Penda,21.0,ORL,SF,38.0,2.0,13.7,1.8,4.1,0.435,0.7,1.7,0.385,1.1,2.3,0.472,0.516,0.7,1.0,0.641,1.5,2.2,3.7,1.2,0.6,0.4,0.8,1.3,4.8,
360.0,Tolu Smith,25.0,DET,PF,6.0,0.0,11.7,1.3,3.0,0.444,0.0,0.0,,1.3,3.0,0.444,0.444,2.2,3.0,0.722,2.0,3.2,5.2,1.0,0.3,0.8,0.8,1.5,4.8,
361.0,Gabe Vincent,29.0,2TM,PG,30.0,7.0,19.3,1.5,4.5,0.338,1.3,3.6,0.355,0.3,1.0,0.276,0.478,0.3,0.4,0.909,0.3,0.7,0.9,1.4,0.6,0.0,0.4,1.8,4.7,
361.0,Gabe Vincent,29.0,LAL,PG,29.0,7.0,19.3,1.6,4.5,0.346,1.3,3.6,0.369,0.2,0.9,0.259,0.492,0.3,0.4,0.909,0.2,0.7,0.9,1.3,0.5,0.0,0.4,1.8,4.8,
361.0,Gabe Vincent,29.0,ATL,PG,1.0,0.0,19.0,1.0,6.0,0.167,0.0,4.0,0.0,1.0,2.0,0.5,0.167,0.0,0.0,,1.0,0.0,1.0,4.0,3.0,0.0,0.0,1.0,2.0,
362.0,Justin Edwards,22.0,PHI,SF,41.0,5.0,14.4,1.7,4.2,0.398,0.9,2.7,0.336,0.8,1.5,0.508,0.506,0.5,0.6,0.913,0.4,1.1,1.5,1.1,0.7,0.2,0.6,1.6,4.7,
363.0,Jett Howard,22.0,ORL,SF,33.0,0.0,10.4,1.6,4.1,0.39,0.9,2.6,0.337,0.7,1.5,0.48,0.496,0.6,0.7,0.913,0.3,0.9,1.3,0.8,0.2,0.1,0.2,0.9,4.7,
364.0,Craig Porter Jr.,25.0,CLE,PG,49.0,2.0,17.9,1.9,4.1,0.458,0.5,1.4,0.377,1.3,2.7,0.5,0.522,0.4,0.7,0.545,1.4,2.1,3.4,3.2,1.0,0.6,0.9,1.1,4.7,
365.0,Ousmane Dieng,22.0,2TM,C,30.0,1.0,12.0,1.7,3.9,0.448,0.9,2.2,0.4,0.9,1.7,0.51,0.56,0.3,0.3,0.8,0.3,1.6,1.9,1.1,0.1,0.4,0.3,0.9,4.6,
365.0,Ousmane Dieng,22.0,OKC,C,27.0,0.0,10.9,1.4,3.4,0.418,0.7,1.8,0.367,0.7,1.6,0.476,0.516,0.2,0.2,1.0,0.3,1.3,1.6,1.0,0.1,0.3,0.3,0.8,3.7,
365.0,Ousmane Dieng,22.0,MIL,C,3.0,1.0,21.3,4.7,8.3,0.56,2.7,5.3,0.5,2.0,3.0,0.667,0.72,0.7,1.3,0.5,0.3,4.7,5.0,2.0,0.7,1.3,0.0,2.0,12.7,
366.0,Lonzo Ball,28.0,CLE,PG,35.0,3.0,20.8,1.5,5.0,0.301,1.1,4.2,0.272,0.4,0.8,0.448,0.415,0.4,0.6,0.667,0.7,3.3,4.0,3.9,1.3,0.3,1.5,1.3,4.6,
367.0,Malaki Branham,22.0,WAS,SG,28.0,0.0,9.8,1.5,3.3,0.473,0.5,1.3,0.378,1.0,1.9,0.537,0.549,1.0,1.2,0.824,0.4,1.1,1.6,0.8,0.4,0.1,0.5,0.8,4.6,
368.0,Josh Green,25.0,CHO,SG,31.0,0.0,16.1,1.5,3.4,0.462,1.1,2.4,0.44,0.5,0.9,0.517,0.62,0.5,0.5,0.875,0.9,1.0,1.9,1.0,0.6,0.1,0.6,1.1,4.6,
369.0,Dalton Knecht,24.0,LAL,SF,43.0,1.0,11.4,1.8,4.0,0.447,0.7,2.3,0.306,1.1,1.7,0.639,0.535,0.3,0.5,0.7,0.3,1.2,1.5,0.3,0.2,0.2,0.4,0.9,4.6,
370.0,Jeremiah Robinson-Earl,25.0,2TM,PF,22.0,3.0,16.4,1.7,4.5,0.37,0.5,1.9,0.244,1.2,2.7,0.458,0.42,0.8,0.8,0.944,1.6,3.0,4.7,0.7,0.4,0.0,0.5,1.2,4.6,
370.0,Jeremiah Robinson-Earl,25.0,IND,PF,17.0,3.0,17.6,1.7,4.9,0.349,0.5,1.9,0.242,1.2,2.9,0.42,0.398,0.8,0.8,0.929,1.9,3.3,5.2,0.7,0.4,0.1,0.6,1.4,4.6,
370.0,Jeremiah Robinson-Earl,25.0,DAL,PF,5.0,0.0,12.2,1.6,3.4,0.471,0.4,1.6,0.25,1.2,1.8,0.667,0.529,0.8,0.8,1.0,0.8,2.2,3.0,0.6,0.4,0.0,0.4,0.6,4.4,
371.0,DeAndre Jordan,37.0,NOP,C,2.0,1.0,11.5,2.0,2.5,0.8,0.0,0.0,,2.0,2.5,0.8,0.8,0.5,1.0,0.5,2.0,3.0,5.0,0.0,0.0,0.0,0.5,0.5,4.5,
372.0,Terrence Shannon Jr.,25.0,MIN,SG,22.0,0.0,12.8,1.5,3.7,0.395,0.7,1.7,0.405,0.8,2.0,0.386,0.488,1.0,1.2,0.778,0.3,1.0,1.3,0.6,0.3,0.0,0.7,1.3,4.5,
373.0,Nicolas Batum,37.0,LAC,PF,51.0,4.0,19.5,1.4,3.6,0.397,1.4,3.4,0.394,0.1,0.2,0.444,0.584,0.2,0.2,0.818,0.4,2.3,2.6,0.8,0.7,0.4,0.7,1.5,4.4,
374.0,Mike Conley,38.0,MIN,PG,44.0,9.0,18.5,1.3,4.0,0.322,1.0,3.0,0.321,0.3,1.0,0.326,0.443,0.9,1.0,0.891,0.3,1.4,1.8,2.9,0.6,0.3,0.6,1.5,4.4,
375.0,RayJ Dennis,24.0,3TM,PG,15.0,0.0,11.8,1.5,4.9,0.301,0.8,2.6,0.308,0.7,2.3,0.294,0.384,0.5,0.6,0.889,0.5,1.0,1.5,2.0,0.3,0.3,1.0,1.1,4.3,
375.0,RayJ Dennis,24.0,IND,PG,13.0,0.0,12.9,1.7,5.5,0.306,0.9,2.9,0.316,0.8,2.6,0.294,0.389,0.6,0.7,0.889,0.6,1.0,1.6,2.0,0.2,0.3,1.1,1.2,4.9,
375.0,RayJ Dennis,24.0,LAC,PG,1.0,0.0,4.0,0.0,0.0,,0.0,0.0,,0.0,0.0,,,0.0,0.0,,0.0,2.0,2.0,0.0,0.0,0.0,1.0,0.0,0.0,
375.0,RayJ Dennis,24.0,ATL,PG,1.0,0.0,5.0,0.0,1.0,0.0,0.0,1.0,0.0,0.0,0.0,,0.0,0.0,0.0,,0.0,0.0,0.0,4.0,1.0,0.0,0.0,1.0,0.0,
376.0,Jordan Hawkins,23.0,NOP,SG,36.0,0.0,13.8,1.6,4.8,0.326,0.8,2.7,0.313,0.7,2.1,0.342,0.413,0.4,0.5,0.778,0.4,1.3,1.7,0.8,0.2,0.2,0.6,0.6,4.3,
377.0,Skal Labissière,29.0,WAS,PF,3.0,0.0,12.7,2.0,3.3,0.6,0.3,1.7,0.2,1.7,1.7,1.0,0.65,0.0,0.0,,1.0,2.0,3.0,1.0,0.7,0.3,0.3,1.0,4.3,
378.0,Dereck Lively II,21.0,DAL,C,7.0,4.0,16.4,1.6,2.6,0.611,0.0,0.0,,1.6,2.6,0.611,0.611,1.1,1.4,0.8,2.0,3.3,5.3,1.9,0.6,1.6,1.4,3.0,4.3,
379.0,Micah Peavy,24.0,NOP,SG,46.0,1.0,15.1,1.8,4.8,0.382,0.5,1.9,0.239,1.4,2.9,0.477,0.43,0.2,0.3,0.733,0.8,1.2,2.0,1.0,0.7,0.1,0.3,1.5,4.3,
380.0,Trayce Jackson-Davis,25.0,2TM,C,38.0,1.0,11.5,1.6,2.8,0.579,0.0,0.0,1.0,1.6,2.8,0.575,0.584,0.9,1.6,0.565,1.5,1.8,3.3,0.9,0.4,0.5,0.5,1.1,4.2,
380.0,Trayce Jackson-Davis,25.0,GSW,C,36.0,1.0,11.4,1.7,2.8,0.588,0.0,0.0,1.0,1.6,2.8,0.584,0.593,0.8,1.4,0.558,1.3,1.8,3.1,0.9,0.4,0.5,0.5,1.1,4.2,
380.0,Trayce Jackson-Davis,25.0,TOR,C,2.0,0.0,12.5,1.0,2.5,0.4,0.0,0.0,,1.0,2.5,0.4,0.4,3.0,5.0,0.6,4.5,2.0,6.5,1.0,1.0,0.5,0.5,0.0,5.0,
381.0,Ochai Agbaji,25.0,2TM,SG,43.0,13.0,15.5,1.7,4.0,0.416,0.3,1.5,0.185,1.4,2.5,0.556,0.451,0.6,0.7,0.862,0.8,1.5,2.3,0.7,0.4,0.3,0.4,1.7,4.2,
381.0,Ochai Agbaji,25.0,TOR,SG,42.0,13.0,15.5,1.7,4.0,0.424,0.3,1.5,0.185,1.4,2.5,0.571,0.459,0.6,0.7,0.862,0.8,1.5,2.3,0.7,0.4,0.3,0.5,1.8,4.3,
381.0,Ochai Agbaji,25.0,BRK,SG,1.0,0.0,16.0,0.0,3.0,0.0,0.0,0.0,,0.0,3.0,0.0,0.0,0.0,0.0,,3.0,3.0,6.0,2.0,0.0,1.0,0.0,0.0,0.0,
382.0,Adem Bona,22.0,PHI,C,45.0,4.0,16.3,1.5,2.6,0.58,0.0,0.1,0.4,1.5,2.5,0.588,0.588,1.1,1.6,0.676,1.8,2.1,3.9,0.2,0.4,1.3,0.8,2.2,4.2,
383.0,Myron Gardner,24.0,MIA,SF,26.0,4.0,9.8,1.5,3.2,0.464,0.7,1.7,0.4,0.8,1.5,0.538,0.571,0.5,0.7,0.722,1.0,2.0,3.0,1.0,0.5,0.2,0.2,1.7,4.2,
384.0,Zeke Nnaji,25.0,DEN,PF,39.0,2.0,12.8,1.5,3.2,0.488,0.3,1.0,0.275,1.3,2.1,0.59,0.533,0.8,1.0,0.825,0.7,2.0,2.8,0.5,0.3,0.5,0.5,1.3,4.2,
385.0,Rob Dillingham,21.0,2TM,PG,38.0,0.0,10.5,1.6,4.5,0.353,0.3,1.0,0.333,1.2,3.4,0.359,0.391,0.6,0.7,0.778,0.2,1.2,1.4,1.8,0.7,0.1,1.1,1.1,4.1,
385.0,Rob Dillingham,21.0,MIN,PG,35.0,0.0,9.3,1.3,4.0,0.333,0.3,0.9,0.364,1.0,3.1,0.324,0.376,0.4,0.6,0.75,0.1,1.0,1.2,1.7,0.5,0.1,1.0,1.0,3.5,
385.0,Rob Dillingham,21.0,CHI,PG,3.0,0.0,24.7,4.3,9.7,0.448,0.3,2.0,0.167,4.0,7.7,0.522,0.466,2.0,2.3,0.857,1.0,2.7,3.7,4.0,2.0,0.0,2.3,2.3,11.0,
386.0,Liam McNeeley,20.0,CHO,SF,28.0,0.0,12.2,1.2,3.1,0.386,0.8,2.1,0.379,0.4,1.1,0.4,0.511,0.9,1.1,0.806,0.4,1.8,2.1,0.8,0.2,0.1,0.4,1.3,4.1,
387.0,Jeremy Sochan,22.0,SAS,PF,28.0,0.0,12.8,1.7,3.5,0.475,0.3,1.3,0.257,1.4,2.3,0.594,0.52,0.4,0.6,0.688,0.9,1.7,2.6,1.0,0.4,0.2,0.6,1.8,4.1,
388.0,Tony Bradley,28.0,IND,C,38.0,3.0,10.9,1.6,2.8,0.557,0.0,0.1,0.5,1.5,2.7,0.558,0.561,0.8,1.1,0.744,1.5,1.3,2.8,0.5,0.2,0.2,0.4,1.6,4.0,
389.0,Brandon Clarke,29.0,MEM,PF,2.0,2.0,10.0,1.5,4.5,0.333,0.0,0.0,,1.5,4.5,0.333,0.333,1.0,2.0,0.5,2.0,1.0,3.0,0.5,1.0,0.0,0.0,2.5,4.0,
390.0,Doug McDermott,34.0,SAC,SF,11.0,0.0,10.1,1.4,3.5,0.395,1.3,3.4,0.378,0.1,0.1,1.0,0.579,0.0,0.0,,0.1,0.6,0.7,0.3,0.2,0.1,0.5,0.6,4.0,
391.0,Nick Richards,28.0,2TM,C,31.0,2.0,10.3,1.5,2.9,0.495,0.1,0.1,0.667,1.4,2.8,0.489,0.505,0.9,1.3,0.707,1.4,2.1,3.5,0.3,0.2,0.6,1.0,1.6,3.9,
391.0,Nick Richards,28.0,PHO,C,28.0,2.0,9.1,1.3,2.5,0.493,0.0,0.0,,1.3,2.5,0.493,0.493,0.7,1.0,0.679,1.3,2.0,3.3,0.3,0.1,0.5,0.9,1.4,3.2,
391.0,Nick Richards,28.0,CHI,C,3.0,0.0,22.0,3.3,6.7,0.5,0.7,1.0,0.667,2.7,5.7,0.471,0.55,3.3,4.3,0.769,2.3,3.3,5.7,0.3,1.0,1.7,2.0,3.3,10.7,
392.0,DaRon Holmes,23.0,DEN,PF,15.0,6.0,11.7,1.3,2.9,0.442,0.9,2.3,0.412,0.3,0.6,0.556,0.605,0.4,0.5,0.75,0.3,1.3,1.6,1.0,0.0,0.3,0.3,1.1,3.9,
393.0,Jahmai Mashack,23.0,MEM,SG,12.0,2.0,11.8,1.7,3.8,0.435,0.6,1.9,0.304,1.1,1.9,0.565,0.511,0.0,0.0,,0.3,1.0,1.3,1.0,1.4,0.1,0.8,1.2,3.9,
394.0,Keaton Wallace,26.0,ATL,PG,40.0,2.0,11.2,1.4,3.4,0.419,0.9,2.1,0.405,0.6,1.3,0.442,0.544,0.2,0.3,0.545,0.1,1.1,1.2,2.0,0.5,0.1,0.6,1.0,3.9,
395.0,Jaylen Clark,24.0,MIN,SG,53.0,0.0,13.4,1.4,3.2,0.427,0.4,1.4,0.292,1.0,1.9,0.525,0.488,0.7,1.1,0.627,0.9,1.0,1.9,0.6,0.7,0.2,0.3,1.4,3.8,
396.0,Hugo González,19.0,BOS,SF,49.0,2.0,15.2,1.5,3.3,0.46,0.5,1.6,0.329,1.0,1.8,0.575,0.537,0.2,0.4,0.476,0.9,2.5,3.3,0.6,0.6,0.2,0.6,1.8,3.8,
397.0,A.J. Lawson,25.0,TOR,SG,13.0,0.0,8.4,1.2,3.2,0.39,0.6,1.7,0.364,0.6,1.5,0.421,0.488,0.7,0.7,1.0,0.5,1.2,1.8,0.2,0.3,0.2,0.3,1.2,3.8,
398.0,Baylor Scheierman,25.0,BOS,SG,49.0,8.0,14.4,1.3,3.0,0.449,0.9,2.2,0.394,0.5,0.8,0.605,0.595,0.2,0.3,0.857,0.5,2.3,2.8,1.0,0.6,0.1,0.4,1.4,3.8,
399.0,Clint Capela,31.0,HOU,C,47.0,1.0,11.8,1.6,3.1,0.528,0.0,0.0,,1.6,3.1,0.528,0.528,0.4,0.8,0.553,2.1,2.4,4.5,0.6,0.5,0.8,0.4,0.9,3.7,
400.0,Moussa Cisse,23.0,DAL,C,30.0,1.0,12.0,1.4,2.3,0.609,0.0,0.0,,1.4,2.3,0.609,0.609,0.9,1.9,0.482,1.8,2.6,4.5,0.2,0.3,1.1,0.7,1.9,3.7,
401.0,Yanic Konan Niederhäuser,22.0,LAC,C,34.0,0.0,9.0,1.4,2.1,0.676,0.0,0.1,0.0,1.4,2.0,0.706,0.676,0.9,1.3,0.674,0.9,1.5,2.3,0.3,0.1,0.6,0.6,1.4,3.7,
402.0,Jericho Sims,27.0,MIL,C,39.0,7.0,15.7,1.6,2.0,0.821,0.0,0.0,,1.6,2.0,0.821,0.821,0.4,0.6,0.652,1.4,2.9,4.3,0.8,0.2,0.2,0.9,1.8,3.7,
403.0,Jabari Walker,23.0,PHI,PF,45.0,6.0,12.1,1.3,3.2,0.403,0.4,1.4,0.27,0.9,1.8,0.506,0.462,0.7,1.0,0.727,1.1,1.9,3.1,0.5,0.4,0.2,0.4,1.6,3.7,
404.0,Larry Nance Jr.,33.0,CLE,PF,25.0,2.0,12.9,1.4,3.7,0.38,0.6,1.9,0.333,0.8,1.8,0.432,0.467,0.1,0.2,0.6,0.8,1.7,2.6,1.0,0.6,0.2,0.4,1.8,3.6,
405.0,Kelly Olynyk,34.0,SAS,C,30.0,0.0,9.5,1.3,2.6,0.481,0.3,1.3,0.237,1.0,1.4,0.707,0.538,0.7,1.0,0.667,0.6,1.2,1.9,1.2,0.4,0.0,0.6,1.2,3.5,
406.0,Drew Timme,25.0,LAL,PF,18.0,0.0,8.3,1.4,2.6,0.565,0.4,0.9,0.412,1.1,1.6,0.655,0.641,0.2,0.4,0.571,0.4,0.8,1.3,0.8,0.3,0.0,0.3,0.6,3.5,
407.0,Guerschon Yabusele,30.0,2TM,C,45.0,3.0,10.5,1.3,3.2,0.397,0.7,2.0,0.326,0.6,1.2,0.519,0.5,0.2,0.3,0.643,0.6,1.7,2.3,0.5,0.2,0.2,0.4,1.0,3.4,
407.0,Guerschon Yabusele,30.0,NYK,C,41.0,0.0,8.9,1.0,2.6,0.393,0.5,1.7,0.294,0.5,1.0,0.564,0.486,0.2,0.3,0.667,0.6,1.5,2.1,0.4,0.1,0.1,0.4,0.9,2.7,
407.0,Guerschon Yabusele,30.0,CHI,C,4.0,3.0,26.8,4.0,9.8,0.41,2.5,6.0,0.417,1.5,3.8,0.4,0.538,0.3,0.5,0.5,1.3,3.0,4.3,1.5,1.0,0.5,0.8,2.8,10.8,
408.0,Dalen Terry,23.0,2TM,SG,35.0,0.0,11.0,1.3,3.0,0.433,0.5,1.3,0.404,0.7,1.6,0.456,0.524,0.3,0.5,0.529,0.5,1.3,1.9,1.3,0.6,0.3,0.6,0.9,3.4,
408.0,Dalen Terry,23.0,CHI,SG,34.0,0.0,11.1,1.3,3.0,0.441,0.6,1.4,0.413,0.8,1.6,0.464,0.534,0.3,0.5,0.529,0.6,1.3,1.9,1.3,0.6,0.3,0.6,1.0,3.5,
408.0,Dalen Terry,23.0,PHI,SG,1.0,0.0,7.0,0.0,2.0,0.0,0.0,1.0,0.0,0.0,1.0,0.0,0.0,0.0,0.0,,0.0,1.0,1.0,1.0,0.0,0.0,1.0,0.0,0.0,
409.0,Carter Bryant,20.0,SAS,PF,43.0,0.0,9.3,1.2,3.3,0.371,0.6,1.8,0.321,0.7,1.5,0.431,0.458,0.3,0.5,0.682,0.4,1.5,2.0,0.3,0.2,0.2,0.3,0.9,3.4,
410.0,Cam Christie,20.0,LAC,SG,38.0,0.0,10.0,1.1,2.8,0.398,0.3,1.1,0.286,0.8,1.7,0.47,0.454,0.8,1.1,0.762,0.3,1.3,1.6,0.6,0.3,0.1,0.4,0.4,3.4,
411.0,Caleb Martin,30.0,DAL,SF,46.0,10.0,14.0,1.3,3.0,0.445,0.3,0.8,0.368,1.0,2.2,0.475,0.496,0.5,0.8,0.629,0.5,2.0,2.5,1.6,0.7,0.2,0.7,1.4,3.4,
412.0,TyTy Washington Jr.,24.0,LAC,PG,5.0,0.0,8.0,1.4,2.4,0.583,0.6,1.2,0.5,0.8,1.2,0.667,0.708,0.0,0.0,,0.2,0.2,0.4,1.8,0.8,0.4,0.2,0.4,3.4,
413.0,Patrick Baldwin Jr.,23.0,2TM,SF,3.0,0.0,4.7,1.0,1.3,0.75,0.7,1.0,0.667,0.3,0.3,1.0,1.0,0.7,0.7,1.0,0.0,0.7,0.7,0.0,0.0,0.0,0.3,0.7,3.3,
413.0,Patrick Baldwin Jr.,23.0,LAC,SF,2.0,0.0,6.0,1.5,2.0,0.75,1.0,1.5,0.667,0.5,0.5,1.0,1.0,1.0,1.0,1.0,0.0,0.5,0.5,0.0,0.0,0.0,0.5,1.0,5.0,
413.0,Patrick Baldwin Jr.,23.0,PHI,SF,1.0,0.0,2.0,0.0,0.0,,0.0,0.0,,0.0,0.0,,,0.0,0.0,,0.0,1.0,1.0,0.0,0.0,0.0,0.0,0.0,0.0,
414.0,Koby Brea,23.0,PHO,SG,3.0,0.0,5.3,1.0,1.7,0.6,0.7,1.3,0.5,0.3,0.3,1.0,0.8,0.7,0.7,1.0,0.0,0.7,0.7,0.7,0.0,0.0,0.0,0.0,3.3,
415.0,Isaiah Stevens,25.0,SAC,PG,3.0,0.0,14.3,1.0,2.3,0.429,0.0,0.3,0.0,1.0,2.0,0.5,0.429,1.3,1.3,1.0,0.7,0.3,1.0,3.3,1.7,0.0,0.7,0.7,3.3,
416.0,James Wiseman,24.0,IND,C,4.0,1.0,14.5,1.5,2.5,0.6,0.0,0.0,,1.5,2.5,0.6,0.6,0.3,0.5,0.5,1.3,0.8,2.0,0.8,0.0,0.3,1.3,2.5,3.3,
417.0,Kobe Bufkin,22.0,LAL,SG,6.0,1.0,11.8,1.0,3.7,0.273,0.5,2.0,0.25,0.5,1.7,0.3,0.341,0.7,0.7,1.0,0.2,1.0,1.2,0.5,0.3,0.5,0.7,0.7,3.2,
418.0,Kobe Brown,26.0,2TM,PF,36.0,1.0,9.5,1.1,2.6,0.409,0.4,1.4,0.275,0.7,1.2,0.571,0.484,0.6,0.8,0.786,0.6,1.2,1.8,0.9,0.3,0.1,0.5,0.6,3.1,
418.0,Kobe Brown,26.0,LAC,PF,34.0,0.0,8.7,1.0,2.5,0.393,0.4,1.4,0.265,0.6,1.0,0.571,0.47,0.6,0.8,0.808,0.5,1.0,1.6,0.8,0.3,0.1,0.4,0.5,2.9,
418.0,Kobe Brown,26.0,IND,PF,2.0,1.0,23.5,2.5,4.5,0.556,0.5,1.0,0.5,2.0,3.5,0.571,0.611,0.5,1.0,0.5,2.0,4.5,6.5,2.0,0.5,0.0,1.0,3.5,6.0,
419.0,John Konchar,29.0,2TM,SG,34.0,1.0,15.1,1.2,2.5,0.477,0.4,1.4,0.277,0.8,1.1,0.718,0.552,0.3,0.5,0.625,0.8,2.4,3.1,1.4,1.1,0.5,0.4,1.1,3.1,
419.0,John Konchar,29.0,MEM,SG,30.0,1.0,14.5,1.2,2.4,0.521,0.4,1.3,0.333,0.8,1.1,0.75,0.613,0.3,0.4,0.615,0.7,2.4,3.1,1.3,1.0,0.4,0.5,1.0,3.2,
419.0,John Konchar,29.0,UTA,SG,4.0,0.0,19.5,1.0,3.8,0.267,0.0,2.0,0.0,1.0,1.8,0.571,0.267,0.5,0.8,0.667,1.5,2.3,3.8,2.0,1.3,1.0,0.3,2.3,2.5,
420.0,Jamison Battle,24.0,TOR,SF,39.0,2.0,8.5,1.2,2.3,0.505,0.6,1.4,0.415,0.6,1.0,0.632,0.626,0.2,0.2,0.667,0.3,1.1,1.4,0.4,0.1,0.1,0.4,0.7,3.1,
421.0,Keshad Johnson,24.0,MIA,SF,21.0,0.0,7.6,1.1,2.7,0.404,0.3,1.1,0.304,0.8,1.6,0.471,0.465,0.6,0.8,0.765,0.7,1.1,1.9,0.1,0.2,0.2,0.4,0.8,3.1,
422.0,Kam Jones,23.0,IND,SG,18.0,2.0,11.9,1.3,3.2,0.414,0.3,1.4,0.2,1.1,1.8,0.576,0.457,0.1,0.2,0.5,0.3,0.7,1.1,1.5,0.2,0.0,0.4,0.6,3.1,
423.0,Chaz Lanier,24.0,DET,SG,20.0,0.0,8.6,1.1,2.9,0.368,0.8,2.3,0.333,0.3,0.6,0.5,0.5,0.3,0.3,1.0,0.4,0.6,1.0,0.7,0.3,0.0,0.1,0.4,3.1,
424.0,Mark Sears,23.0,MIL,PG,7.0,0.0,3.7,0.9,1.9,0.462,0.6,1.1,0.5,0.3,0.7,0.4,0.615,0.9,1.1,0.75,0.1,0.1,0.3,0.3,0.0,0.0,0.6,0.6,3.1,
425.0,Charles Bassey,25.0,2TM,C,3.0,0.0,12.0,1.3,3.0,0.444,0.0,0.0,,1.3,3.0,0.444,0.444,0.3,1.0,0.333,2.3,2.7,5.0,0.7,0.3,0.7,0.3,1.7,3.0,
425.0,Charles Bassey,25.0,MEM,C,2.0,0.0,15.5,1.5,4.0,0.375,0.0,0.0,,1.5,4.0,0.375,0.375,0.5,1.5,0.333,3.5,4.0,7.5,1.0,0.5,0.5,0.5,2.5,3.5,
425.0,Charles Bassey,25.0,PHI,C,1.0,0.0,5.0,1.0,1.0,1.0,0.0,0.0,,1.0,1.0,1.0,1.0,0.0,0.0,,0.0,0.0,0.0,0.0,0.0,1.0,0.0,0.0,2.0,
426.0,Dalano Banton,26.0,LAC,PG,2.0,0.0,5.0,1.5,2.0,0.75,0.0,0.0,,1.5,2.0,0.75,0.75,0.0,0.0,,0.5,0.0,0.5,1.0,0.5,0.0,0.5,0.0,3.0,
427.0,Joan Beringer,19.0,MIN,PF,27.0,0.0,6.7,1.4,2.1,0.661,0.0,0.0,,1.4,2.1,0.661,0.661,0.3,0.5,0.615,1.0,1.0,2.0,0.3,0.1,0.4,0.3,1.0,3.0,
428.0,Buddy Boeheim,26.0,OKC,SF,2.0,0.0,6.0,1.0,3.0,0.333,1.0,3.0,0.333,0.0,0.0,,0.5,0.0,0.0,,0.0,0.0,0.0,0.0,0.0,0.0,0.0,0.0,3.0,
429.0,Tyus Jones,29.0,2TM,PG,51.0,9.0,15.8,1.1,3.3,0.343,0.6,2.2,0.282,0.5,1.2,0.458,0.435,0.1,0.1,1.0,0.2,0.9,1.1,2.5,0.7,0.1,0.3,0.5,3.0,
429.0,Tyus Jones,29.0,ORL,PG,48.0,8.0,15.7,1.1,3.3,0.342,0.6,2.1,0.294,0.5,1.2,0.429,0.437,0.1,0.1,1.0,0.2,0.9,1.1,2.4,0.7,0.1,0.3,0.5,3.0,
429.0,Tyus Jones,29.0,DAL,PG,3.0,1.0,17.0,1.3,3.7,0.364,0.3,2.7,0.125,1.0,1.0,1.0,0.409,0.0,0.0,,0.0,0.7,0.7,4.3,0.7,0.0,0.7,1.0,3.0,
430.0,Chris Livingston,22.0,CLE,SF,3.0,0.0,5.7,1.3,2.3,0.571,0.0,1.0,0.0,1.3,1.3,1.0,0.571,0.3,0.3,1.0,0.0,1.0,1.0,0.3,0.3,0.0,0.0,1.3,3.0,
431.0,Lawson Lovering,22.0,MEM,C,1.0,0.0,18.0,1.0,2.0,0.5,0.0,0.0,,1.0,2.0,0.5,0.5,1.0,2.0,0.5,2.0,2.0,4.0,0.0,2.0,0.0,1.0,3.0,3.0,
432.0,Emanuel Miller,25.0,CHI,PF,5.0,0.0,6.6,1.2,2.6,0.462,0.4,1.2,0.333,0.8,1.4,0.571,0.538,0.2,0.4,0.5,0.2,0.4,0.6,0.8,0.4,0.0,0.0,0.4,3.0,
433.0,Riley Minix,25.0,SAS,SF,3.0,0.0,2.7,1.3,2.0,0.667,0.3,1.0,0.333,1.0,1.0,1.0,0.75,0.0,0.0,,0.3,0.3,0.7,0.3,0.3,0.0,0.0,0.3,3.0,
434.0,Monte Morris,30.0,IND,PG,6.0,0.0,10.8,1.2,3.3,0.35,0.3,1.3,0.25,0.8,2.0,0.417,0.4,0.3,0.7,0.5,0.2,1.0,1.2,1.5,0.2,0.2,0.3,0.5,3.0,
435.0,Antonio Reeves,25.0,CHO,SG,7.0,0.0,8.0,1.1,2.3,0.5,0.7,1.4,0.5,0.4,0.9,0.5,0.656,0.0,0.0,,0.1,0.6,0.7,0.3,0.1,0.0,0.0,0.4,3.0,
436.0,Pat Connaughton,33.0,CHO,SG,22.0,0.0,7.0,1.0,2.0,0.489,0.5,1.2,0.407,0.5,0.8,0.611,0.611,0.4,0.6,0.615,0.3,1.1,1.4,0.6,0.2,0.0,0.1,0.2,2.9,
437.0,Dorian Finney-Smith,32.0,HOU,PF,20.0,0.0,15.8,1.0,3.4,0.299,0.7,2.7,0.245,0.4,0.7,0.5,0.396,0.3,0.3,1.0,0.9,1.5,2.4,0.8,0.4,0.2,0.6,1.7,2.9,
438.0,David Jones García,24.0,SAS,SF,11.0,0.0,6.2,1.2,2.3,0.52,0.3,0.5,0.6,0.9,1.8,0.5,0.58,0.3,0.5,0.5,0.4,0.8,1.2,1.6,0.5,0.1,0.5,0.5,2.9,
439.0,Kevon Looney,29.0,NOP,C,18.0,6.0,13.9,1.3,2.9,0.442,0.1,0.5,0.111,1.2,2.4,0.512,0.452,0.3,0.4,0.625,2.3,3.0,5.3,1.4,0.3,0.5,0.4,1.8,2.9,
440.0,Chris Paul,40.0,LAC,PG,16.0,0.0,14.3,1.1,3.5,0.321,0.6,1.9,0.333,0.5,1.6,0.308,0.411,0.1,0.1,0.5,0.4,1.4,1.8,3.3,0.7,0.0,1.0,1.4,2.9,
441.0,Dwight Powell,34.0,DAL,C,40.0,7.0,13.5,0.9,1.5,0.627,0.0,0.1,0.0,0.9,1.4,0.649,0.627,1.0,1.6,0.645,1.3,2.2,3.6,1.0,0.5,0.3,0.5,1.8,2.9,
442.0,Duop Reath,29.0,POR,C,32.0,0.0,8.1,1.0,2.3,0.446,0.7,1.7,0.418,0.3,0.6,0.526,0.601,0.2,0.2,0.833,0.3,0.9,1.2,0.3,0.2,0.3,0.2,0.9,2.9,
443.0,Rayan Rupert,21.0,POR,SG,48.0,0.0,12.0,1.1,3.1,0.361,0.5,1.5,0.31,0.6,1.6,0.408,0.435,0.2,0.3,0.643,0.5,1.3,1.8,0.7,0.6,0.0,0.6,1.3,2.9,
444.0,Christian Koloko,25.0,3TM,C,20.0,4.0,15.3,1.3,3.0,0.433,0.1,0.3,0.2,1.3,2.8,0.455,0.442,0.2,0.3,0.5,1.3,2.0,3.3,0.7,0.6,1.0,0.6,2.1,2.8,
444.0,Christian Koloko,25.0,LAL,C,2.0,0.0,3.0,0.0,0.0,,0.0,0.0,,0.0,0.0,,,0.0,0.0,,0.0,0.5,0.5,0.0,0.0,0.0,0.0,0.5,0.0,
444.0,Christian Koloko,25.0,MEM,C,11.0,2.0,17.7,1.3,3.2,0.4,0.0,0.1,0.0,1.3,3.1,0.412,0.4,0.1,0.4,0.25,1.7,2.3,4.0,0.9,0.9,1.2,0.6,1.8,2.6,
444.0,Christian Koloko,25.0,ATL,C,7.0,2.0,15.0,1.7,3.6,0.48,0.1,0.6,0.25,1.6,3.0,0.524,0.5,0.3,0.3,1.0,1.0,2.0,3.0,0.6,0.3,1.0,0.7,3.0,3.9,
445.0,Julian Phillips,22.0,2TM,SF,37.0,2.0,9.2,1.1,2.5,0.424,0.4,1.4,0.32,0.6,1.1,0.548,0.511,0.3,0.4,0.846,0.6,0.6,1.2,0.2,0.5,0.2,0.2,0.9,2.8,
445.0,Julian Phillips,22.0,CHI,SF,35.0,2.0,9.5,1.1,2.5,0.42,0.5,1.4,0.327,0.6,1.1,0.538,0.511,0.3,0.3,0.818,0.6,0.6,1.3,0.2,0.5,0.2,0.2,0.9,2.8,
445.0,Julian Phillips,22.0,MIN,SF,2.0,0.0,4.0,1.0,2.0,0.5,0.0,0.5,0.0,1.0,1.5,0.667,0.5,1.0,1.0,1.0,0.0,0.0,0.0,0.0,1.0,0.0,0.0,0.5,3.0,
446.0,Trey Alexander,22.0,NOP,SG,5.0,0.0,8.4,1.2,1.8,0.667,0.4,0.6,0.667,0.8,1.2,0.667,0.778,0.0,0.0,,0.0,0.8,0.8,1.0,0.2,0.2,0.2,0.8,2.8,
447.0,Jonathan Isaac,28.0,ORL,PF,44.0,0.0,10.0,0.9,2.1,0.436,0.2,0.8,0.194,0.8,1.3,0.586,0.473,0.7,1.1,0.64,0.8,1.8,2.5,0.4,0.4,0.6,0.4,0.8,2.8,
448.0,Miles Kelly,23.0,DAL,PG,12.0,0.0,8.5,1.1,2.8,0.394,0.7,2.2,0.308,0.4,0.6,0.714,0.515,0.0,0.0,,0.3,1.3,1.6,0.7,0.3,0.0,0.3,0.9,2.8,
449.0,Amir Coffey,28.0,2TM,SG,32.0,2.0,9.3,1.0,2.1,0.47,0.3,1.0,0.29,0.7,1.1,0.629,0.538,0.5,0.6,0.842,0.3,0.8,1.0,0.4,0.1,0.1,0.2,0.6,2.7,
449.0,Amir Coffey,28.0,MIL,SG,30.0,2.0,8.8,0.9,1.8,0.473,0.2,0.8,0.28,0.6,1.0,0.633,0.536,0.4,0.5,0.867,0.2,0.7,0.9,0.4,0.1,0.1,0.1,0.5,2.4,
449.0,Amir Coffey,28.0,PHO,SG,2.0,0.0,16.5,2.5,5.5,0.455,1.0,3.0,0.333,1.5,2.5,0.6,0.545,1.5,2.0,0.75,1.0,2.5,3.5,1.5,0.5,0.0,0.5,2.5,7.5,
450.0,Jamal Cain,26.0,ORL,SF,19.0,0.0,6.9,0.8,2.0,0.395,0.3,1.0,0.316,0.5,1.0,0.474,0.474,0.8,0.9,0.833,0.4,0.4,0.7,0.3,0.2,0.1,0.4,1.2,2.7,
451.0,Mohamed Diawara,20.0,NYK,SF,45.0,6.0,7.1,1.0,2.3,0.456,0.6,1.4,0.413,0.5,0.9,0.525,0.583,0.1,0.1,0.5,0.2,1.0,1.2,0.5,0.2,0.1,0.3,0.6,2.7,
452.0,Ron Harper Jr.,25.0,BOS,SF,10.0,1.0,10.6,1.0,3.1,0.323,0.6,2.4,0.25,0.4,0.7,0.571,0.419,0.1,0.2,0.5,0.9,1.2,2.1,0.8,0.1,0.4,0.1,0.9,2.7,
453.0,Jae'Sean Tate,30.0,HOU,SF,32.0,0.0,8.3,1.2,2.3,0.507,0.2,0.7,0.318,0.9,1.6,0.588,0.555,0.1,0.2,0.571,0.7,0.8,1.5,0.5,0.3,0.1,0.3,1.1,2.7,
454.0,Rasheer Fleming,21.0,PHO,PF,30.0,0.0,7.0,1.0,2.7,0.354,0.4,1.5,0.239,0.6,1.2,0.5,0.421,0.3,0.4,0.727,0.7,0.6,1.3,0.2,0.2,0.2,0.3,0.7,2.6,
455.0,Alijah Martin,24.0,TOR,SG,13.0,0.0,7.5,0.8,2.5,0.344,0.2,0.9,0.167,0.7,1.5,0.45,0.375,0.8,0.9,0.833,0.5,0.6,1.1,0.6,0.5,0.2,0.2,0.8,2.6,
456.0,AJ Johnson,21.0,2TM,SG,28.0,0.0,8.0,1.0,3.1,0.307,0.3,1.0,0.259,0.7,2.2,0.328,0.347,0.3,0.4,0.75,0.3,0.9,1.1,0.8,0.3,0.0,0.6,0.5,2.5,
456.0,AJ Johnson,21.0,WAS,SG,25.0,0.0,8.6,1.1,3.3,0.325,0.3,1.0,0.28,0.8,2.3,0.345,0.367,0.4,0.5,0.75,0.3,0.9,1.2,0.9,0.3,0.0,0.7,0.6,2.8,
456.0,AJ Johnson,21.0,DAL,SG,3.0,0.0,3.7,0.0,1.7,0.0,0.0,0.7,0.0,0.0,1.0,0.0,0.0,0.0,0.0,,0.0,0.3,0.3,0.3,0.0,0.0,0.0,0.0,0.0,
457.0,Gary Harris,31.0,MIL,SG,38.0,2.0,14.6,0.9,1.9,0.446,0.5,1.2,0.426,0.3,0.7,0.481,0.581,0.2,0.2,0.889,0.3,1.1,1.4,1.1,0.6,0.2,0.4,1.1,2.5,
458.0,Anthony Gill,33.0,WAS,PF,28.0,0.0,8.0,0.9,1.7,0.542,0.1,0.5,0.308,0.8,1.3,0.629,0.583,0.4,0.4,0.833,0.6,1.1,1.7,0.3,0.4,0.2,0.4,0.8,2.4,
459.0,Elijah Harkless,25.0,UTA,SG,7.0,0.0,9.4,0.6,1.6,0.364,0.3,1.0,0.286,0.3,0.6,0.5,0.455,1.0,1.3,0.778,0.3,0.6,0.9,0.7,0.6,0.0,0.4,1.4,2.4,
460.0,Taelon Peter,23.0,IND,SG,24.0,0.0,8.2,0.8,2.4,0.328,0.7,2.2,0.302,0.1,0.2,0.6,0.466,0.2,0.3,0.667,0.3,0.9,1.2,1.0,0.4,0.1,0.4,0.5,2.4,
461.0,Leonard Miller,22.0,2TM,SF,21.0,0.0,5.0,1.0,1.7,0.571,0.0,0.6,0.083,0.9,1.1,0.826,0.586,0.4,0.6,0.667,0.3,1.0,1.3,0.2,0.2,0.0,0.4,0.6,2.3,
461.0,Leonard Miller,22.0,MIN,SF,19.0,0.0,5.0,0.9,1.7,0.545,0.1,0.6,0.083,0.9,1.1,0.81,0.561,0.4,0.6,0.636,0.4,0.9,1.3,0.3,0.2,0.0,0.5,0.6,2.3,
461.0,Leonard Miller,22.0,CHI,SF,2.0,0.0,4.5,1.0,1.0,1.0,0.0,0.0,,1.0,1.0,1.0,1.0,0.5,0.5,1.0,0.0,1.5,1.5,0.0,0.5,0.0,0.0,0.5,2.5,
462.0,Chris Boucher,33.0,BOS,PF,9.0,0.0,10.4,0.9,2.8,0.32,0.2,1.7,0.133,0.7,1.1,0.6,0.36,0.3,0.4,0.75,0.2,1.8,2.0,0.3,0.6,0.8,0.1,1.9,2.3,
463.0,Jeff Green,39.0,HOU,PF,18.0,0.0,4.6,0.8,1.8,0.469,0.6,1.3,0.435,0.3,0.5,0.556,0.625,0.1,0.1,1.0,0.1,0.5,0.6,0.2,0.1,0.1,0.1,0.3,2.3,
464.0,Caleb Houstan,23.0,ATL,SF,10.0,0.0,4.9,0.7,1.5,0.467,0.6,1.2,0.5,0.1,0.3,0.333,0.667,0.3,0.3,1.0,0.4,0.1,0.5,0.2,0.1,0.1,0.4,0.6,2.3,
465.0,Maxi Kleber,34.0,LAL,PF,29.0,1.0,11.5,0.8,1.8,0.434,0.2,0.7,0.286,0.6,1.1,0.531,0.491,0.5,0.7,0.7,0.8,1.1,1.9,0.7,0.4,0.2,0.4,1.6,2.3,
466.0,Luke Travers,24.0,CLE,SG,12.0,0.0,8.6,0.8,3.0,0.25,0.1,1.3,0.063,0.7,1.7,0.4,0.264,0.8,0.8,1.0,0.8,1.3,2.0,0.8,0.6,0.3,0.3,0.5,2.3,
467.0,JD Davison,23.0,HOU,PG,24.0,0.0,7.4,0.8,2.1,0.392,0.3,1.1,0.296,0.5,1.0,0.5,0.471,0.2,0.4,0.556,0.1,0.8,0.9,1.1,0.2,0.2,0.3,0.7,2.2,
468.0,Yang Hansen,20.0,POR,C,34.0,1.0,7.5,0.7,2.5,0.298,0.1,1.1,0.135,0.6,1.4,0.426,0.327,0.6,0.6,0.95,0.5,1.1,1.6,0.6,0.1,0.2,0.9,1.2,2.2,
469.0,Bronny James,21.0,LAL,SG,29.0,1.0,7.3,0.8,2.1,0.4,0.4,0.9,0.407,0.4,1.1,0.394,0.492,0.1,0.2,0.8,0.1,0.4,0.5,1.2,0.4,0.1,0.5,0.6,2.2,
470.0,E.J. Liddell,25.0,BRK,PF,10.0,0.0,4.9,0.8,1.7,0.471,0.4,1.1,0.364,0.4,0.6,0.667,0.588,0.2,0.3,0.667,0.3,0.8,1.1,0.0,0.1,0.0,0.0,0.4,2.2,
471.0,Isaiah Livers,27.0,PHO,PF,29.0,0.0,10.1,0.8,1.8,0.423,0.4,1.2,0.343,0.3,0.6,0.588,0.538,0.2,0.3,0.7,0.6,1.3,1.9,0.7,0.4,0.3,0.4,0.9,2.2,
472.0,Jordan McLaughlin,29.0,SAS,PG,25.0,0.0,6.2,0.8,1.9,0.426,0.4,1.0,0.417,0.4,0.9,0.435,0.532,0.2,0.2,0.8,0.2,0.6,0.7,0.8,0.5,0.0,0.4,0.4,2.2,
473.0,Hunter Tyson,25.0,DEN,PF,21.0,2.0,7.7,0.7,2.5,0.269,0.3,1.6,0.212,0.3,0.9,0.368,0.337,0.5,0.6,0.846,0.2,1.5,1.7,0.8,0.1,0.0,0.2,0.6,2.2,
474.0,Xavier Tillman Sr.,27.0,2TM,C,15.0,1.0,7.5,0.9,2.1,0.452,0.2,1.0,0.2,0.7,1.1,0.688,0.5,0.0,0.0,,0.7,1.0,1.7,0.3,0.4,0.1,0.3,0.6,2.1,
474.0,Xavier Tillman Sr.,27.0,BOS,C,14.0,1.0,7.9,1.0,2.2,0.452,0.2,1.1,0.2,0.8,1.1,0.688,0.5,0.0,0.0,,0.7,1.1,1.8,0.4,0.4,0.1,0.4,0.6,2.2,
474.0,Xavier Tillman Sr.,27.0,CHO,C,1.0,0.0,1.0,0.0,0.0,,0.0,0.0,,0.0,0.0,,,0.0,0.0,,0.0,0.0,0.0,0.0,0.0,0.0,0.0,0.0,0.0,
475.0,Ariel Hukporti,23.0,NYK,C,39.0,4.0,9.3,0.8,1.4,0.566,0.0,0.1,0.25,0.7,1.3,0.592,0.575,0.5,0.7,0.731,1.0,1.9,2.9,0.5,0.1,0.5,0.5,1.3,2.1,
476.0,Kevin McCullar Jr.,24.0,NYK,SF,16.0,0.0,7.7,0.8,2.1,0.394,0.4,1.1,0.353,0.4,1.0,0.438,0.485,0.1,0.3,0.4,0.6,0.9,1.5,1.2,0.4,0.0,0.7,1.1,2.1,
477.0,Jahmir Young,25.0,MIA,PG,8.0,0.0,5.5,0.9,2.4,0.368,0.3,0.9,0.286,0.6,1.5,0.417,0.421,0.1,0.1,1.0,0.3,0.3,0.5,0.8,0.1,0.0,0.3,0.5,2.1,
478.0,LJ Cryer,24.0,GSW,PG,3.0,0.0,2.7,0.7,1.7,0.4,0.7,1.3,0.5,0.0,0.3,0.0,0.6,0.0,0.0,,0.0,0.3,0.3,0.0,0.0,0.0,0.0,0.3,2.0,
479.0,Hunter Dickinson,25.0,NOP,C,1.0,0.0,5.0,1.0,2.0,0.5,0.0,0.0,,1.0,2.0,0.5,0.5,0.0,0.0,,0.0,0.0,0.0,0.0,0.0,1.0,2.0,2.0,2.0,
480.0,Tristan Enaruna,24.0,CLE,SF,3.0,0.0,5.0,1.0,2.0,0.5,0.0,0.3,0.0,1.0,1.7,0.6,0.5,0.0,0.0,,1.7,0.3,2.0,0.7,0.0,0.0,0.0,0.0,2.0,
481.0,Trentyn Flowers,20.0,CHI,SF,2.0,0.0,3.0,1.0,1.5,0.667,0.0,0.5,0.0,1.0,1.0,1.0,0.667,0.0,0.0,,0.5,0.0,0.5,0.5,0.0,0.0,0.5,0.5,2.0,
482.0,Keshon Gilbert,22.0,WAS,,3.0,0.0,16.0,0.3,1.3,0.25,0.0,0.7,0.0,0.3,0.7,0.5,0.25,1.3,1.3,1.0,0.7,1.0,1.7,1.0,0.7,1.3,2.0,1.0,2.0,
483.0,Vladislav Goldin,24.0,MIA,C,2.0,0.0,4.0,1.0,1.0,1.0,0.0,0.0,,1.0,1.0,1.0,1.0,0.0,0.0,,0.0,0.5,0.5,1.0,0.0,0.5,0.0,1.5,2.0,
484.0,Colby Jones,23.0,DET,SG,1.0,0.0,7.0,1.0,3.0,0.333,0.0,2.0,0.0,1.0,1.0,1.0,0.333,0.0,0.0,,0.0,4.0,4.0,2.0,0.0,0.0,0.0,1.0,2.0,
485.0,Johnny Juzang,24.0,MIN,SG,21.0,0.0,4.2,0.8,1.8,0.421,0.3,1.1,0.25,0.5,0.7,0.714,0.5,0.2,0.4,0.625,0.2,0.6,0.8,0.3,0.1,0.0,0.2,0.1,2.0,
486.0,Wendell Moore Jr.,24.0,DET,SG,5.0,0.0,10.8,0.8,1.4,0.571,0.0,0.2,0.0,0.8,1.2,0.667,0.571,0.4,0.4,1.0,0.2,1.0,1.2,0.6,0.4,0.4,0.2,0.2,2.0,
487.0,Nikola Topić,20.0,OKC,PG,1.0,0.0,12.0,1.0,3.0,0.333,0.0,2.0,0.0,1.0,1.0,1.0,0.333,0.0,0.0,,0.0,1.0,1.0,1.0,0.0,0.0,3.0,0.0,2.0,
488.0,Oscar Tshiebwe,26.0,UTA,C,3.0,0.0,10.0,1.0,2.0,0.5,0.0,0.0,,1.0,2.0,0.5,0.5,0.0,0.3,0.0,1.7,1.3,3.0,1.7,0.3,0.0,0.3,1.0,2.0,
489.0,Chris Youngblood,23.0,OKC,SG,32.0,0.0,5.4,0.6,1.9,0.333,0.5,1.6,0.314,0.1,0.3,0.444,0.467,0.3,0.3,0.9,0.2,0.7,0.9,0.3,0.1,0.1,0.1,0.6,2.0,
490.0,Bobi Klintman,22.0,DET,SF,9.0,0.0,7.1,0.8,2.7,0.292,0.3,1.3,0.25,0.4,1.3,0.333,0.354,0.0,0.3,0.0,0.6,1.3,1.9,0.4,0.3,0.0,0.6,1.2,1.9,
491.0,Mason Plumlee,35.0,CHO,C,14.0,2.0,8.9,0.6,0.9,0.75,0.0,0.0,,0.6,0.9,0.75,0.75,0.6,0.9,0.667,0.7,2.1,2.9,1.1,0.4,0.0,0.6,0.7,1.9,
492.0,Lindy Waters III,28.0,SAS,SG,28.0,0.0,6.8,0.7,1.9,0.352,0.5,1.7,0.319,0.1,0.3,0.571,0.491,0.0,0.0,1.0,0.1,0.7,0.8,0.4,0.1,0.0,0.1,0.6,1.9,
493.0,Harrison Ingram,23.0,SAS,SF,4.0,0.0,3.3,0.8,1.0,0.75,0.3,0.3,1.0,0.5,0.8,0.667,0.875,0.0,0.0,,0.8,0.0,0.8,0.0,0.0,0.0,0.0,0.5,1.8,
494.0,Dillon Jones,24.0,NYK,SF,4.0,0.0,5.3,0.3,1.3,0.2,0.3,0.8,0.333,0.0,0.5,0.0,0.3,1.0,1.0,1.0,0.5,0.8,1.3,0.8,0.5,0.0,0.0,0.8,1.8,
495.0,Cody Martin,30.0,IND,SF,4.0,0.0,13.8,0.5,2.5,0.2,0.0,1.3,0.0,0.5,1.3,0.4,0.2,0.8,1.5,0.5,0.3,3.3,3.5,0.5,1.0,0.5,1.0,1.3,1.8,
496.0,Orlando Robinson,25.0,ORL,C,4.0,1.0,6.3,0.8,1.3,0.6,0.3,0.5,0.5,0.5,0.8,0.667,0.7,0.0,0.0,,0.5,0.5,1.0,0.8,0.3,0.0,0.0,0.8,1.8,
497.0,Kyle Lowry,39.0,PHI,PG,7.0,0.0,9.0,0.4,1.4,0.3,0.4,1.4,0.3,0.0,0.0,,0.45,0.4,0.6,0.75,0.0,0.6,0.6,1.1,0.3,0.1,0.3,0.4,1.7,
498.0,Brooks Barnhizer,23.0,OKC,SG,29.0,0.0,7.6,0.6,1.6,0.391,0.2,0.6,0.313,0.4,1.0,0.433,0.446,0.1,0.2,0.667,0.3,1.4,1.8,0.6,0.2,0.1,0.2,0.7,1.6,
499.0,Jacob Toppin,25.0,ATL,SF,5.0,0.0,3.4,0.8,1.2,0.667,0.0,0.0,,0.8,1.2,0.667,0.667,0.0,0.0,,0.0,0.2,0.2,0.2,0.0,0.2,0.0,0.2,1.6,
500.0,Amari Williams,24.0,BOS,PF,14.0,2.0,8.0,0.5,1.1,0.438,0.0,0.0,,0.5,1.1,0.438,0.438,0.6,0.9,0.667,0.5,1.6,2.1,0.4,0.1,0.6,0.4,1.1,1.6,
501.0,Tyson Etienne,26.0,BRK,PG,8.0,0.0,4.3,0.5,1.9,0.267,0.5,1.6,0.308,0.0,0.3,0.0,0.4,0.0,0.0,,0.0,0.0,0.0,0.1,0.0,0.0,0.1,0.6,1.5,
502.0,Andre Jackson Jr.,24.0,MIL,SG,26.0,0.0,6.5,0.5,1.7,0.267,0.2,1.0,0.192,0.3,0.7,0.368,0.322,0.3,0.4,0.9,0.4,0.5,0.9,0.9,0.2,0.1,0.3,1.0,1.5,
503.0,Curtis Jones,24.0,DEN,SG,6.0,0.0,5.2,0.7,2.3,0.286,0.2,1.5,0.111,0.5,0.8,0.6,0.321,0.0,0.0,,0.2,0.7,0.8,0.5,0.0,0.0,0.2,0.5,1.5,
504.0,Adou Thiero,21.0,LAL,SF,17.0,0.0,5.8,0.5,1.2,0.45,0.0,0.1,0.0,0.5,1.1,0.474,0.45,0.4,0.5,0.778,0.4,0.6,1.1,0.3,0.3,0.1,0.2,0.9,1.5,
505.0,Javonte Cooke,26.0,POR,SG,16.0,0.0,5.2,0.6,2.2,0.257,0.2,1.2,0.158,0.4,1.0,0.375,0.3,0.1,0.1,1.0,0.2,0.8,0.9,0.4,0.4,0.0,0.6,0.4,1.4,
506.0,Isaiah Crawford,24.0,HOU,SF,5.0,0.0,5.6,0.6,1.2,0.5,0.2,0.8,0.25,0.4,0.4,1.0,0.583,0.0,0.0,,0.0,0.4,0.4,0.4,0.4,0.4,0.0,0.0,1.4,
507.0,Lachlan Olbrich,22.0,CHI,C,17.0,0.0,7.1,0.5,1.2,0.429,0.1,0.4,0.286,0.4,0.8,0.5,0.476,0.2,0.6,0.4,0.7,1.5,2.2,0.7,0.1,0.1,0.2,1.3,1.4,
508.0,Isaac Jones,25.0,2TM,PF,4.0,1.0,4.5,0.5,1.0,0.5,0.0,0.5,0.0,0.5,0.5,1.0,0.5,0.3,0.5,0.5,0.5,0.0,0.5,0.3,0.0,0.0,0.0,1.0,1.3,
508.0,Isaac Jones,25.0,SAC,PF,3.0,1.0,5.7,0.3,0.7,0.5,0.0,0.3,0.0,0.3,0.3,1.0,0.5,0.3,0.7,0.5,0.7,0.0,0.7,0.3,0.0,0.0,0.0,1.3,1.0,
508.0,Isaac Jones,25.0,DET,PF,1.0,0.0,1.0,1.0,2.0,0.5,0.0,1.0,0.0,1.0,1.0,1.0,0.5,0.0,0.0,,0.0,0.0,0.0,0.0,0.0,0.0,0.0,0.0,2.0,
509.0,Nigel Hayes-Davis,31.0,PHO,SF,27.0,0.0,7.2,0.6,1.7,0.326,0.1,0.6,0.125,0.5,1.1,0.433,0.348,0.1,0.1,0.5,0.4,0.8,1.2,0.3,0.3,0.1,0.3,0.6,1.3,
510.0,Khaman Maluach,19.0,PHO,C,23.0,0.0,4.7,0.5,1.0,0.458,0.0,0.3,0.0,0.5,0.8,0.611,0.458,0.4,0.4,0.9,0.3,0.8,1.1,0.1,0.0,0.4,0.4,0.7,1.3,
511.0,Jonathan Mogbo,24.0,TOR,PF,23.0,0.0,6.0,0.6,1.2,0.5,0.0,0.0,,0.6,1.2,0.5,0.5,0.1,0.2,0.4,0.5,1.1,1.6,0.4,0.2,0.2,0.3,0.6,1.3,
512.0,Thanasis Antetokounmpo,33.0,MIL,SF,19.0,0.0,3.0,0.4,0.8,0.533,0.0,0.1,0.0,0.4,0.7,0.571,0.533,0.3,0.6,0.545,0.4,0.3,0.7,0.1,0.3,0.2,0.2,0.5,1.2,
513.0,Malevy Leons,26.0,GSW,SF,5.0,0.0,4.2,0.4,1.2,0.333,0.0,0.4,0.0,0.4,0.8,0.5,0.333,0.4,0.4,1.0,0.4,1.4,1.8,0.2,0.2,0.2,0.4,0.2,1.2,
514.0,Hunter Sallis,22.0,PHI,SG,7.0,0.0,3.7,0.4,0.7,0.6,0.0,0.0,,0.4,0.7,0.6,0.6,0.1,0.3,0.5,0.0,0.1,0.1,0.6,0.0,0.1,0.7,0.3,1.0,
515.0,Dario Šarić,31.0,SAC,C,5.0,0.0,8.2,0.2,1.2,0.167,0.2,0.6,0.333,0.0,0.6,0.0,0.25,0.4,0.4,1.0,0.2,1.0,1.2,0.4,0.0,0.0,0.4,0.6,1.0,
516.0,Johni Broome,23.0,PHI,C,11.0,0.0,5.0,0.4,2.2,0.167,0.0,0.5,0.0,0.4,1.7,0.211,0.167,0.2,0.5,0.333,0.6,0.8,1.5,0.4,0.3,0.2,0.3,0.6,0.9,
517.0,Trey Jemison,26.0,NYK,C,10.0,0.0,5.7,0.4,0.7,0.571,0.0,0.0,,0.4,0.7,0.571,0.571,0.1,0.1,1.0,0.7,0.8,1.5,0.2,0.1,0.2,0.5,0.7,0.9,
518.0,N'Faly Dante,24.0,ATL,C,4.0,0.0,3.8,0.3,1.0,0.25,0.0,0.0,,0.3,1.0,0.25,0.25,0.3,0.3,1.0,0.8,1.0,1.8,0.0,0.5,0.0,0.3,0.3,0.8,
519.0,Drew Peterson,26.0,CHO,PF,6.0,0.0,10.7,0.3,2.7,0.125,0.0,2.0,0.0,0.3,0.7,0.5,0.125,0.2,0.3,0.5,0.5,1.0,1.5,0.3,0.5,0.2,0.0,0.5,0.8,
520.0,Pacome Dadiet,20.0,NYK,SG,20.0,0.0,3.4,0.2,0.7,0.231,0.1,0.4,0.125,0.1,0.3,0.4,0.269,0.3,0.3,1.0,0.1,0.6,0.7,0.5,0.2,0.0,0.0,0.2,0.7,
521.0,Bismack Biyombo,33.0,SAS,C,14.0,1.0,5.6,0.3,0.5,0.571,0.0,0.0,,0.3,0.5,0.571,0.571,0.1,0.1,0.5,0.3,0.6,0.9,0.2,0.2,0.1,0.4,1.0,0.6,
522.0,Joe Ingles,38.0,MIN,SF,19.0,0.0,4.0,0.2,0.4,0.375,0.1,0.3,0.333,0.1,0.1,0.5,0.5,0.1,0.1,1.0,0.0,0.4,0.4,0.8,0.4,0.0,0.4,0.3,0.5,
523.0,Chris Mañon,24.0,LAL,SG,5.0,0.0,4.2,0.0,0.2,0.0,0.0,0.2,0.0,0.0,0.0,,0.0,0.4,0.4,1.0,0.2,0.6,0.8,0.2,0.6,0.4,0.2,0.6,0.4,
524.0,Garrett Temple,39.0,TOR,SG,13.0,0.0,2.8,0.1,0.5,0.143,0.1,0.4,0.2,0.0,0.2,0.0,0.214,0.1,0.2,0.5,0.0,0.3,0.3,0.3,0.2,0.1,0.2,0.2,0.3,
525.0,Jahmyl Telfort,24.0,LAC,PF,8.0,0.0,4.0,0.0,0.5,0.0,0.0,0.5,0.0,0.0,0.0,,0.0,0.1,0.5,0.25,0.0,0.4,0.4,0.1,0.1,0.0,0.1,0.6,0.1,
526.0,Mo Bamba,27.0,TOR,C,2.0,0.0,3.0,0.0,1.0,0.0,0.0,0.0,,0.0,1.0,0.0,0.0,0.0,0.0,,0.5,0.5,1.0,0.0,0.0,0.5,0.0,1.0,0.0,
527.0,Noa Essengue,19.0,CHI,PF,2.0,0.0,3.0,0.0,1.5,0.0,0.0,1.0,0.0,0.0,0.5,0.0,0.0,0.0,0.0,,0.0,0.0,0.0,0.0,0.5,0.0,0.0,0.5,0.0,
528.0,Tosan Evbuomwan,24.0,NYK,SF,5.0,0.0,1.6,0.0,0.2,0.0,0.0,0.0,,0.0,0.2,0.0,0.0,0.0,0.0,,0.2,0.2,0.4,0.0,0.0,0.0,0.0,0.2,0.0,
529.0,Enrique Freeman,25.0,MIN,PF,2.0,0.0,4.0,0.0,0.0,,0.0,0.0,,0.0,0.0,,,0.0,0.0,,0.0,1.5,1.5,0.0,0.0,0.5,0.0,0.0,0.0,
530.0,Chucky Hepburn,22.0,TOR,PG,2.0,0.0,6.5,0.0,3.0,0.0,0.0,2.5,0.0,0.0,0.5,0.0,0.0,0.0,0.0,,0.0,0.5,0.5,1.0,0.5,0.0,0.5,1.0,0.0,
531.0,Max Shulga,23.0,BOS,SG,1.0,0.0,2.0,0.0,1.0,0.0,0.0,0.0,,0.0,1.0,0.0,0.0,0.0,0.0,,0.0,0.0,0.0,0.0,0.0,0.0,0.0,0.0,0.0,
532.0,Stanley Umude,26.0,SAS,SG,1.0,0.0,2.0,0.0,0.0,,0.0,0.0,,0.0,0.0,,,0.0,0.0,,0.0,0.0,0.0,0.0,0.0,0.0,0.0,1.0,0.0,
,League Average,,,,,,,,,0.469,,,0.359,,,0.547,0.543,,,0.784,,,,,,,,,,
