Rank,Player,Age,Team,Pos,G,GS,MP,PER,TS%,3PAr,FTr,ORB%,DRB%,TRB%,AST%,STL%,BLK%,TOV%,USG%,OWS,DWS,WS,WS/48,OBPM,DBPM,BPM,VORP,Awards
1.0,Mikal Bridges,28.0,NYK,SF,43.0,43.0,1675.0,13.4,0.578,0.46,0.076,2.8,6.4,4.7,11.4,1.2,1.2,8.6,19.0,2.0,0.9,2.8,0.081,0.4,-1.5,-1.1,0.4,
2.0,Josh Hart,29.0,NYK,SG,42.0,42.0,1587.0,17.7,0.657,0.364,0.294,6.7,21.9,14.5,19.3,2.0,0.9,15.3,14.7,4.0,1.9,5.9,0.179,2.1,1.3,3.4,2.2,
3.0,OG Anunoby,27.0,NYK,PF,43.0,43.0,1575.0,13.6,0.577,0.456,0.184,4.0,10.7,7.5,7.3,1.8,2.3,9.3,18.3,1.6,1.4,3.0,0.092,-0.4,-0.6,-1.1,0.4,
4.0,Anthony Edwards,23.0,MIN,SG,42.0,42.0,1542.0,18.5,0.586,0.489,0.227,2.2,15.0,8.8,20.3,1.6,1.4,13.0,30.6,1.6,2.0,3.6,0.111,3.3,-0.3,3.0,1.9,
5.0,Jalen Brunson,28.0,NYK,PG,42.0,42.0,1478.0,22.4,0.604,0.326,0.383,1.5,8.1,4.9,32.7,1.2,0.1,10.1,29.7,5.2,0.7,5.9,0.192,4.9,-2.0,2.9,1.8,
6.0,De'Aaron Fox,27.0,SAC,PG,39.0,39.0,1450.0,19.9,0.575,0.316,0.292,3.3,12.1,7.7,26.7,2.1,1.2,12.6,29.6,2.2,1.5,3.7,0.123,2.5,-0.7,1.9,1.4,
7.0,Tyrese Haliburton,24.0,IND,PG,42.0,42.0,1449.0,19.5,0.586,0.577,0.232,2.1,9.5,5.9,35.7,1.7,1.6,10.9,21.5,3.9,1.0,4.9,0.161,4.4,-0.6,3.7,2.1,
8.0,Tyler Herro,25.0,MIA,SG,41.0,41.0,1448.0,19.9,0.626,0.55,0.229,1.0,16.3,8.8,24.5,1.0,0.3,11.0,27.0,3.1,1.4,4.4,0.147,4.4,-0.9,3.6,2.0,
9.0,Pascal Siakam,30.0,IND,PF,43.0,43.0,1432.0,19.6,0.608,0.29,0.258,5.9,18.6,12.4,15.4,1.3,0.9,6.9,23.2,3.5,1.2,4.6,0.155,2.7,-0.6,2.1,1.5,
10.0,Jayson Tatum,26.0,BOS,PF,39.0,39.0,1424.0,23.0,0.596,0.508,0.341,1.9,25.7,13.7,24.5,1.8,1.2,10.7,30.8,3.5,2.3,5.8,0.195,5.1,1.1,6.2,2.9,
11.0,Michael Porter Jr.,26.0,DEN,SF,42.0,42.0,1407.0,16.5,0.627,0.466,0.196,5.1,15.7,10.7,9.8,0.9,1.2,8.5,20.1,2.7,1.1,3.7,0.127,2.0,-1.4,0.6,0.9,
12.0,Domantas Sabonis,28.0,SAC,C,39.0,39.0,1403.0,24.1,0.674,0.176,0.308,11.9,31.8,21.8,26.4,0.9,1.3,16.1,21.8,4.9,1.8,6.7,0.23,4.9,1.3,6.2,2.9,
13.0,Shai Gilgeous-Alexander,26.0,OKC,PG,41.0,41.0,1399.0,30.8,0.644,0.273,0.385,2.6,13.9,8.3,30.9,2.9,3.3,9.9,34.0,6.0,3.2,9.2,0.316,8.4,3.6,12.0,5.0,
14.0,Rudy Gobert,32.0,MIN,C,42.0,42.0,1397.0,15.8,0.669,0.0,0.541,11.4,23.0,17.4,7.3,0.9,4.1,15.1,11.8,2.8,2.2,5.0,0.171,-0.6,1.0,0.4,0.8,
15.0,Keegan Murray,24.0,SAC,PF,39.0,39.0,1387.0,10.6,0.524,0.53,0.099,6.6,16.0,11.3,5.1,1.0,2.3,7.2,14.6,0.8,1.3,2.1,0.073,-1.7,-0.9,-2.6,-0.2,
16.0,Julius Randle,30.0,MIN,PF,42.0,42.0,1386.0,17.4,0.59,0.329,0.38,7.2,16.9,12.2,22.1,0.9,0.5,15.5,25.7,2.2,1.5,3.7,0.129,1.3,-0.5,0.8,1.0,
17.0,Bennedict Mathurin,22.0,IND,SG,42.0,37.0,1368.0,12.6,0.575,0.338,0.329,4.4,16.2,10.4,8.4,1.0,1.0,13.0,21.7,0.5,0.9,1.5,0.051,-1.8,-1.7,-3.5,-0.5,
18.0,Trae Young,26.0,ATL,PG,38.0,38.0,1362.0,18.9,0.564,0.492,0.409,1.5,8.9,5.1,48.0,1.7,0.6,17.4,28.3,2.6,0.8,3.3,0.117,3.4,-2.1,1.3,1.1,
19.0,Nikola Vučević,34.0,CHI,C,42.0,42.0,1356.0,21.9,0.641,0.312,0.146,7.8,25.5,16.8,16.4,1.2,1.7,8.8,22.6,3.6,1.3,4.9,0.174,3.5,-0.3,3.2,1.8,
20.0,Derrick White,30.0,BOS,SG,40.0,40.0,1355.0,15.8,0.589,0.702,0.16,2.9,11.0,6.9,17.6,1.3,3.3,10.7,19.6,2.3,1.7,4.0,0.14,2.2,0.5,2.6,1.6,
21.0,Fred VanVleet,30.0,HOU,PG,38.0,38.0,1354.0,14.0,0.513,0.567,0.178,2.0,10.2,6.0,23.2,2.3,1.3,9.4,18.4,1.8,2.0,3.8,0.136,0.2,1.4,1.6,1.2,
22.0,Cade Cunningham,23.0,DET,PG,38.0,38.0,1353.0,19.2,0.546,0.321,0.226,2.9,17.4,10.1,43.8,1.3,2.2,16.5,31.9,1.3,1.3,2.6,0.094,3.1,-0.3,2.8,1.6,
23.0,Bam Adebayo,27.0,MIA,C,40.0,40.0,1351.0,17.2,0.52,0.189,0.302,7.7,23.3,15.7,21.3,2.2,2.2,12.2,22.5,0.9,2.2,3.1,0.111,-0.4,1.2,0.7,0.9,
24.0,Christian Braun,23.0,DEN,SG,41.0,41.0,1351.0,14.3,0.649,0.265,0.271,4.3,11.2,7.9,7.7,1.5,1.6,8.8,14.9,2.5,1.1,3.6,0.128,-0.2,-0.4,-0.6,0.5,
25.0,Jalen Green,22.0,HOU,SG,41.0,41.0,1347.0,16.2,0.567,0.465,0.241,1.8,12.6,7.1,12.5,1.4,1.0,11.2,26.8,1.6,1.8,3.4,0.122,1.8,-0.3,1.5,1.2,
26.0,Jalen Williams,23.0,OKC,SG,41.0,41.0,1329.0,19.4,0.556,0.295,0.219,2.7,15.8,9.3,24.3,2.6,2.3,11.2,27.5,1.5,3.0,4.4,0.16,1.8,2.0,3.8,2.0,
27.0,Devin Booker,28.0,PHO,SG,36.0,36.0,1328.0,20.8,0.586,0.417,0.382,3.3,8.5,5.9,29.5,1.6,0.7,9.8,29.2,3.5,0.5,4.0,0.144,3.6,-1.9,1.7,1.2,
28.0,DeMar DeRozan,35.0,SAC,SF,37.0,37.0,1322.0,17.2,0.563,0.153,0.323,1.7,10.2,5.9,16.2,1.7,1.1,7.1,24.6,2.2,1.1,3.3,0.119,0.1,-0.6,-0.5,0.5,
29.0,Karl-Anthony Towns,29.0,NYK,C,38.0,38.0,1318.0,26.6,0.664,0.296,0.371,10.2,35.3,23.1,14.9,1.4,2.2,12.1,27.5,4.7,2.0,6.7,0.245,5.3,0.2,5.6,2.5,
30.0,Nikola Jokić,29.0,DEN,C,36.0,36.0,1317.0,32.8,0.648,0.214,0.316,10.6,28.1,19.7,43.9,2.4,1.5,11.7,30.4,6.7,2.1,8.8,0.32,10.6,3.3,13.9,5.3,
31.0,Brook Lopez,36.0,MIL,C,41.0,41.0,1309.0,13.9,0.606,0.532,0.149,3.8,12.4,8.2,7.5,1.2,5.7,9.4,15.3,1.4,1.7,3.2,0.116,-0.2,0.8,0.6,0.9,
32.0,James Harden,35.0,LAC,PG,39.0,39.0,1307.0,18.7,0.57,0.515,0.429,2.0,17.1,9.6,37.1,2.1,1.8,19.6,30.1,1.1,2.2,3.3,0.12,2.6,0.9,3.5,1.8,
33.0,Ivica Zubac,27.0,LAC,C,41.0,41.0,1306.0,21.0,0.617,0.0,0.264,13.4,30.6,22.1,12.8,1.0,3.9,12.8,18.9,2.7,2.6,5.3,0.194,1.5,1.0,2.5,1.5,
34.0,Coby White,24.0,CHI,SG,40.0,40.0,1305.0,13.9,0.582,0.579,0.223,1.1,9.6,5.4,20.1,1.5,0.5,13.3,23.1,1.0,0.6,1.7,0.061,-0.4,-1.6,-2.0,0.0,
35.0,Anthony Davis,31.0,LAL,C,37.0,37.0,1294.0,26.5,0.597,0.128,0.44,8.8,29.5,19.2,17.2,1.8,5.7,9.6,29.9,3.2,1.9,5.1,0.189,4.1,0.9,5.1,2.3,
36.0,Zach LaVine,29.0,CHI,SF,38.0,38.0,1293.0,18.5,0.637,0.417,0.23,0.9,13.8,7.4,21.0,1.3,0.7,13.7,26.5,1.9,0.7,2.6,0.098,2.5,-1.4,1.2,1.0,
37.0,LeBron James,40.0,LAL,SF,37.0,37.0,1293.0,22.6,0.605,0.319,0.238,3.0,21.1,12.1,43.8,1.2,1.6,16.1,29.6,2.6,1.0,3.5,0.132,5.2,0.1,5.3,2.4,
38.0,Jamal Murray,27.0,DEN,PG,36.0,36.0,1291.0,16.6,0.562,0.353,0.222,1.7,9.9,6.0,23.2,2.0,1.5,11.2,23.7,1.7,1.1,2.8,0.106,0.8,-0.6,0.2,0.7,
39.0,Tobias Harris,32.0,DET,PF,40.0,40.0,1290.0,13.5,0.554,0.365,0.195,3.5,18.5,11.0,11.0,1.2,2.5,8.8,17.6,1.3,1.3,2.6,0.096,-0.7,0.2,-0.4,0.5,
40.0,Alperen Şengün,22.0,HOU,C,41.0,41.0,1287.0,22.7,0.54,0.093,0.317,11.3,24.5,17.7,25.9,2.1,2.6,12.3,26.8,2.4,2.6,5.0,0.187,3.5,2.2,5.7,2.5,
41.0,Tyrese Maxey,24.0,PHI,PG,34.0,34.0,1286.0,19.5,0.55,0.448,0.273,0.8,10.5,5.4,27.9,2.6,1.0,9.2,30.9,1.6,1.1,2.8,0.103,3.0,-0.7,2.3,1.4,
42.0,Toumani Camara,24.0,POR,PF,41.0,41.0,1280.0,10.6,0.528,0.513,0.168,7.5,11.6,9.5,8.9,2.2,1.7,13.9,14.1,0.5,0.7,1.2,0.044,-2.2,-0.2,-2.4,-0.1,
43.0,Jaden McDaniels,24.0,MIN,PF,42.0,42.0,1277.0,11.3,0.54,0.425,0.121,5.5,12.1,8.9,7.5,2.2,2.4,9.7,14.9,0.7,1.8,2.5,0.093,-2.3,1.3,-1.0,0.3,
44.0,Kelly Oubre Jr.,29.0,PHI,SF,38.0,35.0,1275.0,12.9,0.543,0.38,0.238,5.2,15.8,10.2,7.7,2.1,1.5,9.1,18.2,0.7,1.2,1.9,0.071,-1.7,-0.3,-2.0,0.0,
45.0,Kentavious Caldwell-Pope,31.0,ORL,SG,42.0,42.0,1273.0,9.9,0.547,0.636,0.17,1.2,6.6,3.7,9.8,2.6,1.9,9.8,13.2,0.5,1.9,2.4,0.092,-3.2,2.0,-1.2,0.3,
46.0,Jaylen Brown,28.0,BOS,SF,35.0,35.0,1250.0,17.9,0.544,0.334,0.294,4.7,13.8,9.2,22.0,1.8,0.7,11.6,29.3,1.3,1.5,2.9,0.11,0.7,-0.7,0.0,0.6,
47.0,Myles Turner,28.0,IND,C,40.0,40.0,1247.0,15.6,0.607,0.444,0.26,5.2,19.9,12.7,6.9,1.3,5.9,13.6,20.5,0.7,1.5,2.3,0.087,-0.6,0.2,-0.4,0.5,
48.0,Dyson Daniels,21.0,ATL,SG,37.0,37.0,1243.0,13.9,0.515,0.308,0.117,5.1,10.8,7.9,14.8,4.2,2.3,12.4,17.8,0.1,1.7,1.8,0.071,-2.2,2.5,0.3,0.7,
49.0,Bilal Coulibaly,20.0,WAS,SF,37.0,37.0,1236.0,10.6,0.512,0.357,0.302,4.4,11.5,7.9,14.6,1.8,2.0,15.3,17.4,-0.3,0.3,0.0,0.0,-2.9,-0.9,-3.8,-0.6,
50.0,Carlton Carrington,19.0,WAS,PG,41.0,32.0,1230.0,8.5,0.519,0.55,0.112,1.1,13.7,7.3,18.4,1.1,0.7,15.1,14.1,0.0,0.1,0.0,0.001,-3.6,-1.2,-4.8,-0.9,
51.0,Damian Lillard,34.0,MIL,PG,34.0,34.0,1228.0,21.6,0.623,0.516,0.388,1.6,11.1,6.6,30.1,1.7,0.5,12.6,27.7,3.5,1.3,4.8,0.187,4.5,-0.7,3.8,1.8,
52.0,Giannis Antetokounmpo,30.0,MIL,PF,35.0,35.0,1221.0,30.0,0.618,0.036,0.517,7.1,29.3,18.6,34.0,1.1,3.7,12.2,36.3,3.6,2.1,5.6,0.222,6.0,2.2,8.3,3.2,
53.0,Dennis Schröder,31.0,2TM,SG,39.0,39.0,1221.0,12.9,0.542,0.453,0.224,1.0,8.7,4.7,29.3,1.6,0.5,14.3,22.8,0.8,0.7,1.4,0.056,-1.2,-1.5,-2.7,-0.2,
53.0,Dennis Schröder,31.0,BRK,PG,23.0,23.0,772.0,16.2,0.588,0.462,0.249,0.6,10.1,5.2,33.2,1.7,0.5,14.1,23.9,1.2,0.3,1.5,0.094,1.2,-1.3,-0.2,0.4,
53.0,Dennis Schröder,31.0,GSW,SG,16.0,16.0,449.0,7.2,0.456,0.438,0.176,1.6,6.3,3.9,22.5,1.4,0.4,14.8,20.8,-0.4,0.3,-0.1,-0.009,-5.3,-1.7,-7.0,-0.6,
54.0,Austin Reaves,26.0,LAL,SG,35.0,35.0,1220.0,16.1,0.587,0.513,0.297,2.8,10.9,6.9,25.9,1.5,0.4,13.7,23.0,1.8,0.5,2.3,0.092,1.3,-1.3,0.0,0.6,
55.0,Donovan Mitchell,28.0,CLE,SG,39.0,39.0,1216.0,20.2,0.579,0.502,0.21,2.2,13.5,8.0,21.5,2.2,0.6,9.2,30.2,2.2,1.5,3.7,0.145,3.2,-0.3,2.8,1.5,
56.0,Dillon Brooks,29.0,HOU,SF,38.0,38.0,1216.0,10.4,0.53,0.518,0.134,4.1,9.0,6.5,7.3,1.3,0.8,7.4,17.3,1.1,1.4,2.6,0.101,-1.7,-0.1,-1.8,0.1,
57.0,Anfernee Simons,25.0,POR,SG,38.0,38.0,1213.0,14.1,0.548,0.522,0.159,1.0,8.4,4.6,24.6,1.4,0.2,12.1,24.5,1.1,0.1,1.2,0.048,0.7,-2.4,-1.6,0.1,
58.0,Darius Garland,25.0,CLE,PG,40.0,40.0,1208.0,21.8,0.636,0.456,0.231,1.9,7.2,4.6,32.9,1.7,0.7,12.6,27.1,4.0,1.1,5.1,0.201,5.0,-1.0,4.0,1.9,
59.0,Tyus Jones,28.0,PHO,PG,40.0,40.0,1205.0,15.1,0.603,0.543,0.1,2.2,6.9,4.6,29.4,1.6,0.4,12.2,15.6,2.6,0.3,2.9,0.115,1.5,-1.3,0.1,0.6,
60.0,Jalen Johnson,23.0,ATL,SF,33.0,33.0,1201.0,17.9,0.58,0.266,0.237,5.2,25.2,15.0,21.4,1.9,2.7,15.2,22.4,1.1,1.5,2.6,0.102,0.8,1.2,1.9,1.2,
61.0,Chris Paul,39.0,SAS,PG,41.0,41.0,1196.0,16.1,0.58,0.631,0.196,1.8,13.4,7.7,38.8,2.2,0.7,16.5,14.5,2.6,1.2,3.8,0.152,0.7,0.9,1.7,1.1,
62.0,Luguentz Dort,25.0,OKC,SF,41.0,41.0,1194.0,11.4,0.573,0.676,0.109,5.0,10.6,7.9,7.3,1.8,2.4,8.0,13.9,1.3,2.2,3.5,0.139,-0.9,1.1,0.2,0.7,
63.0,Victor Wembanyama,21.0,SAS,C,36.0,36.0,1193.0,24.3,0.592,0.482,0.209,5.8,28.3,17.2,19.6,1.6,10.7,14.3,31.1,0.8,2.5,3.2,0.13,3.7,3.3,7.0,2.7,
64.0,Jarrett Allen,26.0,CLE,C,41.0,41.0,1185.0,22.6,0.73,0.003,0.429,9.9,27.5,18.9,9.0,1.6,2.9,9.6,15.9,4.3,2.0,6.2,0.252,3.2,0.9,4.0,1.8,
65.0,Malik Beasley,28.0,DET,SG,42.0,11.0,1180.0,14.2,0.572,0.69,0.121,2.2,9.6,5.9,9.9,1.5,0.2,7.2,23.0,1.2,0.8,2.0,0.083,1.3,-1.4,-0.1,0.6,
66.0,Jakob Poeltl,29.0,TOR,C,37.0,36.0,1176.0,19.2,0.624,0.005,0.276,12.7,24.0,18.3,12.5,1.8,3.7,14.4,18.3,2.0,1.1,3.2,0.129,0.3,0.3,0.6,0.8,
67.0,Jaren Jackson Jr.,25.0,MEM,C,40.0,40.0,1171.0,20.9,0.587,0.311,0.332,5.4,16.8,11.2,11.0,2.3,5.2,10.5,29.1,1.8,2.1,4.0,0.162,1.7,1.2,3.0,1.5,
68.0,Payton Pritchard,27.0,BOS,PG,42.0,0.0,1167.0,18.1,0.644,0.748,0.122,5.4,8.6,7.0,17.5,1.5,0.4,8.3,19.2,3.5,1.1,4.6,0.191,3.7,-0.2,3.5,1.6,
69.0,Harrison Barnes,32.0,SAS,PF,41.0,41.0,1154.0,13.0,0.623,0.468,0.364,5.4,8.9,7.2,8.6,0.5,0.5,6.1,14.5,2.3,0.4,2.7,0.114,0.5,-1.5,-1.1,0.3,
70.0,Evan Mobley,23.0,CLE,PF,38.0,38.0,1147.0,22.5,0.653,0.226,0.328,7.6,24.0,16.0,13.8,1.5,4.2,12.5,23.1,3.0,1.9,4.9,0.204,2.9,1.2,4.1,1.8,
71.0,Russell Westbrook,36.0,DEN,PG,42.0,21.0,1146.0,16.3,0.545,0.345,0.306,5.6,14.1,10.0,32.1,2.7,1.8,19.5,23.1,0.8,1.4,2.2,0.091,0.3,0.6,0.9,0.8,
72.0,RJ Barrett,24.0,TOR,SG,34.0,34.0,1144.0,16.9,0.546,0.309,0.321,3.3,18.6,10.9,28.8,1.1,1.1,13.6,29.6,0.6,0.5,1.1,0.046,1.4,-1.3,0.1,0.6,
73.0,P.J. Washington,26.0,DAL,PF,35.0,34.0,1138.0,13.2,0.539,0.379,0.268,4.8,20.6,12.9,9.3,1.9,2.7,12.7,18.3,0.3,1.6,1.9,0.081,-1.2,0.8,-0.4,0.4,
74.0,Kyrie Irving,32.0,DAL,SG,32.0,32.0,1137.0,19.9,0.6,0.379,0.2,3.2,10.5,6.9,21.6,1.7,0.9,10.1,26.6,2.5,1.0,3.5,0.148,4.0,-0.3,3.7,1.7,
75.0,Rui Hachimura,26.0,LAL,PF,35.0,35.0,1131.0,13.0,0.599,0.385,0.203,5.9,12.5,9.2,6.8,1.3,1.5,8.9,15.4,1.4,0.6,2.0,0.084,-0.7,-1.1,-1.7,0.1,
76.0,Cason Wallace,21.0,OKC,SG,41.0,28.0,1131.0,11.8,0.533,0.444,0.065,4.2,9.2,6.7,11.5,3.0,2.3,8.6,11.9,1.0,2.3,3.3,0.14,-1.8,2.9,1.1,0.9,
77.0,Ochai Agbaji,24.0,TOR,SG,39.0,33.0,1127.0,11.8,0.608,0.468,0.085,3.5,11.0,7.2,8.3,1.3,1.8,8.1,13.8,1.3,0.3,1.6,0.069,-0.5,-0.5,-1.0,0.3,
78.0,Jalen Wilson,24.0,BRK,PF,42.0,9.0,1127.0,8.2,0.521,0.548,0.208,4.3,10.5,7.3,9.6,0.9,0.2,10.8,16.3,0.1,0.3,0.4,0.018,-3.2,-1.8,-5.0,-0.8,
79.0,Collin Sexton,26.0,UTA,SG,39.0,37.0,1126.0,16.6,0.6,0.334,0.266,3.7,7.0,5.4,23.0,1.2,0.3,14.0,25.9,1.9,0.0,1.9,0.081,1.4,-2.4,-0.9,0.3,
80.0,Amen Thompson,22.0,HOU,SF,38.0,11.0,1125.0,18.0,0.611,0.144,0.428,9.2,19.0,14.0,11.6,2.1,3.6,15.4,17.1,1.9,2.1,4.0,0.17,0.7,2.0,2.8,1.3,
81.0,Kevin Durant,36.0,PHO,PF,31.0,31.0,1123.0,21.8,0.626,0.302,0.354,1.4,17.7,9.8,20.5,1.1,3.5,12.7,30.6,1.9,0.8,2.7,0.114,3.5,-0.7,2.9,1.4,
82.0,Norman Powell,31.0,LAC,SG,34.0,34.0,1112.0,19.5,0.636,0.477,0.273,1.1,10.6,5.9,11.7,2.0,0.4,10.1,27.3,2.2,1.5,3.7,0.16,3.4,0.1,3.5,1.6,
83.0,Yves Missi,20.0,NOP,C,41.0,35.0,1111.0,16.0,0.593,0.004,0.45,13.8,19.0,16.3,7.6,1.0,5.0,13.5,13.7,1.8,0.7,2.4,0.105,-1.6,-1.1,-2.7,-0.2,
84.0,Jrue Holiday,34.0,BOS,PG,36.0,36.0,1104.0,13.9,0.573,0.553,0.161,4.2,11.2,7.7,17.5,1.6,1.3,11.8,16.3,1.7,1.3,3.0,0.13,0.2,0.6,0.8,0.8,
85.0,Deni Avdija,24.0,POR,SF,39.0,21.0,1100.0,15.8,0.583,0.403,0.366,4.9,20.5,12.5,17.4,1.8,2.0,16.7,21.6,0.9,0.8,1.7,0.076,0.2,-0.1,0.2,0.6,
86.0,Gradey Dick,21.0,TOR,SG,36.0,36.0,1099.0,11.7,0.544,0.502,0.229,2.7,9.5,6.1,10.2,1.4,0.6,10.0,22.6,0.5,0.2,0.6,0.027,-1.2,-2.1,-3.3,-0.4,
87.0,Jaylen Wells,21.0,MEM,SG,42.0,37.0,1097.0,11.2,0.576,0.539,0.194,4.3,9.0,6.7,8.0,1.0,0.4,9.5,17.2,1.2,1.0,2.2,0.098,-0.6,-1.0,-1.6,0.1,
88.0,Julian Champagnie,23.0,SAS,SF,41.0,26.0,1097.0,11.7,0.576,0.735,0.129,3.1,14.1,8.7,6.8,1.3,1.6,9.4,17.3,0.6,0.9,1.5,0.065,-0.6,-0.8,-1.4,0.2,
89.0,Cameron Johnson,28.0,BRK,PF,34.0,34.0,1096.0,18.8,0.669,0.586,0.286,2.6,12.6,7.4,15.8,1.3,1.4,10.5,22.2,2.7,0.5,3.3,0.142,4.3,-0.7,3.6,1.6,
90.0,Josh Giddey,22.0,CHI,PG,39.0,39.0,1089.0,14.9,0.519,0.364,0.202,5.8,20.9,13.5,31.9,1.8,1.6,20.1,20.2,0.4,1.1,1.5,0.067,-0.3,0.5,0.3,0.6,
91.0,Shaedon Sharpe,21.0,POR,SG,34.0,31.0,1074.0,14.0,0.55,0.414,0.217,2.5,11.1,6.6,13.9,1.3,0.8,10.7,24.4,0.6,0.2,0.9,0.038,-0.3,-2.2,-2.5,-0.1,
92.0,Tim Hardaway Jr.,32.0,DET,SG,38.0,38.0,1072.0,10.1,0.591,0.662,0.25,0.7,7.5,4.1,7.3,0.6,0.1,6.7,15.5,1.3,0.4,1.7,0.077,-1.1,-1.4,-2.6,-0.1,
93.0,Malik Monk,26.0,SAC,SG,34.0,21.0,1067.0,16.5,0.566,0.493,0.206,1.2,11.6,6.4,25.3,1.5,1.7,10.8,23.7,1.6,0.9,2.6,0.115,1.4,-0.5,0.9,0.8,
94.0,Terry Rozier,30.0,MIA,PG,37.0,20.0,1061.0,11.0,0.518,0.478,0.173,2.6,12.8,7.8,15.3,1.1,1.2,11.9,20.3,-0.2,1.0,0.8,0.037,-2.4,-1.1,-3.6,-0.4,
95.0,Donte DiVincenzo,28.0,MIN,SG,40.0,8.0,1057.0,12.8,0.557,0.748,0.134,2.5,12.7,7.7,20.1,2.2,0.6,15.2,19.3,0.6,1.4,2.0,0.09,-0.2,0.8,0.6,0.7,
96.0,Naz Reid,25.0,MIN,C,42.0,0.0,1051.0,16.5,0.597,0.493,0.188,4.1,18.3,11.4,11.0,1.5,3.2,9.8,21.6,1.4,1.6,3.0,0.135,0.9,1.0,1.8,1.0,
97.0,Jordan Poole,25.0,WAS,SG,34.0,34.0,1050.0,16.4,0.593,0.563,0.284,1.4,8.4,4.8,25.4,2.3,1.3,16.6,29.3,0.5,0.2,0.7,0.031,1.8,-1.8,0.0,0.5,
98.0,Stephen Curry,36.0,GSW,PG,33.0,33.0,1048.0,21.4,0.618,0.628,0.2,1.7,15.3,8.3,31.8,1.8,1.5,13.9,28.6,2.3,1.2,3.5,0.161,6.2,0.2,6.4,2.2,
99.0,Taurean Prince,30.0,MIL,SF,41.0,34.0,1039.0,9.5,0.616,0.637,0.094,2.5,12.7,7.8,9.2,1.5,0.5,15.3,12.1,0.6,1.1,1.7,0.079,-2.2,0.1,-2.1,0.0,
100.0,Andrew Wiggins,29.0,GSW,SF,35.0,35.0,1033.0,17.1,0.577,0.425,0.283,5.2,11.1,8.1,12.1,1.5,2.6,8.0,23.0,1.7,1.1,2.8,0.129,1.8,-0.5,1.4,0.9,
101.0,Tristan Da Silva,23.0,ORL,SF,40.0,33.0,1033.0,9.5,0.512,0.498,0.12,5.4,13.4,9.2,10.0,0.9,0.7,10.0,15.6,0.2,1.2,1.4,0.064,-2.5,-0.6,-3.1,-0.3,
102.0,Peyton Watson,22.0,DEN,SF,42.0,12.0,1026.0,12.2,0.58,0.325,0.351,3.8,11.4,7.7,7.4,1.6,4.4,11.1,14.5,0.9,1.1,2.0,0.091,-1.6,0.5,-1.1,0.2,
103.0,Jabari Smith Jr.,21.0,HOU,PF,33.0,33.0,1021.0,12.5,0.568,0.505,0.24,6.0,16.5,11.1,4.4,0.6,2.9,8.0,15.1,1.4,1.4,2.8,0.133,-0.4,0.3,-0.1,0.5,
104.0,Klay Thompson,34.0,DAL,SF,37.0,37.0,1017.0,13.0,0.553,0.655,0.084,2.4,10.8,6.7,10.3,1.7,1.4,9.8,21.4,0.4,0.9,1.4,0.065,0.8,-0.7,0.1,0.5,
105.0,Josh Green,24.0,CHO,SG,36.0,35.0,1015.0,7.5,0.544,0.581,0.167,4.2,6.9,5.5,7.2,1.8,1.1,12.8,11.0,0.4,0.7,1.0,0.049,-4.4,0.2,-4.2,-0.6,
106.0,Amir Coffey,27.0,LAC,SG,40.0,9.0,1012.0,11.8,0.624,0.498,0.226,2.3,8.8,5.6,6.5,1.1,0.3,7.8,15.3,1.5,1.1,2.6,0.123,-0.9,0.0,-0.9,0.3,
107.0,Ayo Dosunmu,25.0,CHI,SG,33.0,17.0,1009.0,13.3,0.583,0.409,0.183,2.1,10.8,6.5,20.7,1.3,1.2,10.7,16.2,1.5,0.5,2.0,0.095,-1.1,-0.4,-1.5,0.1,
108.0,Scottie Barnes,23.0,TOR,PF,29.0,29.0,1008.0,17.6,0.537,0.312,0.252,5.2,20.2,12.6,29.3,2.1,2.6,15.5,26.5,0.4,0.8,1.2,0.057,1.7,0.3,2.0,1.0,
109.0,Stephon Castle,20.0,SAS,PG,40.0,23.0,1007.0,10.7,0.494,0.365,0.312,3.2,7.4,5.3,21.1,1.5,1.0,13.6,23.2,-0.5,0.6,0.1,0.006,-3.3,-1.5,-4.8,-0.7,
110.0,Guerschon Yabusele,29.0,PHI,PF,39.0,18.0,1007.0,14.5,0.63,0.532,0.261,8.1,16.5,12.1,11.3,1.4,1.7,13.6,15.8,1.6,0.8,2.4,0.116,0.3,-0.6,-0.4,0.4,
111.0,Jerami Grant,30.0,POR,PF,31.0,31.0,1003.0,11.4,0.531,0.505,0.28,1.7,10.4,5.9,10.0,1.2,3.0,9.6,20.0,0.4,0.3,0.8,0.036,-1.0,-1.1,-2.1,0.0,
112.0,Alex Sarr,19.0,WAS,C,37.0,37.0,1000.0,12.8,0.491,0.43,0.209,7.2,18.6,12.9,12.3,1.1,5.2,11.1,20.5,-0.4,0.5,0.1,0.007,-2.2,-1.0,-3.1,-0.3,
113.0,CJ McCollum,33.0,NOP,PG,30.0,30.0,998.0,16.3,0.551,0.463,0.176,2.4,9.5,5.8,19.6,1.2,1.4,7.7,26.9,1.1,0.1,1.2,0.057,1.6,-2.5,-0.9,0.3,
114.0,Bobby Portis,29.0,MIL,PF,40.0,5.0,990.0,17.3,0.541,0.304,0.124,7.6,26.4,17.3,12.1,1.4,2.0,9.0,23.9,0.6,1.5,2.2,0.106,0.2,-0.5,-0.4,0.4,
115.0,Jalen Suggs,23.0,ORL,PG,34.0,34.0,987.0,14.6,0.537,0.501,0.226,2.6,14.6,8.2,21.7,2.5,3.2,16.0,27.3,-0.5,1.8,1.3,0.062,-0.4,1.3,0.8,0.7,
116.0,Lauri Markkanen,27.0,UTA,PF,31.0,31.0,984.0,18.1,0.592,0.568,0.336,6.0,14.8,10.5,9.6,1.3,0.9,7.6,24.3,2.2,0.3,2.5,0.122,3.4,-2.0,1.5,0.9,
117.0,Spencer Dinwiddie,31.0,DAL,PG,40.0,11.0,976.0,13.3,0.55,0.514,0.392,1.1,9.4,5.4,20.1,1.8,0.7,10.3,17.8,1.4,0.8,2.2,0.11,-0.6,0.0,-0.6,0.4,
118.0,Jalen Duren,21.0,DET,C,39.0,39.0,975.0,19.2,0.699,0.0,0.465,14.9,27.8,21.4,13.1,1.0,4.4,20.3,15.1,2.3,1.4,3.7,0.181,-0.1,1.1,1.0,0.7,
119.0,Haywood Highsmith,28.0,MIA,SF,39.0,32.0,973.0,10.5,0.611,0.577,0.113,4.0,10.4,7.2,6.9,2.0,2.4,12.5,11.6,0.7,1.1,1.8,0.089,-2.4,0.8,-1.6,0.1,
120.0,Anthony Black,21.0,ORL,PG,40.0,3.0,972.0,10.3,0.506,0.311,0.393,2.5,10.6,6.3,22.4,1.9,2.4,18.8,19.7,-0.6,1.4,0.8,0.041,-3.7,0.9,-2.8,-0.2,
121.0,Desmond Bane,26.0,MEM,SG,33.0,32.0,971.0,17.6,0.603,0.439,0.195,3.0,16.8,10.1,24.5,2.1,1.4,15.2,22.9,1.6,1.5,3.1,0.152,2.0,1.2,3.2,1.3,
122.0,Buddy Hield,32.0,GSW,SG,41.0,10.0,966.0,12.7,0.562,0.687,0.081,2.5,12.5,7.4,10.0,1.8,1.2,10.2,21.7,0.3,1.1,1.4,0.069,-0.4,-0.5,-0.9,0.3,
123.0,Corey Kispert,25.0,WAS,SF,36.0,0.0,963.0,10.7,0.571,0.588,0.144,2.0,9.7,5.8,9.3,0.9,0.7,9.3,17.2,0.5,-0.2,0.4,0.019,-1.6,-2.5,-4.1,-0.5,
124.0,Nickeil Alexander-Walker,26.0,MIN,SG,42.0,2.0,956.0,11.5,0.592,0.586,0.165,2.5,10.5,6.6,15.3,1.5,1.3,14.8,16.1,0.8,1.0,1.8,0.091,-1.0,0.5,-0.6,0.3,
125.0,Bradley Beal,31.0,PHO,SG,29.0,23.0,955.0,14.6,0.579,0.382,0.167,2.4,9.4,6.0,15.7,1.7,2.0,11.3,22.8,0.6,0.5,1.1,0.054,-0.5,-1.2,-1.7,0.1,
126.0,Walker Kessler,23.0,UTA,C,32.0,32.0,948.0,20.5,0.709,0.014,0.415,16.3,25.5,21.0,7.7,0.8,7.9,15.8,12.9,2.3,0.9,3.3,0.166,1.4,0.6,1.9,0.9,
127.0,Draymond Green,34.0,GSW,PF,34.0,32.0,946.0,11.9,0.53,0.527,0.27,3.8,19.3,11.3,26.3,1.8,3.8,23.8,15.7,0.1,1.4,1.5,0.077,-2.2,2.3,0.2,0.5,
128.0,Nic Claxton,25.0,BRK,C,36.0,28.0,943.0,15.6,0.553,0.043,0.318,8.3,25.6,16.6,12.2,1.8,4.5,11.5,16.6,0.7,1.1,1.8,0.094,-1.2,1.1,-0.1,0.4,
129.0,Caleb Martin,29.0,PHI,SF,31.0,24.0,943.0,10.4,0.531,0.375,0.319,5.1,12.1,8.4,10.7,1.8,2.2,14.0,14.4,0.2,0.8,0.9,0.048,-2.2,-0.2,-2.4,-0.1,
130.0,Keyonte George,21.0,UTA,PG,30.0,30.0,940.0,12.3,0.535,0.566,0.225,1.8,10.0,6.0,27.6,1.2,0.6,17.0,24.7,0.1,0.1,0.2,0.01,-0.4,-2.8,-3.2,-0.3,
131.0,Max Christie,21.0,LAL,SG,39.0,18.0,939.0,11.3,0.595,0.531,0.339,2.9,8.3,5.6,7.6,1.8,1.6,9.8,14.3,1.0,0.5,1.4,0.073,-1.8,-0.4,-2.2,-0.1,
132.0,Scoot Henderson,20.0,POR,PG,35.0,6.0,938.0,13.2,0.545,0.39,0.339,2.7,9.9,6.2,29.3,2.1,1.1,19.7,22.4,0.2,0.4,0.6,0.032,-1.3,-1.2,-2.5,-0.1,
133.0,Trey Murphy III,24.0,NOP,SF,27.0,25.0,936.0,18.1,0.601,0.542,0.277,3.1,12.7,7.7,13.5,1.7,2.0,8.2,23.6,1.9,0.3,2.2,0.115,2.6,-1.2,1.4,0.8,
134.0,Kris Dunn,30.0,LAC,PG,41.0,28.0,935.0,10.2,0.501,0.522,0.049,3.2,12.7,8.0,16.5,3.3,1.4,16.1,13.8,-0.1,1.7,1.7,0.085,-3.4,3.1,-0.3,0.4,
135.0,Clint Capela,30.0,ATL,C,41.0,41.0,934.0,17.3,0.57,0.0,0.249,14.3,28.0,21.0,7.8,1.2,4.0,10.2,16.2,1.4,1.2,2.5,0.13,-0.9,-0.5,-1.4,0.2,
136.0,Derrick Jones Jr.,27.0,LAC,SF,39.0,36.0,934.0,13.1,0.593,0.358,0.167,5.2,9.8,7.5,5.1,2.5,1.3,10.1,16.5,0.8,1.4,2.3,0.117,-1.5,1.2,-0.3,0.4,
137.0,Brandon Boston Jr.,23.0,NOP,SG,39.0,10.0,927.0,13.0,0.538,0.37,0.225,3.0,12.1,7.3,14.5,2.5,0.8,11.1,19.7,0.4,0.4,0.9,0.045,-1.9,-0.4,-2.3,-0.1,
138.0,Keldon Johnson,25.0,SAS,SF,38.0,0.0,926.0,14.5,0.551,0.375,0.262,5.6,15.9,10.8,9.2,1.3,1.0,7.0,21.1,0.9,0.8,1.6,0.085,-0.6,-1.0,-1.6,0.1,
139.0,Zaccharie Risacher,19.0,ATL,SF,39.0,37.0,926.0,9.5,0.491,0.419,0.209,5.6,10.0,7.8,6.8,1.5,2.1,10.1,20.4,-0.5,0.6,0.1,0.006,-4.0,-1.8,-5.8,-0.9,
140.0,Deandre Ayton,26.0,POR,C,31.0,31.0,925.0,16.8,0.573,0.082,0.094,10.2,26.9,18.3,7.8,1.2,3.1,12.6,19.0,0.7,0.8,1.5,0.08,-0.8,-1.2,-2.0,0.0,
141.0,Brandon Miller,22.0,CHO,SF,27.0,27.0,924.0,14.3,0.54,0.597,0.161,2.8,12.7,7.6,18.1,1.5,2.2,12.6,27.5,0.1,0.8,0.9,0.047,0.9,-0.8,0.1,0.5,
142.0,Julian Strawther,22.0,DEN,SG,42.0,0.0,924.0,10.3,0.576,0.54,0.198,1.5,9.0,5.4,8.1,1.4,1.2,9.3,17.2,0.7,0.6,1.3,0.068,-2.4,-0.9,-3.3,-0.3,
143.0,Mike Conley,37.0,MIN,PG,38.0,32.0,923.0,12.5,0.53,0.677,0.2,2.2,9.4,5.9,23.8,2.5,0.8,13.2,15.5,1.0,1.2,2.2,0.115,-1.1,1.3,0.3,0.5,
144.0,LaMelo Ball,23.0,CHO,PG,27.0,27.0,921.0,21.7,0.551,0.532,0.235,2.9,14.1,8.3,44.1,2.0,1.0,12.8,37.9,1.3,0.9,2.2,0.113,5.5,-0.2,5.3,1.7,
145.0,Scotty Pippen Jr.,24.0,MEM,PG,42.0,16.0,920.0,14.9,0.566,0.372,0.265,3.5,12.4,8.1,27.8,2.4,1.6,17.6,19.6,1.1,1.4,2.5,0.128,-0.4,1.4,1.0,0.7,
146.0,Cody Martin,29.0,CHO,SF,36.0,7.0,919.0,11.9,0.537,0.472,0.171,4.2,15.3,9.6,12.8,2.2,2.6,12.6,14.2,0.5,1.1,1.5,0.08,-2.2,1.2,-1.1,0.2,
147.0,Kyshawn George,21.0,WAS,SG,36.0,8.0,916.0,7.8,0.477,0.687,0.172,3.4,12.2,7.8,12.0,1.5,2.2,12.5,14.9,-0.4,0.2,-0.2,-0.012,-4.2,-1.0,-5.2,-0.7,
148.0,Santi Aldama,24.0,MEM,PF,36.0,11.0,911.0,18.6,0.61,0.45,0.152,6.7,22.4,14.8,14.7,1.6,1.7,9.4,18.9,2.0,1.4,3.4,0.18,3.2,1.0,4.1,1.4,
149.0,Davion Mitchell,26.0,TOR,PG,37.0,17.0,907.0,7.8,0.515,0.485,0.172,1.8,7.2,4.5,23.6,1.4,0.9,22.0,13.0,0.0,0.1,0.1,0.007,-3.9,-0.7,-4.6,-0.6,
150.0,Duncan Robinson,30.0,MIA,SF,39.0,21.0,905.0,12.2,0.572,0.708,0.079,1.5,9.4,5.5,17.7,1.0,0.4,9.6,19.7,0.8,0.7,1.4,0.077,-0.5,-1.3,-1.8,0.0,
151.0,D'Angelo Russell,28.0,2TM,PG,35.0,13.0,902.0,14.7,0.544,0.534,0.194,1.1,11.5,6.3,31.2,1.8,0.6,13.3,22.7,0.8,0.5,1.3,0.069,0.0,-1.1,-1.1,0.2,
151.0,D'Angelo Russell,28.0,LAL,PG,29.0,10.0,763.0,13.1,0.537,0.54,0.17,1.2,10.7,6.0,26.5,1.5,0.5,13.0,22.2,0.4,0.3,0.7,0.044,-0.7,-1.5,-2.2,0.0,
151.0,D'Angelo Russell,28.0,BRK,PG,6.0,3.0,139.0,23.4,0.578,0.5,0.317,0.8,15.7,8.0,57.2,3.6,1.5,14.9,25.4,0.4,0.2,0.6,0.206,3.9,1.1,5.0,0.2,
152.0,Quentin Grimes,24.0,DAL,SG,40.0,11.0,901.0,14.1,0.6,0.555,0.226,3.4,15.3,9.5,13.1,1.5,0.9,12.3,18.4,1.1,0.9,2.0,0.108,0.6,-0.2,0.4,0.6,
153.0,Jake LaRavia,23.0,MEM,PF,41.0,0.0,901.0,13.7,0.609,0.382,0.395,7.1,14.3,10.7,17.5,1.8,1.9,19.1,14.6,1.3,1.3,2.6,0.137,0.2,1.4,1.6,0.8,
154.0,Al Horford,38.0,BOS,C,33.0,25.0,901.0,12.2,0.57,0.73,0.05,3.9,17.2,10.5,10.3,1.3,2.9,9.5,13.1,1.0,1.2,2.2,0.118,0.1,1.0,1.1,0.7,
155.0,Jaden Ivey,22.0,DET,SG,30.0,30.0,898.0,15.2,0.569,0.373,0.281,5.0,10.4,7.7,20.5,1.5,1.2,16.1,26.3,0.4,0.7,1.1,0.061,0.6,-1.1,-0.5,0.3,
156.0,Royce O'Neale,31.0,PHO,SF,35.0,9.0,893.0,13.8,0.604,0.703,0.079,4.2,19.0,11.8,12.5,1.8,2.1,11.9,16.2,0.9,0.8,1.7,0.091,0.5,0.1,0.6,0.6,
157.0,Keon Johnson,22.0,BRK,SG,41.0,21.0,888.0,8.0,0.471,0.545,0.141,3.3,14.2,8.6,12.2,1.9,1.4,12.6,21.3,-1.2,0.6,-0.6,-0.031,-4.6,-0.9,-5.5,-0.8,
158.0,Goga Bitadze,25.0,ORL,C,36.0,33.0,886.0,20.2,0.641,0.081,0.318,12.4,27.4,19.4,15.6,1.8,6.4,15.9,15.7,1.8,1.9,3.7,0.2,0.3,3.0,3.3,1.2,
159.0,Paul George,34.0,PHI,PF,27.0,27.0,883.0,15.5,0.536,0.458,0.185,2.3,19.4,10.4,24.2,2.8,1.2,14.3,25.2,0.0,1.1,1.1,0.058,0.1,0.3,0.4,0.5,
160.0,Gary Trent Jr.,26.0,MIL,SG,36.0,7.0,882.0,10.5,0.594,0.646,0.117,0.8,9.0,5.0,5.1,2.1,0.1,7.1,15.3,0.6,0.9,1.5,0.083,-2.5,0.1,-2.4,-0.1,
161.0,Patrick Williams,23.0,CHI,PF,33.0,32.0,878.0,9.2,0.51,0.542,0.165,2.5,12.2,7.5,10.4,1.5,2.1,12.9,16.6,-0.4,0.6,0.2,0.013,-2.7,-0.6,-3.3,-0.3,
162.0,Aaron Wiggins,26.0,OKC,SG,42.0,11.0,877.0,15.0,0.597,0.455,0.102,5.2,12.3,8.8,10.5,1.8,1.3,9.9,18.3,1.2,1.6,2.8,0.151,0.8,0.5,1.2,0.7,
163.0,Jaime Jaquez Jr.,23.0,MIA,SF,37.0,10.0,874.0,13.8,0.533,0.274,0.329,5.8,15.9,11.0,17.1,2.7,0.7,15.0,19.9,0.2,1.2,1.4,0.078,-2.1,0.9,-1.2,0.2,
164.0,Kevin Huerter,26.0,SAC,SG,38.0,15.0,860.0,11.0,0.529,0.659,0.091,2.4,12.6,7.5,10.9,2.0,1.8,10.2,17.0,0.2,0.9,1.1,0.059,-2.1,0.1,-2.0,0.0,
165.0,Dejounte Murray,28.0,NOP,PG,26.0,26.0,858.0,14.9,0.483,0.365,0.215,1.7,20.3,10.6,35.3,3.3,1.2,17.0,26.7,-0.7,0.8,0.1,0.006,-1.4,0.0,-1.4,0.1,
166.0,Keon Ellis,25.0,SAC,SG,40.0,10.0,858.0,13.9,0.669,0.715,0.237,4.0,8.5,6.2,6.9,3.0,3.3,12.3,13.0,1.3,1.1,2.5,0.138,0.3,1.9,2.2,0.9,
167.0,Dalton Knecht,23.0,LAL,SF,40.0,12.0,853.0,12.2,0.582,0.608,0.176,3.2,13.8,8.5,6.9,0.9,0.3,5.9,17.5,0.9,0.3,1.2,0.068,-0.8,-2.2,-3.0,-0.2,
168.0,Caris LeVert,30.0,CLE,SF,35.0,2.0,843.0,15.6,0.603,0.498,0.3,2.7,10.4,6.6,20.2,1.8,2.0,13.0,18.3,1.5,0.9,2.4,0.139,1.3,0.6,1.9,0.8,
169.0,Jonathan Kuminga,22.0,GSW,PF,32.0,10.0,832.0,16.7,0.539,0.274,0.4,5.4,14.9,10.0,13.6,1.7,2.1,9.1,27.6,0.5,1.0,1.5,0.087,0.5,-0.2,0.3,0.5,
170.0,Franz Wagner,23.0,ORL,SF,25.0,25.0,829.0,22.8,0.573,0.336,0.285,3.0,17.5,9.8,33.0,2.6,1.4,10.3,31.1,1.6,1.4,3.0,0.176,4.3,1.8,6.1,1.7,
171.0,Georges Niang,31.0,CLE,PF,41.0,1.0,827.0,11.3,0.607,0.634,0.068,3.9,15.9,10.1,9.4,0.8,0.7,12.8,17.1,0.7,0.8,1.5,0.088,-1.2,-0.8,-1.9,0.0,
172.0,A.J. Green,25.0,MIL,SG,38.0,4.0,827.0,10.5,0.65,0.881,0.062,1.4,10.0,5.8,7.8,1.1,0.5,8.3,13.4,1.1,0.7,1.8,0.104,-1.0,-0.5,-1.4,0.1,
173.0,Isaiah Joe,25.0,OKC,SG,40.0,11.0,823.0,12.9,0.583,0.782,0.065,2.2,10.7,6.5,8.9,1.8,0.7,5.7,17.4,1.0,1.4,2.4,0.141,0.3,0.4,0.7,0.6,
174.0,Javonte Green,31.0,NOP,SG,38.0,14.0,823.0,11.6,0.589,0.441,0.277,4.9,12.7,8.6,5.3,2.3,3.1,10.8,11.4,0.7,0.5,1.2,0.071,-2.1,0.2,-1.9,0.0,
175.0,Onyeka Okongwu,24.0,ATL,C,34.0,0.0,816.0,19.0,0.608,0.192,0.32,12.2,21.7,16.8,10.6,1.3,3.6,7.8,17.3,2.0,0.9,2.9,0.168,0.9,0.0,0.9,0.6,
176.0,Trayce Jackson-Davis,24.0,GSW,C,40.0,33.0,816.0,18.4,0.585,0.004,0.28,11.9,22.0,16.8,15.7,1.1,4.0,11.9,16.9,1.5,1.2,2.7,0.159,0.3,0.9,1.2,0.6,
177.0,Jonas Valančiūnas,32.0,WAS,C,41.0,8.0,809.0,21.9,0.611,0.065,0.254,12.7,30.7,21.6,19.2,1.2,3.2,16.2,24.1,1.3,0.7,2.0,0.117,1.6,-0.4,1.1,0.6,
178.0,Naji Marshall,27.0,DAL,SF,33.0,14.0,809.0,14.5,0.595,0.317,0.183,4.0,11.6,7.9,14.8,2.0,0.3,13.3,18.7,1.0,0.8,1.7,0.103,-0.3,0.2,-0.1,0.4,
179.0,John Collins,27.0,UTA,PF,27.0,18.0,808.0,19.9,0.632,0.264,0.312,8.7,21.4,15.2,13.9,1.8,2.9,15.1,23.5,1.5,0.6,2.1,0.126,2.0,-0.2,1.8,0.8,
180.0,T.J. McConnell,32.0,IND,PG,42.0,0.0,802.0,19.3,0.559,0.069,0.127,3.4,11.4,7.5,35.7,2.9,1.4,14.1,24.1,1.0,0.8,1.8,0.111,0.8,0.5,1.4,0.7,
181.0,Daniel Gafford,26.0,DAL,C,40.0,17.0,800.0,24.1,0.715,0.0,0.493,12.8,19.4,16.2,9.2,1.0,6.4,12.6,19.9,2.8,1.2,3.9,0.234,2.2,1.0,3.2,1.1,
182.0,Isaiah Stewart,23.0,DET,C,38.0,3.0,796.0,14.1,0.579,0.195,0.225,11.3,20.0,15.7,11.4,1.1,5.9,15.5,11.8,1.2,1.1,2.2,0.133,-1.8,1.8,-0.1,0.4,
183.0,Andrew Nembhard,25.0,IND,SG,28.0,28.0,793.0,12.1,0.545,0.278,0.29,2.0,10.8,6.5,23.3,1.8,0.4,15.5,17.6,0.5,0.5,1.0,0.063,-2.0,-0.2,-2.2,0.0,
184.0,Miles Bridges,26.0,CHO,PF,25.0,25.0,787.0,16.7,0.544,0.431,0.223,2.9,23.5,12.9,19.6,1.1,1.8,10.4,25.3,0.7,0.8,1.6,0.095,1.2,-0.2,1.0,0.6,
185.0,Luka Dončić,25.0,DAL,PG,22.0,22.0,785.0,24.6,0.584,0.455,0.313,2.3,22.4,12.6,36.6,2.7,1.0,12.4,32.9,1.8,1.2,3.0,0.184,5.6,1.4,7.1,1.8,
186.0,Miles McBride,24.0,NYK,PG,33.0,0.0,784.0,13.3,0.563,0.596,0.149,4.1,8.0,6.1,16.1,1.7,0.7,8.7,16.6,1.3,0.5,1.8,0.11,0.6,-0.5,0.1,0.4,
187.0,De'Andre Hunter,27.0,ATL,SF,28.0,2.0,783.0,17.3,0.629,0.484,0.362,2.7,13.0,7.7,7.9,1.5,0.4,8.5,24.4,1.6,0.5,2.1,0.126,1.5,-1.4,0.1,0.4,
188.0,Wendell Carter Jr.,25.0,ORL,C,31.0,22.0,782.0,13.8,0.525,0.347,0.432,7.2,27.1,16.5,13.1,1.7,2.2,9.0,15.5,0.8,1.4,2.2,0.134,-2.0,1.6,-0.5,0.3,
189.0,Grayson Allen,29.0,PHO,SG,32.0,1.0,776.0,14.5,0.642,0.731,0.249,2.6,11.5,7.2,10.7,1.9,1.1,11.2,17.7,1.2,0.4,1.6,0.099,1.0,-1.0,0.0,0.4,
190.0,Obi Toppin,26.0,IND,PF,40.0,0.0,774.0,18.3,0.643,0.463,0.195,4.2,18.6,11.5,12.1,1.9,1.8,8.0,19.0,1.7,0.8,2.5,0.152,2.0,0.3,2.3,0.8,
191.0,Devin Vassell,24.0,SAS,SG,26.0,15.0,771.0,14.4,0.545,0.446,0.172,2.8,10.6,6.7,16.6,2.0,1.4,10.2,24.0,0.2,0.7,0.9,0.056,-0.3,-0.5,-0.8,0.2,
192.0,Dereck Lively II,20.0,DAL,C,32.0,25.0,768.0,20.7,0.704,0.0,0.39,14.2,20.8,17.6,15.4,1.1,6.2,15.8,13.7,2.4,1.1,3.5,0.221,1.6,2.4,4.0,1.2,
193.0,Ben Simmons,28.0,BRK,PG,30.0,24.0,760.0,12.8,0.569,0.0,0.148,4.0,21.3,12.3,41.8,1.6,2.0,33.7,14.4,0.3,0.6,1.0,0.062,-2.2,1.2,-1.0,0.2,
194.0,Ryan Dunn,22.0,PHO,SF,37.0,21.0,757.0,11.5,0.55,0.547,0.077,5.7,13.2,9.6,6.3,1.2,3.2,5.9,15.8,0.5,0.5,1.0,0.062,-2.1,-1.0,-3.0,-0.2,
195.0,Noah Clowney,20.0,BRK,PF,33.0,14.0,746.0,10.2,0.55,0.696,0.215,4.7,16.0,10.1,6.0,1.0,2.0,10.4,18.7,0.2,0.4,0.6,0.036,-2.4,-1.5,-3.9,-0.3,
196.0,Dorian Finney-Smith,31.0,2TM,PF,27.0,20.0,743.0,11.5,0.602,0.686,0.149,6.1,11.5,8.7,7.9,1.6,1.6,9.2,13.5,0.9,0.4,1.3,0.083,-0.5,-0.4,-0.9,0.2,
196.0,Dorian Finney-Smith,31.0,BRK,PF,20.0,20.0,579.0,12.3,0.613,0.679,0.151,6.1,12.6,9.2,8.1,1.5,2.1,9.6,14.2,0.7,0.3,1.1,0.088,0.0,-0.2,-0.1,0.3,
196.0,Dorian Finney-Smith,31.0,LAL,PF,7.0,0.0,164.0,8.6,0.551,0.714,0.143,6.3,7.6,6.9,7.3,1.8,0.0,7.5,10.8,0.2,0.1,0.2,0.066,-2.4,-1.1,-3.5,-0.1,
197.0,Jarace Walker,21.0,IND,PF,43.0,1.0,740.0,12.4,0.59,0.507,0.249,2.6,19.4,11.2,11.1,2.7,2.0,17.2,16.7,0.1,1.0,1.0,0.067,-1.9,1.2,-0.7,0.2,
198.0,Jimmy Butler,35.0,MIA,PF,24.0,24.0,739.0,23.0,0.639,0.138,0.618,8.0,10.7,9.4,24.0,1.8,1.3,8.0,21.0,2.9,0.8,3.7,0.238,4.2,0.5,4.7,1.2,
199.0,Nikola Jović,21.0,MIA,PF,32.0,10.0,733.0,15.1,0.591,0.527,0.278,3.0,15.2,9.2,16.9,1.8,1.2,11.0,18.6,1.0,0.9,1.9,0.123,0.4,0.5,0.9,0.5,
200.0,Dean Wade,28.0,CLE,PF,32.0,23.0,730.0,11.2,0.566,0.856,0.15,4.6,19.5,12.2,7.5,1.8,1.8,6.1,10.7,0.9,1.0,1.9,0.123,-0.4,1.3,0.9,0.5,
201.0,Nicolas Batum,36.0,LAC,PF,41.0,1.0,726.0,9.0,0.559,0.81,0.112,4.2,13.5,8.9,10.3,1.8,2.2,14.1,8.4,0.5,1.1,1.7,0.109,-2.1,2.1,0.1,0.4,
202.0,Brandin Podziemski,21.0,GSW,SG,30.0,8.0,725.0,11.5,0.491,0.457,0.13,4.4,15.5,9.8,18.3,1.9,0.9,11.0,15.8,0.3,0.9,1.2,0.08,-2.3,1.0,-1.3,0.1,
203.0,Brandon Clarke,28.0,MEM,PF,39.0,18.0,723.0,16.0,0.623,0.074,0.198,10.0,18.0,14.1,6.9,2.0,2.5,7.8,14.1,1.5,1.2,2.6,0.175,-0.7,1.1,0.4,0.4,
204.0,Isaiah Hartenstein,26.0,OKC,C,24.0,23.0,715.0,18.7,0.584,0.051,0.29,10.3,32.9,21.8,18.8,1.4,4.3,16.6,17.3,1.1,1.9,3.1,0.206,0.2,3.2,3.5,1.0,
205.0,Mason Plumlee,34.0,PHO,C,40.0,18.0,710.0,14.0,0.603,0.009,0.579,10.8,29.1,20.2,14.4,1.1,3.8,20.7,10.5,1.1,0.8,1.9,0.129,-1.9,1.0,-0.9,0.2,
206.0,Sam Hauser,27.0,BOS,PF,35.0,6.0,709.0,12.2,0.572,0.846,0.009,3.9,12.1,8.0,7.4,1.8,0.9,5.1,14.3,0.9,0.8,1.7,0.118,0.2,0.1,0.3,0.4,
207.0,Gabe Vincent,28.0,LAL,PG,36.0,5.0,705.0,5.7,0.493,0.645,0.06,1.8,5.6,3.7,7.6,2.0,1.0,12.3,12.2,-0.4,0.3,-0.1,-0.005,-5.4,-0.4,-5.8,-0.7,
208.0,Ziaire Williams,23.0,BRK,SF,31.0,16.0,704.0,12.5,0.54,0.488,0.291,5.3,19.3,12.1,10.0,2.2,1.7,11.0,19.3,0.2,0.6,0.9,0.061,-2.5,-0.2,-2.6,-0.1,
209.0,Kevin Porter Jr.,24.0,LAC,SG,36.0,1.0,698.0,12.3,0.479,0.269,0.217,3.5,15.5,9.6,26.2,2.4,1.6,16.9,26.7,-1.0,1.2,0.2,0.013,-3.1,0.6,-2.4,-0.1,
210.0,Ja Morant,25.0,MEM,PG,24.0,24.0,681.0,19.6,0.561,0.302,0.386,2.5,13.1,8.0,38.8,2.0,1.1,17.0,32.2,0.9,0.9,1.8,0.127,3.2,-0.3,2.9,0.8,
211.0,Andre Jackson Jr.,23.0,MIL,SG,39.0,31.0,675.0,7.5,0.527,0.45,0.101,7.0,12.4,9.8,10.6,1.6,1.5,23.3,11.4,-0.1,0.8,0.7,0.05,-4.5,0.4,-4.1,-0.4,
212.0,Ty Jerome,27.0,CLE,SG,38.0,2.0,671.0,21.1,0.639,0.43,0.231,4.2,9.7,7.0,26.9,3.1,0.1,12.1,22.2,2.1,0.9,3.0,0.215,3.0,1.2,4.1,1.0,
213.0,Simone Fontecchio,29.0,DET,SF,37.0,0.0,670.0,9.4,0.557,0.613,0.241,4.5,13.6,9.1,6.5,0.9,0.9,13.0,16.1,0.2,0.5,0.7,0.048,-2.3,-1.3,-3.6,-0.3,
214.0,Jeremiah Robinson-Earl,24.0,NOP,PF,36.0,5.0,669.0,13.7,0.55,0.447,0.154,10.6,18.5,14.4,10.2,1.9,0.7,11.5,14.2,0.8,0.3,1.1,0.081,-0.8,-1.2,-2.0,0.0,
215.0,Cole Anthony,24.0,ORL,PG,41.0,8.0,666.0,12.7,0.499,0.386,0.215,4.1,16.9,10.1,28.1,1.8,1.6,15.6,26.8,-0.5,1.0,0.5,0.037,-2.1,0.3,-1.9,0.0,
216.0,Ron Holland,19.0,DET,SF,42.0,1.0,659.0,10.3,0.556,0.383,0.221,3.6,16.2,9.9,7.0,1.5,0.9,13.5,18.2,0.0,0.6,0.6,0.046,-3.9,-0.4,-4.3,-0.4,
217.0,Kyle Kuzma,29.0,WAS,PF,24.0,22.0,658.0,10.2,0.488,0.339,0.22,2.8,17.3,10.0,14.7,1.3,0.7,14.1,26.0,-1.2,0.1,-1.0,-0.077,-3.4,-2.5,-5.8,-0.6,
218.0,Trey Lyles,29.0,SAC,PF,32.0,2.0,658.0,11.3,0.54,0.704,0.183,5.7,19.9,12.8,6.1,1.4,2.2,9.5,14.4,0.4,0.7,1.1,0.083,-1.0,-0.5,-1.5,0.1,
219.0,Isaiah Collier,20.0,UTA,PG,32.0,8.0,652.0,5.5,0.414,0.386,0.196,1.7,12.9,7.4,30.5,1.7,1.0,31.2,16.1,-1.2,0.2,-1.0,-0.073,-6.3,-1.4,-7.7,-0.9,
220.0,Herbert Jones,26.0,NOP,SF,20.0,20.0,648.0,10.6,0.541,0.419,0.233,3.5,9.8,6.5,14.0,2.8,1.3,15.6,14.6,0.2,0.3,0.5,0.038,-3.7,0.1,-3.6,-0.3,
221.0,Chris Boucher,32.0,TOR,PF,37.0,0.0,647.0,19.6,0.616,0.505,0.249,8.6,19.9,14.2,5.7,1.6,3.3,6.9,21.7,1.4,0.5,1.8,0.136,3.5,-1.0,2.5,0.7,
222.0,Jonathan Isaac,27.0,ORL,PF,38.0,0.0,644.0,16.4,0.511,0.486,0.29,11.6,22.3,16.6,4.6,2.2,7.5,7.1,17.2,0.5,1.4,1.9,0.141,-1.0,1.4,0.5,0.4,
223.0,Jeremy Sochan,21.0,SAS,PF,22.0,19.0,637.0,16.6,0.588,0.178,0.32,10.0,19.3,14.7,13.6,1.5,1.9,13.8,19.5,0.8,0.7,1.5,0.114,-0.1,0.5,0.4,0.4,
224.0,Tidjane Salaün,19.0,CHO,PF,34.0,8.0,625.0,7.1,0.433,0.629,0.182,5.8,18.4,11.9,8.3,1.6,1.0,13.6,14.3,-0.5,0.6,0.1,0.006,-4.6,-0.2,-4.8,-0.4,
225.0,Luke Kennard,28.0,MEM,SG,29.0,1.0,622.0,14.9,0.651,0.69,0.193,3.3,11.4,7.4,18.8,1.2,0.3,11.4,14.6,1.6,0.6,2.2,0.169,2.4,0.2,2.6,0.7,
226.0,Jordan Hawkins,22.0,NOP,SG,27.0,4.0,615.0,9.2,0.485,0.599,0.191,1.8,10.7,6.1,6.2,1.0,2.0,7.8,21.8,-0.4,0.1,-0.3,-0.026,-2.8,-3.4,-6.2,-0.7,
227.0,Cam Thomas,23.0,BRK,SG,19.0,17.0,614.0,18.5,0.596,0.427,0.383,1.8,11.5,6.5,19.4,1.1,0.2,11.5,31.8,0.8,0.2,1.0,0.078,2.8,-2.2,0.7,0.4,
228.0,Sam Merrill,28.0,CLE,SG,34.0,2.0,612.0,9.8,0.545,0.877,0.092,2.2,8.2,5.3,11.1,1.4,1.0,6.9,15.3,0.6,0.5,1.1,0.088,-1.4,-0.1,-1.5,0.1,
229.0,Lindy Waters III,27.0,GSW,SG,33.0,9.0,609.0,8.9,0.508,0.714,0.058,2.5,13.3,7.8,8.3,1.6,1.4,7.2,14.4,0.1,0.7,0.8,0.061,-3.3,0.2,-3.2,-0.2,
230.0,Jamal Shead,22.0,TOR,PG,38.0,0.0,608.0,9.2,0.524,0.441,0.118,1.8,5.5,3.6,28.6,1.8,0.6,21.9,17.3,-0.1,0.1,0.0,-0.001,-3.2,-1.7,-4.8,-0.4,
231.0,Garrison Mathews,28.0,ATL,SG,32.0,2.0,606.0,12.8,0.63,0.839,0.316,1.9,7.9,4.8,10.5,1.7,1.5,9.1,16.2,1.0,0.4,1.4,0.111,-0.3,-0.6,-0.9,0.2,
232.0,Luke Kornet,29.0,BOS,C,36.0,4.0,596.0,19.4,0.667,0.0,0.455,14.4,18.8,16.6,11.8,1.6,5.3,9.6,10.6,2.0,1.0,3.0,0.242,1.6,2.1,3.7,0.9,
233.0,Brandon Ingram,27.0,NOP,SF,18.0,18.0,595.0,16.4,0.56,0.345,0.165,2.9,15.8,9.1,27.3,1.3,1.7,16.2,30.1,0.0,0.2,0.2,0.012,1.6,-1.8,-0.3,0.3,
234.0,Tari Eason,23.0,HOU,PF,26.0,0.0,594.0,20.9,0.567,0.32,0.257,9.6,19.7,14.5,7.2,4.1,3.7,6.9,19.9,1.2,1.5,2.7,0.214,2.0,3.6,5.6,1.1,
235.0,Jared McCain,20.0,PHI,SG,23.0,8.0,592.0,15.7,0.589,0.485,0.204,2.4,8.9,5.5,17.6,1.3,0.0,11.0,25.1,0.7,0.3,1.0,0.078,2.0,-1.5,0.5,0.4,
236.0,Jalen Smith,24.0,CHI,C,39.0,1.0,592.0,18.4,0.594,0.543,0.241,10.2,26.1,18.3,7.9,0.9,4.1,8.8,20.9,1.0,0.7,1.7,0.135,0.7,-1.0,-0.3,0.3,
237.0,Jusuf Nurkić,30.0,PHO,C,25.0,23.0,592.0,12.7,0.556,0.362,0.423,8.9,33.1,21.4,11.1,1.9,2.5,22.8,18.7,-0.2,0.8,0.6,0.049,-3.7,0.4,-3.3,-0.2,
238.0,Jonathan Mogbo,23.0,TOR,PF,36.0,6.0,589.0,13.3,0.532,0.166,0.318,11.6,16.2,13.9,12.7,2.1,2.6,15.3,14.5,0.5,0.4,0.9,0.076,-1.8,0.3,-1.5,0.1,
239.0,Ben Sheppard,23.0,IND,SG,29.0,7.0,589.0,8.2,0.557,0.695,0.071,3.3,10.4,7.0,6.6,1.2,1.3,6.4,11.4,0.4,0.3,0.8,0.062,-2.6,-0.2,-2.8,-0.1,
240.0,Zach Edey,22.0,MEM,C,28.0,21.0,578.0,17.2,0.625,0.147,0.284,17.0,20.1,18.6,5.8,1.4,4.6,17.1,17.7,0.9,1.0,1.8,0.153,-0.7,0.0,-0.7,0.2,
241.0,Maxi Kleber,33.0,DAL,PF,30.0,4.0,576.0,5.7,0.509,0.5,0.213,4.4,11.7,8.1,7.4,0.7,2.3,18.6,8.0,0.1,0.4,0.5,0.044,-4.1,0.4,-3.7,-0.2,
242.0,Johnny Juzang,23.0,UTA,SG,32.0,5.0,571.0,11.3,0.585,0.714,0.132,3.7,13.0,8.5,8.4,1.0,0.8,7.4,15.9,0.8,0.1,0.9,0.073,-0.8,-1.6,-2.3,0.0,
243.0,Moses Moody,22.0,GSW,SG,34.0,4.0,569.0,11.8,0.577,0.605,0.219,2.5,9.1,5.7,7.4,1.4,1.3,9.2,19.2,0.4,0.5,0.9,0.078,-1.3,-0.6,-1.9,0.0,
244.0,Brice Sensabaugh,21.0,UTA,SF,31.0,0.0,568.0,14.1,0.623,0.597,0.134,3.9,12.4,8.2,12.4,1.5,0.5,16.0,22.2,0.5,0.1,0.6,0.05,0.8,-1.8,-1.0,0.1,
245.0,Aaron Gordon,29.0,DEN,PF,21.0,16.0,568.0,16.4,0.642,0.322,0.426,7.1,15.0,11.2,13.3,0.8,0.8,12.1,18.4,1.3,0.4,1.7,0.142,1.9,-0.9,1.0,0.4,
246.0,Julian Phillips,21.0,CHI,SF,42.0,3.0,568.0,9.6,0.55,0.542,0.245,7.1,8.3,7.7,3.8,1.5,1.5,9.5,13.9,0.3,0.3,0.6,0.052,-3.0,-1.2,-4.2,-0.3,
247.0,Oso Ighodaro,22.0,PHO,PF,34.0,2.0,565.0,10.2,0.574,0.019,0.32,6.9,17.5,12.3,7.9,1.4,2.1,15.2,10.8,0.4,0.4,0.8,0.068,-3.3,0.0,-3.3,-0.2,
248.0,Moritz Wagner,27.0,ORL,C,30.0,1.0,564.0,22.3,0.649,0.301,0.442,7.8,23.7,15.3,13.9,2.1,2.1,14.1,26.7,1.1,1.0,2.1,0.178,2.9,1.4,4.3,0.9,
249.0,Kevon Looney,28.0,GSW,C,35.0,5.0,563.0,18.8,0.539,0.007,0.311,19.2,26.3,22.6,15.6,2.4,2.0,11.4,14.4,1.2,1.0,2.2,0.188,0.0,0.9,0.8,0.4,
250.0,Jordan Clarkson,32.0,UTA,SG,22.0,3.0,562.0,15.1,0.537,0.42,0.313,2.8,11.5,7.2,24.4,1.6,1.2,14.4,28.6,0.2,0.2,0.3,0.029,0.6,-1.9,-1.3,0.1,
251.0,Ajay Mitchell,22.0,OKC,SG,34.0,1.0,561.0,12.5,0.604,0.307,0.199,3.3,9.4,6.4,13.4,2.1,0.5,13.4,15.9,0.7,1.0,1.6,0.139,-2.3,1.1,-1.2,0.1,
252.0,Tyrese Martin,25.0,BRK,SG,27.0,5.0,556.0,10.9,0.522,0.591,0.128,5.7,15.5,10.4,14.1,1.2,0.9,13.3,19.6,-0.1,0.3,0.2,0.014,-0.9,-1.7,-2.6,-0.1,
253.0,Eric Gordon,36.0,PHI,SG,30.0,7.0,556.0,9.9,0.553,0.667,0.26,1.2,6.2,3.6,11.3,1.7,1.7,11.2,15.0,0.2,0.3,0.6,0.048,-1.6,-0.7,-2.3,0.0,
254.0,Terance Mann,28.0,LAC,SG,28.0,11.0,553.0,11.8,0.561,0.38,0.173,5.1,11.2,8.1,11.2,2.2,1.1,9.5,13.9,0.6,0.8,1.4,0.122,-2.0,1.5,-0.4,0.2,
255.0,Cameron Payne,30.0,NYK,PG,37.0,1.0,552.0,16.7,0.59,0.609,0.098,2.1,8.9,5.6,23.8,2.1,1.9,9.6,20.6,1.2,0.5,1.7,0.149,2.0,0.2,2.1,0.6,
256.0,Moussa Diabaté,23.0,CHO,C,31.0,4.0,552.0,13.8,0.59,0.0,0.321,17.3,23.3,20.2,4.8,1.8,4.0,23.3,8.9,0.5,0.8,1.3,0.112,-2.8,0.1,-2.7,-0.1,
257.0,Isaac Okoro,24.0,CLE,SG,28.0,16.0,551.0,10.4,0.567,0.595,0.191,4.5,7.0,5.8,10.1,1.7,1.8,7.2,11.9,0.8,0.5,1.3,0.113,-1.3,0.7,-0.5,0.2,
258.0,Shake Milton,28.0,2TM,SG,33.0,1.0,550.0,12.1,0.566,0.48,0.216,3.5,9.6,6.5,19.5,1.4,0.4,10.9,16.8,0.6,0.2,0.8,0.073,-1.2,-0.6,-1.8,0.0,
258.0,Shake Milton,28.0,BRK,SG,27.0,1.0,492.0,13.0,0.58,0.459,0.21,3.7,8.6,6.1,20.5,1.5,0.2,10.4,17.1,0.7,0.2,0.9,0.088,-0.6,-0.5,-1.1,0.1,
258.0,Shake Milton,28.0,LAL,SG,6.0,0.0,58.0,4.3,0.412,0.714,0.286,2.0,17.6,9.8,11.2,0.0,1.6,16.0,14.3,-0.1,0.0,-0.1,-0.054,-6.1,-1.8,-7.9,-0.1,
259.0,Jay Huff,26.0,MEM,C,37.0,1.0,544.0,18.0,0.682,0.656,0.223,4.2,13.4,8.9,6.8,0.9,6.4,9.9,19.1,1.2,0.8,2.0,0.178,2.7,1.0,3.7,0.8,
260.0,Vasilije Micić,31.0,CHO,PG,27.0,11.0,544.0,7.1,0.449,0.469,0.143,3.1,9.6,6.2,25.5,1.2,0.0,20.0,20.2,-0.7,0.3,-0.4,-0.04,-4.4,-2.2,-6.5,-0.6,
261.0,Jaden Hardy,22.0,DAL,SG,34.0,3.0,540.0,10.4,0.545,0.466,0.197,1.4,9.0,5.3,13.2,1.9,0.8,16.4,24.0,-0.4,0.5,0.1,0.006,-3.1,-1.1,-4.2,-0.3,
262.0,Cam Reddish,25.0,LAL,SF,29.0,8.0,539.0,7.7,0.52,0.529,0.247,3.2,9.7,6.4,5.3,2.7,1.7,11.3,8.7,0.1,0.4,0.5,0.045,-4.2,1.3,-2.9,-0.1,
263.0,Kyle Filipowski,21.0,UTA,C,30.0,8.0,532.0,12.2,0.577,0.423,0.314,5.7,21.7,13.8,14.6,1.7,0.7,16.6,14.8,0.4,0.3,0.7,0.068,-1.9,0.1,-1.8,0.0,
264.0,Kris Murray,24.0,POR,SF,36.0,0.0,528.0,10.1,0.513,0.404,0.185,8.2,9.1,8.7,9.7,1.2,1.4,12.2,14.2,0.2,0.1,0.3,0.025,-1.9,-1.2,-3.1,-0.2,
265.0,Dalano Banton,25.0,POR,PG,33.0,0.0,527.0,14.9,0.516,0.42,0.257,2.2,12.1,7.0,23.1,2.5,2.8,13.6,26.3,-0.1,0.4,0.3,0.026,0.8,-0.2,0.6,0.4,
266.0,Daniel Theis,32.0,NOP,C,33.0,8.0,525.0,13.2,0.578,0.293,0.302,7.3,22.9,14.7,12.4,1.4,3.2,13.8,12.2,0.6,0.4,1.0,0.093,-2.7,-0.1,-2.8,-0.1,
267.0,Cody Williams,20.0,UTA,SG,25.0,11.0,525.0,3.5,0.394,0.526,0.19,2.6,8.6,5.7,8.3,1.1,1.8,13.7,11.7,-0.6,0.1,-0.5,-0.048,-6.1,-1.0,-7.1,-0.7,
268.0,Matas Buzelis,20.0,CHI,SF,41.0,0.0,523.0,9.9,0.497,0.5,0.17,4.6,16.2,10.5,4.5,1.0,5.7,9.8,17.9,-0.3,0.5,0.2,0.017,-4.3,-0.7,-4.9,-0.4,
269.0,Andre Drummond,31.0,PHI,C,27.0,15.0,518.0,14.4,0.531,0.072,0.401,15.0,32.9,23.5,4.2,3.1,2.0,20.5,19.2,-0.3,0.9,0.6,0.059,-3.7,-0.3,-4.0,-0.3,
270.0,Donovan Clingan,20.0,POR,C,31.0,8.0,516.0,16.8,0.587,0.149,0.254,17.4,25.2,21.2,5.6,1.4,8.6,20.3,15.1,0.4,0.7,1.1,0.103,-2.5,0.7,-1.8,0.0,
271.0,Dalen Terry,22.0,CHI,SG,40.0,1.0,514.0,7.8,0.553,0.368,0.325,4.1,7.2,5.7,10.3,1.9,1.5,19.8,13.5,-0.1,0.3,0.3,0.024,-4.9,-0.3,-5.2,-0.4,
272.0,Neemias Queta,25.0,BOS,C,34.0,5.0,512.0,15.8,0.688,0.018,0.321,10.7,18.1,14.3,5.5,1.1,4.8,14.7,12.7,1.1,0.8,1.9,0.174,-2.0,0.9,-1.1,0.1,
273.0,Kristaps Porziņģis,29.0,BOS,C,18.0,18.0,511.0,22.1,0.603,0.436,0.369,7.1,20.0,13.5,8.9,1.2,4.8,6.0,25.2,1.4,0.8,2.2,0.211,3.6,0.6,4.2,0.8,
274.0,Justin Champagnie,23.0,WAS,SF,23.0,13.0,506.0,15.7,0.63,0.484,0.148,8.5,16.4,12.4,7.1,2.4,2.7,11.8,15.4,0.7,0.3,1.0,0.094,-0.1,0.1,0.0,0.2,
275.0,Bogdan Bogdanović,32.0,ATL,SG,20.0,0.0,505.0,9.0,0.53,0.679,0.134,2.1,9.1,5.5,12.3,1.7,0.7,13.2,18.4,-0.1,0.3,0.2,0.021,-3.3,-0.5,-3.8,-0.2,
276.0,Kyle Anderson,31.0,GSW,PF,33.0,3.0,503.0,15.4,0.521,0.323,0.171,5.1,16.8,10.7,21.5,2.5,3.4,9.6,15.7,0.6,0.8,1.4,0.136,0.0,2.4,2.5,0.6,
277.0,Kyle Lowry,38.0,PHI,PG,25.0,12.0,497.0,9.5,0.531,0.747,0.287,1.8,9.4,5.4,18.8,2.5,1.6,15.5,10.3,0.4,0.4,0.8,0.077,-3.0,1.6,-1.5,0.1,
278.0,Ricky Council IV,23.0,PHI,SF,34.0,3.0,486.0,12.9,0.539,0.424,0.371,5.3,14.6,9.7,9.6,1.2,1.3,9.2,19.8,0.4,0.3,0.7,0.068,-0.9,-1.9,-2.8,-0.1,
279.0,KJ Martin,24.0,PHI,PF,24.0,7.0,480.0,12.6,0.689,0.212,0.293,4.9,13.0,8.7,6.0,1.1,3.4,9.7,11.4,0.9,0.4,1.3,0.126,-1.9,0.4,-1.6,0.0,
280.0,Grant Williams,26.0,CHO,PF,16.0,7.0,479.0,11.7,0.596,0.602,0.301,3.9,14.8,9.2,11.2,1.8,2.7,16.7,14.7,0.3,0.5,0.8,0.085,-2.2,0.6,-1.6,0.0,
281.0,Nick Richards,27.0,2TM,C,22.0,9.0,469.0,18.5,0.633,0.008,0.787,12.3,26.8,19.3,9.5,0.8,5.5,16.7,17.8,0.8,0.6,1.5,0.149,-1.4,0.2,-1.2,0.1,
281.0,Nick Richards,27.0,CHO,C,21.0,9.0,440.0,17.5,0.614,0.009,0.763,12.0,26.9,19.2,9.7,0.8,5.9,17.8,17.8,0.6,0.6,1.2,0.131,-2.1,0.2,-1.9,0.0,
281.0,Nick Richards,27.0,PHO,C,1.0,0.0,29.0,34.4,0.878,0.0,1.125,15.7,25.9,21.0,5.8,1.7,0.0,0.0,18.2,0.2,0.0,0.3,0.421,10.3,-0.5,9.9,0.1,
282.0,Alex Caruso,30.0,OKC,SG,24.0,0.0,468.0,12.8,0.479,0.551,0.081,3.2,11.7,7.5,15.3,4.4,2.8,9.6,14.2,0.1,1.2,1.3,0.137,-2.3,4.5,2.1,0.5,
283.0,Drew Eubanks,27.0,UTA,C,31.0,2.0,466.0,16.0,0.643,0.044,0.395,7.7,25.5,16.8,12.4,0.9,5.0,17.3,14.6,0.7,0.4,1.0,0.107,-1.0,0.8,-0.2,0.2,
284.0,Vit Krejci,24.0,ATL,PG,26.0,9.0,461.0,9.9,0.537,0.62,0.14,2.5,11.8,7.1,17.6,1.6,2.6,15.2,13.4,0.2,0.4,0.6,0.06,-2.8,0.6,-2.1,0.0,
285.0,Monte Morris,29.0,PHO,PG,34.0,0.0,458.0,12.5,0.535,0.425,0.274,2.5,10.1,6.4,18.2,1.5,0.6,8.9,17.3,0.5,0.2,0.6,0.067,-1.2,-1.0,-2.2,0.0,
286.0,Ja'Kobe Walter,20.0,TOR,SG,24.0,7.0,455.0,8.7,0.492,0.491,0.218,4.8,9.3,7.0,10.3,1.3,1.3,10.4,18.6,-0.1,0.1,0.0,-0.003,-3.5,-1.9,-5.4,-0.4,
287.0,Malcolm Brogdon,32.0,WAS,PG,18.0,13.0,447.0,16.1,0.554,0.247,0.361,3.9,13.1,8.5,24.9,1.1,1.0,12.1,23.8,0.5,0.0,0.5,0.056,0.4,-1.6,-1.3,0.1,
288.0,Lonzo Ball,27.0,CHI,PG,22.0,1.0,444.0,13.8,0.533,0.836,0.094,2.9,14.0,8.5,23.3,3.5,2.3,15.8,14.9,0.3,0.6,0.9,0.097,-1.1,2.7,1.6,0.4,
289.0,Jose Alvarado,26.0,NOP,PG,20.0,7.0,443.0,15.8,0.559,0.647,0.153,2.6,7.7,5.0,27.3,3.2,1.1,10.8,19.3,0.7,0.2,1.0,0.105,0.8,-0.1,0.7,0.3,
290.0,Seth Curry,34.0,CHO,SG,32.0,8.0,433.0,11.9,0.607,0.504,0.111,3.1,8.2,5.6,5.7,1.6,1.2,7.2,14.9,0.6,0.3,0.8,0.093,-1.4,-0.2,-1.6,0.1,
291.0,Marcus Sasser,24.0,DET,PG,31.0,0.0,432.0,13.8,0.6,0.517,0.081,2.8,6.7,4.8,21.1,2.4,0.9,15.4,18.0,0.5,0.4,0.9,0.101,-0.7,0.2,-0.6,0.2,
292.0,Kenrich Williams,30.0,OKC,PF,31.0,0.0,429.0,14.8,0.615,0.504,0.108,6.1,17.1,11.7,9.4,2.1,1.2,9.9,16.1,0.7,0.9,1.6,0.178,-0.3,1.5,1.3,0.4,
293.0,Jamison Battle,23.0,TOR,SF,33.0,0.0,426.0,12.8,0.628,0.746,0.099,4.8,11.2,8.0,10.2,0.5,0.9,7.5,15.8,0.8,0.0,0.8,0.088,1.6,-1.8,-0.2,0.2,
294.0,Khris Middleton,33.0,MIL,SF,18.0,7.0,423.0,18.1,0.593,0.399,0.243,1.3,16.3,9.1,32.0,1.8,0.7,13.9,23.0,0.8,0.5,1.3,0.151,1.3,0.8,2.1,0.4,
295.0,Jett Howard,21.0,ORL,SF,37.0,0.0,415.0,8.8,0.512,0.713,0.1,4.0,9.6,6.6,9.1,0.6,1.4,9.2,19.3,-0.1,0.4,0.4,0.043,-2.4,-1.3,-3.6,-0.2,
296.0,Precious Achiuwa,25.0,NYK,PF,22.0,1.0,415.0,13.9,0.546,0.144,0.258,11.3,22.4,17.0,6.8,1.8,4.1,13.6,13.2,0.4,0.6,0.9,0.11,-1.5,0.0,-1.5,0.1,
297.0,Talen Horton-Tucker,24.0,CHI,SG,35.0,0.0,414.0,14.7,0.588,0.447,0.248,3.3,12.6,8.0,15.9,1.5,1.7,10.5,20.1,0.5,0.3,0.8,0.088,-0.5,-1.0,-1.5,0.0,
298.0,Jericho Sims,26.0,NYK,C,34.0,5.0,413.0,9.8,0.611,0.0,0.289,14.0,20.9,17.5,6.4,1.0,2.3,29.3,7.6,0.4,0.4,0.8,0.094,-3.1,-0.5,-3.6,-0.2,
299.0,Gary Payton II,32.0,GSW,SG,30.0,4.0,406.0,15.1,0.593,0.293,0.155,8.3,14.1,11.1,13.2,2.4,2.3,11.4,14.5,0.6,0.6,1.2,0.139,-1.3,1.6,0.3,0.2,
300.0,Zach Collins,27.0,SAS,C,32.0,4.0,405.0,14.3,0.558,0.352,0.273,9.8,15.5,12.7,17.4,1.7,2.8,13.8,17.6,0.6,0.4,1.0,0.117,-1.7,1.3,-0.4,0.2,
301.0,Alec Burks,33.0,MIA,SG,24.0,0.0,388.0,12.7,0.623,0.733,0.257,2.0,11.9,7.0,9.5,1.7,1.0,7.4,13.8,0.6,0.4,1.0,0.119,-0.2,0.7,0.5,0.2,
302.0,Joel Embiid,30.0,PHI,C,13.0,13.0,383.0,25.2,0.591,0.224,0.511,6.4,25.9,15.7,24.6,1.4,3.5,13.3,35.7,0.8,0.5,1.2,0.154,4.1,0.2,4.4,0.6,
303.0,Delon Wright,32.0,MIL,PG,25.0,2.0,383.0,7.6,0.38,0.59,0.179,4.4,7.6,6.1,14.5,2.6,2.0,14.3,11.2,-0.2,0.5,0.3,0.032,-4.1,1.3,-2.8,-0.1,
304.0,Marcus Smart,30.0,MEM,PG,18.0,6.0,382.0,12.3,0.523,0.613,0.254,4.0,7.5,5.8,22.5,2.8,1.4,17.7,19.9,0.2,0.5,0.7,0.086,-0.9,0.8,-0.1,0.2,
305.0,Cam Whitmore,20.0,HOU,SF,23.0,0.0,377.0,16.5,0.533,0.438,0.172,5.5,15.2,10.2,7.1,1.8,1.2,7.2,25.6,0.4,0.6,0.9,0.119,1.4,-0.7,0.7,0.3,
306.0,Ausar Thompson,22.0,DET,SF,20.0,9.0,376.0,14.3,0.532,0.22,0.268,8.3,19.5,13.9,13.5,3.7,1.5,16.0,19.2,0.0,0.6,0.6,0.083,-3.0,2.1,-0.9,0.1,
307.0,Tre Jones,25.0,SAS,PG,23.0,0.0,375.0,12.5,0.533,0.314,0.314,3.4,10.6,7.1,29.7,1.9,0.9,16.7,10.9,0.6,0.3,0.9,0.114,-2.1,1.4,-0.6,0.1,
308.0,Caleb Houstan,22.0,ORL,SF,31.0,5.0,366.0,5.5,0.495,0.876,0.101,2.4,5.4,3.8,5.0,1.0,0.8,5.1,11.6,0.1,0.4,0.4,0.054,-4.8,-0.7,-5.5,-0.3,
309.0,Day'Ron Sharpe,23.0,BRK,C,21.0,0.0,365.0,17.0,0.509,0.187,0.266,18.3,24.6,21.3,14.4,1.9,2.5,13.4,21.6,0.3,0.4,0.7,0.086,-1.3,-1.0,-2.2,0.0,
310.0,Kel'el Ware,20.0,MIA,C,26.0,0.0,364.0,20.8,0.643,0.259,0.2,7.6,23.3,15.6,6.8,1.6,6.3,8.1,19.4,0.7,0.6,1.3,0.178,0.8,0.7,1.6,0.3,
311.0,DeAndre Jordan,36.0,DEN,C,30.0,2.0,360.0,14.0,0.603,0.0,0.355,11.8,28.3,20.4,8.8,1.3,3.7,20.0,12.9,0.3,0.5,0.8,0.109,-2.0,0.5,-1.5,0.0,
312.0,Reed Sheppard,20.0,HOU,PG,32.0,0.0,360.0,7.0,0.407,0.589,0.048,2.9,9.0,5.9,13.5,2.3,2.5,13.0,16.6,-0.4,0.6,0.2,0.021,-4.5,1.3,-3.2,-0.1,
313.0,Mark Williams,23.0,CHO,C,16.0,13.0,359.0,28.5,0.675,0.007,0.421,14.5,30.2,22.1,18.0,1.4,4.4,9.0,22.2,1.5,0.5,2.1,0.275,4.9,1.2,6.2,0.7,
314.0,Thomas Bryant,27.0,2TM,C,27.0,1.0,354.0,19.0,0.663,0.486,0.165,10.7,20.3,15.6,7.2,1.2,4.8,7.9,15.6,0.9,0.4,1.3,0.182,2.1,0.4,2.5,0.4,
314.0,Thomas Bryant,27.0,MIA,C,10.0,0.0,115.0,15.8,0.624,0.607,0.393,5.8,24.2,15.2,4.9,0.4,7.4,5.7,13.4,0.2,0.2,0.4,0.171,-1.0,0.9,-0.1,0.1,
314.0,Thomas Bryant,27.0,IND,C,17.0,1.0,239.0,20.6,0.678,0.444,0.086,13.0,18.4,15.8,8.4,1.6,3.5,8.7,16.7,0.7,0.3,0.9,0.187,3.7,0.1,3.7,0.3,
315.0,Josh Okogie,26.0,PHO,SG,25.0,1.0,351.0,16.0,0.586,0.368,0.281,10.4,12.2,11.3,5.9,2.9,2.6,11.1,18.1,0.4,0.3,0.7,0.101,0.3,0.2,0.5,0.2,
316.0,Jordan Miller,25.0,LAC,SF,25.0,0.0,351.0,11.0,0.498,0.292,0.275,7.0,9.1,8.1,12.3,1.9,0.9,13.5,19.1,0.0,0.5,0.4,0.058,-2.6,-0.2,-2.8,-0.1,
317.0,Jared Butler,24.0,WAS,SG,31.0,0.0,345.0,18.5,0.562,0.234,0.234,4.2,8.2,6.2,38.9,1.6,1.3,12.5,26.0,0.6,0.0,0.6,0.08,2.8,-1.2,1.7,0.3,
318.0,Pat Connaughton,32.0,MIL,SG,21.0,0.0,330.0,10.0,0.516,0.598,0.184,4.4,14.9,9.8,14.3,0.6,1.7,11.3,14.0,0.2,0.3,0.5,0.074,-1.9,-0.5,-2.5,0.0,
319.0,Gary Harris,30.0,ORL,SG,20.0,2.0,326.0,7.7,0.536,0.75,0.111,3.4,5.7,4.5,4.4,2.0,1.5,10.6,11.3,0.0,0.4,0.4,0.064,-3.0,0.9,-2.1,0.0,
320.0,Pelle Larsson,23.0,MIA,SG,25.0,0.0,323.0,9.8,0.561,0.456,0.342,3.8,9.0,6.4,11.9,1.8,0.6,10.8,13.9,0.3,0.3,0.6,0.084,-4.3,0.2,-4.1,-0.2,
321.0,Paolo Banchero,22.0,ORL,PF,10.0,10.0,320.0,22.3,0.563,0.291,0.522,5.8,22.5,13.6,28.7,1.1,2.4,11.8,34.5,0.4,0.5,0.9,0.135,4.8,0.5,5.3,0.6,
322.0,Tre Mann,23.0,CHO,PG,13.0,0.0,319.0,13.7,0.537,0.373,0.13,3.9,9.0,6.4,21.1,1.1,1.3,12.8,25.8,0.1,0.2,0.3,0.041,-0.5,-1.9,-2.4,0.0,
323.0,Aaron Holiday,28.0,HOU,PG,30.0,0.0,319.0,11.7,0.579,0.639,0.175,1.9,7.5,4.6,14.3,1.8,0.6,11.8,15.3,0.4,0.4,0.8,0.127,-1.3,0.5,-0.8,0.1,
324.0,John Konchar,28.0,MEM,SG,22.0,3.0,313.0,11.3,0.519,0.707,0.103,8.6,22.0,15.5,9.6,1.9,2.9,14.2,9.0,0.3,0.5,0.8,0.128,-1.1,2.2,1.1,0.2,
325.0,David Roddy,23.0,ATL,PF,23.0,2.0,311.0,12.6,0.626,0.488,0.19,3.4,17.6,10.3,12.0,1.8,1.8,17.3,14.4,0.2,0.3,0.5,0.081,-1.1,0.3,-0.8,0.1,
326.0,Jaxson Hayes,24.0,LAL,C,19.0,3.0,311.0,14.5,0.664,0.016,0.475,10.3,17.1,13.7,6.7,1.3,3.8,11.9,11.9,0.7,0.3,0.9,0.141,-2.5,-0.2,-2.7,-0.1,
327.0,Jabari Walker,22.0,POR,SF,30.0,1.0,310.0,11.2,0.52,0.304,0.196,8.5,22.8,15.5,6.5,1.9,0.9,13.8,15.6,0.0,0.2,0.3,0.042,-3.4,-0.9,-4.2,-0.2,
328.0,Charles Bassey,24.0,SAS,C,29.0,0.0,309.0,19.8,0.599,0.0,0.293,16.3,27.4,21.9,6.0,1.9,8.0,15.8,18.4,0.3,0.6,0.9,0.147,-2.0,0.7,-1.2,0.1,
329.0,Steven Adams,31.0,HOU,C,28.0,0.0,305.0,15.6,0.553,0.0,0.769,22.0,23.4,22.7,12.8,1.1,3.0,28.0,13.0,0.2,0.5,0.8,0.123,-0.4,0.3,0.0,0.2,
330.0,Max Strus,28.0,CLE,SF,13.0,0.0,303.0,10.2,0.562,0.824,0.059,4.1,13.4,8.9,15.3,0.6,1.2,14.7,14.5,0.3,0.3,0.5,0.085,-0.2,-0.5,-0.6,0.1,
331.0,Ryan Rollins,22.0,MIL,PG,25.0,5.0,300.0,14.0,0.59,0.418,0.163,3.4,12.5,8.1,13.2,3.2,3.2,16.7,18.3,0.1,0.5,0.6,0.098,-2.6,2.4,-0.2,0.1,
332.0,Mo Bamba,26.0,LAC,C,24.0,0.0,300.0,13.4,0.531,0.482,0.247,7.9,30.5,19.3,6.6,1.5,7.3,14.5,15.9,0.0,0.7,0.7,0.114,-3.3,2.3,-1.0,0.1,
333.0,Trevelin Queen,27.0,ORL,SG,17.0,2.0,296.0,11.1,0.511,0.527,0.099,5.6,5.9,5.7,14.3,3.4,2.6,15.2,16.4,0.0,0.5,0.5,0.076,-2.8,2.4,-0.3,0.1,
334.0,Larry Nance Jr.,32.0,ATL,PF,15.0,2.0,291.0,19.9,0.733,0.532,0.085,5.7,18.0,11.7,11.9,2.6,3.5,10.1,15.2,0.8,0.4,1.1,0.187,3.4,1.3,4.7,0.5,
335.0,Zion Williamson,24.0,NOP,PF,10.0,10.0,289.0,23.0,0.531,0.059,0.503,12.1,18.8,15.3,34.0,2.0,3.9,14.1,34.9,0.2,0.2,0.4,0.068,2.3,-0.2,2.1,0.3,
336.0,Keaton Wallace,25.0,ATL,PG,17.0,2.0,286.0,11.1,0.554,0.494,0.079,1.1,9.6,5.2,16.8,2.8,2.0,16.4,15.7,0.0,0.3,0.3,0.052,-2.9,1.2,-1.6,0.0,
337.0,Kelly Olynyk,33.0,TOR,C,19.0,1.0,283.0,14.9,0.617,0.36,0.384,6.9,18.5,12.6,20.1,2.2,1.4,19.9,18.6,0.3,0.2,0.6,0.093,-0.6,0.7,0.0,0.1,
338.0,Micah Potter,26.0,UTA,C,16.0,6.0,277.0,7.7,0.526,0.78,0.06,6.9,17.5,12.3,6.2,0.7,2.0,16.3,9.3,0.1,0.1,0.2,0.028,-2.9,-0.5,-3.4,-0.1,
339.0,Malaki Branham,21.0,SAS,SG,26.0,0.0,272.0,9.6,0.552,0.459,0.183,1.2,10.7,6.0,14.4,1.3,0.6,18.1,22.6,-0.3,0.2,-0.1,-0.016,-2.9,-1.7,-4.6,-0.2,
340.0,Reggie Jackson,34.0,PHI,PG,23.0,1.0,272.0,9.9,0.505,0.607,0.079,2.0,11.3,6.4,20.5,2.2,1.1,15.6,17.7,-0.1,0.2,0.1,0.026,-2.8,-0.5,-3.3,-0.1,
341.0,Blake Wesley,21.0,SAS,SG,27.0,0.0,270.0,9.8,0.516,0.266,0.266,2.4,6.6,4.5,26.8,1.6,1.0,22.1,18.0,-0.1,0.2,0.0,0.008,-3.5,-1.0,-4.6,-0.2,
342.0,Dru Smith,27.0,MIA,SG,14.0,1.0,268.0,13.5,0.659,0.492,0.213,5.0,9.6,7.3,12.2,3.9,2.1,20.3,13.8,0.2,0.4,0.7,0.121,-1.2,3.3,2.0,0.3,
343.0,Chet Holmgren,22.0,OKC,C,10.0,10.0,265.0,22.4,0.619,0.333,0.441,6.5,28.1,17.5,10.9,1.5,10.1,14.8,25.1,0.4,0.8,1.1,0.201,2.2,3.7,5.9,0.5,
344.0,Rayan Rupert,20.0,POR,SG,30.0,0.0,263.0,8.8,0.512,0.453,0.213,8.1,7.7,7.9,7.4,1.5,0.7,15.5,15.4,0.0,0.0,0.0,0.003,-2.6,-1.8,-4.5,-0.2,
345.0,Immanuel Quickley,25.0,TOR,PG,9.0,9.0,256.0,14.4,0.517,0.457,0.252,0.4,8.3,4.3,31.5,1.1,0.4,10.2,25.8,0.3,0.0,0.3,0.056,0.5,-3.5,-3.0,-0.1,
346.0,Quenton Jackson,26.0,IND,PG,18.0,7.0,254.0,13.4,0.598,0.316,0.276,4.5,7.4,6.0,16.5,1.7,1.8,11.4,16.4,0.4,0.2,0.6,0.106,-1.7,-0.5,-2.1,0.0,
347.0,Svi Mykhailiuk,27.0,UTA,SF,14.0,6.0,251.0,12.6,0.56,0.719,0.114,1.8,10.8,6.4,17.6,2.5,1.1,17.3,24.3,-0.1,0.1,0.0,0.006,-0.8,-1.0,-1.9,0.0,
348.0,Dwight Powell,33.0,DAL,C,33.0,0.0,251.0,14.8,0.785,0.056,1.667,9.7,15.5,12.7,11.2,2.3,5.3,18.3,6.5,0.6,0.4,1.0,0.198,-0.7,3.4,2.7,0.3,
349.0,Adem Bona,21.0,PHI,C,26.0,1.0,250.0,12.0,0.754,0.0,0.879,9.8,20.6,14.9,3.5,0.6,7.0,27.1,11.1,0.3,0.3,0.5,0.105,-4.7,0.1,-4.6,-0.2,
350.0,Jae'Sean Tate,29.0,HOU,SF,23.0,1.0,247.0,12.0,0.539,0.262,0.385,8.8,14.0,11.4,9.7,2.6,0.7,11.6,14.3,0.3,0.4,0.7,0.136,-3.1,1.5,-1.7,0.0,
351.0,Ousmane Dieng,21.0,OKC,PF,23.0,0.0,240.0,11.4,0.468,0.588,0.188,5.0,18.4,11.8,9.0,2.6,2.1,6.5,16.5,0.0,0.6,0.6,0.11,-2.6,1.6,-1.0,0.1,
352.0,Paul Reed,25.0,DET,C,22.0,0.0,238.0,21.5,0.646,0.225,0.352,7.5,16.4,11.9,14.0,5.3,5.6,12.8,16.8,0.6,0.5,1.1,0.222,0.8,5.2,6.0,0.5,
353.0,Alex Len,31.0,SAC,C,31.0,3.0,237.0,14.7,0.569,0.125,0.325,11.1,17.3,14.2,14.8,1.6,7.5,16.4,9.9,0.4,0.4,0.7,0.151,-1.3,2.7,1.4,0.2,
354.0,Robert Williams,27.0,POR,C,14.0,2.0,236.0,21.0,0.742,0.058,0.288,9.4,23.7,16.4,10.6,2.1,9.0,18.2,12.7,0.5,0.3,0.9,0.179,0.9,2.9,3.8,0.3,
355.0,Hunter Tyson,24.0,DEN,PF,31.0,0.0,235.0,7.8,0.555,0.596,0.327,4.9,15.2,10.3,6.1,0.8,1.5,13.1,12.3,0.1,0.2,0.3,0.062,-4.1,-1.2,-5.2,-0.2,
356.0,Jordan Walsh,20.0,BOS,PF,28.0,1.0,234.0,6.2,0.438,0.681,0.213,5.0,10.2,7.6,4.3,1.5,3.1,12.0,10.8,-0.1,0.3,0.2,0.034,-4.6,0.3,-4.3,-0.1,
357.0,Nick Smith Jr.,20.0,CHO,SG,20.0,1.0,232.0,9.3,0.485,0.571,0.02,0.9,13.8,7.2,14.1,1.3,0.9,9.2,19.8,-0.1,0.2,0.1,0.014,-2.6,-1.0,-3.6,-0.1,
358.0,Jaylin Williams,22.0,OKC,PF,15.0,3.0,231.0,16.4,0.568,0.743,0.027,8.9,23.6,16.4,19.7,1.0,3.5,10.7,15.5,0.5,0.5,1.0,0.204,1.8,2.4,4.3,0.4,
359.0,Dillon Jones,23.0,OKC,SF,27.0,0.0,229.0,7.2,0.415,0.569,0.215,8.5,15.1,11.9,10.8,1.1,0.9,12.3,15.2,-0.1,0.4,0.3,0.053,-4.7,-0.8,-5.5,-0.2,
360.0,Patty Mills,36.0,UTA,PG,15.0,0.0,228.0,7.5,0.485,0.732,0.07,1.0,6.2,3.6,12.9,2.3,1.2,15.1,15.9,-0.1,0.1,-0.1,-0.016,-3.6,0.0,-3.5,-0.1,
361.0,Olivier-Maxence Prosper,22.0,DAL,PF,31.0,0.0,227.0,13.4,0.472,0.319,0.449,10.7,17.2,14.0,9.3,2.1,1.2,6.8,16.7,0.2,0.3,0.4,0.094,-0.8,-0.4,-1.2,0.0,
362.0,Jamal Cain,25.0,NOP,SF,17.0,0.0,227.0,11.5,0.539,0.526,0.281,7.3,15.0,10.9,6.1,1.9,2.9,9.9,13.1,0.2,0.1,0.3,0.059,-2.3,-0.1,-2.4,0.0,
363.0,Doug McDermott,33.0,SAC,SF,26.0,3.0,221.0,9.1,0.605,0.863,0.068,1.0,7.0,4.0,2.4,0.9,0.4,5.1,15.3,0.2,0.1,0.3,0.067,-1.7,-2.1,-3.8,-0.1,
364.0,Justin Edwards,21.0,PHI,SF,12.0,0.0,221.0,9.8,0.59,0.587,0.079,3.5,13.3,8.2,8.4,0.9,1.4,13.3,15.0,0.1,0.1,0.2,0.048,-2.4,-1.5,-3.8,-0.1,
365.0,Jeff Dowtin,27.0,PHI,PG,19.0,0.0,221.0,12.4,0.484,0.286,0.243,1.5,12.7,6.9,20.6,1.8,1.4,3.7,16.1,0.2,0.2,0.4,0.078,-1.9,0.4,-1.5,0.0,
366.0,Johnny Furphy,20.0,IND,SG,28.0,0.0,218.0,8.4,0.517,0.582,0.127,6.9,9.1,8.0,5.2,1.8,2.6,13.4,13.3,0.0,0.2,0.2,0.036,-2.7,-0.6,-3.3,-0.1,
367.0,Tosan Evbuomwan,23.0,BRK,SF,9.0,0.0,214.0,12.8,0.633,0.364,0.364,5.3,15.9,10.4,9.2,0.9,1.9,17.3,19.0,0.1,0.1,0.2,0.048,-2.3,-1.4,-3.7,-0.1,
368.0,Sandro Mamukelashvili,25.0,SAS,PF,25.0,0.0,213.0,18.6,0.705,0.652,0.319,7.6,23.0,15.4,7.1,0.9,2.5,12.3,18.0,0.5,0.2,0.7,0.158,2.8,-0.2,2.5,0.2,
369.0,Johnny Davis,22.0,WAS,SG,28.0,0.0,212.0,11.2,0.501,0.377,0.159,3.4,12.3,7.8,6.2,2.9,2.6,6.3,15.5,0.0,0.1,0.1,0.024,-2.8,0.7,-2.1,0.0,
370.0,Wendell Moore Jr.,23.0,DET,SG,17.0,1.0,211.0,12.7,0.554,0.271,0.292,5.8,17.4,11.6,13.8,2.3,1.4,14.2,12.8,0.2,0.3,0.5,0.109,-2.2,1.5,-0.7,0.1,
371.0,Trendon Watford,24.0,BRK,PF,13.0,0.0,209.0,12.0,0.572,0.329,0.443,2.2,18.6,10.1,11.6,1.2,1.9,14.5,23.2,0.0,0.1,0.2,0.04,-3.9,-0.8,-4.7,-0.1,
372.0,Christian Koloko,24.0,LAL,C,22.0,0.0,203.0,12.0,0.596,0.056,0.111,14.1,16.2,15.1,4.7,1.5,3.6,15.6,9.7,0.3,0.2,0.4,0.103,-3.5,-0.6,-4.1,-0.1,
373.0,Kai Jones,24.0,LAC,C,25.0,0.0,201.0,14.1,0.726,0.059,0.353,7.8,16.5,12.2,6.9,1.5,6.4,20.3,10.6,0.3,0.4,0.7,0.16,-2.3,2.7,0.3,0.1,
374.0,Bones Hyland,24.0,LAC,PG,18.0,0.0,198.0,16.5,0.546,0.699,0.233,2.8,9.5,6.2,20.4,3.9,2.0,14.3,28.9,0.0,0.4,0.4,0.1,1.4,1.8,3.2,0.3,
375.0,Kevin Love,36.0,MIA,PF,17.0,6.0,198.0,16.8,0.484,0.586,0.192,9.5,31.4,20.7,14.9,3.5,1.0,10.8,26.9,-0.1,0.4,0.3,0.074,-0.2,0.6,0.5,0.1,
376.0,Cory Joseph,33.0,ORL,PG,27.0,0.0,195.0,8.6,0.474,0.709,0.036,2.8,10.2,6.3,17.2,2.3,1.5,13.9,14.5,-0.1,0.3,0.2,0.056,-3.6,1.1,-2.5,0.0,
377.0,Dario Šarić,30.0,DEN,C,13.0,4.0,192.0,7.2,0.42,0.444,0.185,7.8,18.6,13.4,13.8,1.7,0.5,19.3,15.9,-0.2,0.2,0.0,-0.005,-4.7,-0.2,-4.9,-0.1,
378.0,Josh Minott,22.0,MIN,SF,26.0,0.0,188.0,14.5,0.58,0.441,0.153,3.6,13.2,8.6,10.5,2.9,4.5,10.0,16.3,0.2,0.3,0.5,0.132,-1.9,3.3,1.4,0.2,
379.0,Craig Porter Jr.,24.0,CLE,PG,24.0,0.0,187.0,13.2,0.674,0.293,0.195,1.8,8.6,5.3,18.0,1.3,3.8,19.8,12.7,0.3,0.2,0.5,0.124,0.1,1.1,1.2,0.2,
380.0,Jock Landale,29.0,HOU,C,20.0,0.0,183.0,12.3,0.469,0.132,0.377,13.0,17.8,15.3,10.9,0.8,3.5,13.9,16.1,0.1,0.3,0.3,0.088,-2.3,0.1,-2.2,0.0,
381.0,Trey Jemison,25.0,2TM,C,17.0,0.0,181.0,8.8,0.461,0.0,0.656,12.5,16.3,14.4,7.4,1.9,4.1,21.1,12.1,-0.1,0.1,0.0,0.01,-6.4,-0.2,-6.6,-0.2,
381.0,Trey Jemison,25.0,NOP,C,16.0,0.0,166.0,9.5,0.461,0.0,0.656,13.7,15.0,14.3,8.1,2.0,3.4,19.5,13.0,-0.1,0.1,0.0,0.013,-5.7,-0.4,-6.1,-0.2,
381.0,Trey Jemison,25.0,LAL,C,1.0,0.0,15.0,1.0,,,,0.0,30.2,15.2,0.0,0.0,12.2,100.0,2.9,0.0,0.0,0.0,-0.019,-14.1,2.5,-11.7,0.0,
382.0,Jordan McLaughlin,28.0,SAC,PG,26.0,0.0,180.0,9.9,0.54,0.595,0.333,2.4,10.5,6.4,16.7,2.7,0.0,18.6,14.0,0.1,0.2,0.2,0.064,-3.4,0.3,-3.1,-0.1,
383.0,Anthony Gill,32.0,WAS,PF,29.0,0.0,179.0,9.9,0.582,0.341,0.585,3.4,12.9,8.1,5.4,1.6,0.5,10.4,13.4,0.1,0.0,0.1,0.038,-2.9,-1.0,-3.9,-0.1,
384.0,Isaac Jones,24.0,SAC,PF,22.0,0.0,176.0,12.9,0.657,0.082,0.408,6.3,13.2,9.7,3.2,0.5,4.5,16.0,16.7,0.1,0.2,0.3,0.083,-2.9,-0.6,-3.6,-0.1,
385.0,Xavier Tillman Sr.,26.0,BOS,C,24.0,1.0,176.0,4.6,0.339,0.528,0.056,4.9,16.7,10.7,5.0,2.2,2.6,17.8,11.0,-0.3,0.3,0.0,-0.008,-6.5,0.8,-5.7,-0.2,
386.0,KJ Simpson,22.0,CHO,PG,12.0,0.0,173.0,6.4,0.377,0.475,0.246,7.2,5.8,6.5,16.6,2.5,1.2,15.1,19.4,-0.3,0.1,-0.2,-0.051,-6.2,-0.2,-6.5,-0.2,
387.0,Jaylon Tyson,22.0,CLE,SG,24.0,1.0,169.0,7.8,0.465,0.362,0.17,10.0,16.5,13.3,11.6,1.4,0.0,17.9,15.6,-0.1,0.2,0.1,0.037,-4.9,-0.9,-5.7,-0.2,
388.0,Jaylen Nowell,25.0,NOP,SG,8.0,0.0,168.0,7.7,0.43,0.37,0.151,3.7,9.4,6.4,15.8,0.3,2.2,9.3,21.5,-0.2,0.0,-0.2,-0.061,-3.0,-2.6,-5.6,-0.2,
389.0,Marvin Bagley III,25.0,WAS,C,19.0,1.0,166.0,20.1,0.573,0.141,0.324,16.7,18.3,17.5,7.0,2.0,2.7,11.9,23.1,0.2,0.1,0.3,0.085,1.2,-2.1,-0.9,0.0,
390.0,Taj Gibson,39.0,CHO,C,16.0,8.0,166.0,10.2,0.506,0.059,0.235,13.1,16.7,14.8,6.0,1.8,2.4,19.3,11.8,0.0,0.2,0.2,0.058,-4.5,0.3,-4.2,-0.1,
391.0,Bruce Brown,28.0,TOR,PG,9.0,0.0,164.0,10.3,0.501,0.267,0.183,7.3,13.6,10.4,6.9,1.8,1.2,11.0,18.6,0.0,0.1,0.0,0.009,-3.6,-1.3,-4.9,-0.1,
392.0,Rob Dillingham,20.0,MIN,PG,17.0,0.0,159.0,10.3,0.567,0.403,0.0,0.7,7.5,4.2,30.6,0.6,0.0,22.1,23.7,-0.1,0.1,0.0,0.011,-1.6,-2.2,-3.9,-0.1,
393.0,Aaron Nesmith,25.0,IND,SF,8.0,7.0,156.0,15.2,0.73,0.378,0.356,2.9,16.2,9.7,5.3,1.2,1.2,8.8,15.9,0.4,0.1,0.5,0.157,0.4,0.0,0.4,0.1,
394.0,Antonio Reeves,24.0,NOP,SG,17.0,0.0,155.0,12.9,0.516,0.5,0.108,4.0,8.8,6.3,10.2,1.9,0.0,6.1,22.4,0.1,0.0,0.1,0.025,-0.4,-2.2,-2.6,0.0,
395.0,Gui Santos,22.0,GSW,PF,17.0,1.0,154.0,10.4,0.547,0.667,0.182,8.6,14.0,11.2,15.4,1.9,1.9,20.2,12.2,0.1,0.2,0.3,0.091,-3.0,0.7,-2.4,0.0,
396.0,DaQuan Jeffries,27.0,CHO,SG,8.0,0.0,152.0,13.1,0.642,0.444,0.089,4.1,12.4,8.1,5.1,1.6,3.3,11.4,14.6,0.2,0.1,0.3,0.099,-1.0,0.5,-0.5,0.1,
397.0,Josh Richardson,31.0,MIA,SG,8.0,0.0,150.0,4.4,0.402,0.579,0.105,4.4,4.3,4.4,10.7,2.6,0.6,16.8,14.1,-0.2,0.2,-0.1,-0.022,-7.2,0.3,-6.8,-0.2,
398.0,Bruno Fernando,26.0,TOR,C,17.0,2.0,147.0,15.6,0.552,0.0,0.163,15.5,22.7,19.1,17.7,1.3,6.0,21.0,19.0,0.1,0.1,0.2,0.068,-2.6,1.7,-0.9,0.0,
399.0,Elfrid Payton,30.0,NOP,PG,7.0,3.0,144.0,14.8,0.501,0.022,0.043,3.6,15.0,9.0,49.5,3.4,1.9,29.9,19.5,-0.1,0.1,0.0,0.014,-2.2,0.2,-2.0,0.0,
400.0,Isaiah Wong,24.0,CHO,SG,10.0,0.0,143.0,10.9,0.452,0.304,0.464,8.7,7.7,8.2,19.1,2.1,0.0,12.9,22.8,-0.1,0.1,0.0,0.009,-3.0,-1.1,-4.1,-0.1,
401.0,Tyler Kolek,23.0,NYK,PG,25.0,0.0,138.0,11.1,0.536,0.591,0.136,1.7,10.5,6.2,16.8,2.5,0.7,14.6,17.3,0.1,0.1,0.2,0.068,-2.9,0.2,-2.6,0.0,
402.0,Reece Beekman,23.0,2TM,PG,15.0,0.0,138.0,8.2,0.461,0.361,0.194,1.6,6.2,3.8,19.1,2.5,1.5,17.0,15.0,-0.1,0.1,0.0,-0.009,-4.5,0.1,-4.3,-0.1,
402.0,Reece Beekman,23.0,GSW,PG,2.0,0.0,4.0,42.8,1.0,0.0,0.0,25.5,0.0,13.1,41.5,12.1,0.0,0.0,10.5,0.0,0.0,0.0,0.597,9.9,15.9,25.8,0.0,
402.0,Reece Beekman,23.0,BRK,PG,13.0,0.0,134.0,7.1,0.446,0.371,0.2,0.8,6.3,3.5,18.5,2.2,1.5,17.4,15.1,-0.2,0.1,-0.1,-0.027,-4.9,-0.3,-5.2,-0.1,
403.0,Landry Shamet,27.0,NYK,SG,12.0,0.0,138.0,5.9,0.447,0.526,0.0,1.7,5.7,3.7,5.5,2.5,0.7,9.5,13.3,-0.1,0.1,0.0,-0.003,-4.8,0.4,-4.4,-0.1,
404.0,Jeff Green,38.0,HOU,PF,13.0,2.0,137.0,12.0,0.671,0.622,0.243,1.5,12.6,7.0,3.0,1.1,0.7,6.8,13.2,0.3,0.2,0.4,0.153,-1.7,-0.3,-2.0,0.0,
405.0,Enrique Freeman,24.0,IND,PF,18.0,1.0,135.0,6.0,0.521,0.24,0.52,4.3,10.6,7.5,6.4,0.7,1.4,14.0,11.5,0.0,0.1,0.1,0.021,-5.3,-1.6,-6.9,-0.2,
406.0,Jalen Pickett,25.0,DEN,SG,16.0,0.0,125.0,13.9,0.649,0.6,0.029,1.8,10.1,6.1,26.6,0.8,0.7,14.5,14.0,0.3,0.1,0.4,0.135,0.9,-0.6,0.3,0.1,
407.0,Kobe Bufkin,21.0,ATL,SG,10.0,0.0,124.0,10.6,0.483,0.404,0.383,4.2,14.1,9.0,18.5,1.1,1.5,12.7,20.7,0.0,0.1,0.1,0.021,-3.4,-0.6,-4.0,-0.1,
408.0,Jevon Carter,29.0,CHI,PG,19.0,0.0,123.0,13.9,0.592,0.667,0.167,1.7,10.8,6.3,15.6,1.9,0.7,12.0,19.8,0.1,0.1,0.2,0.071,0.0,-1.3,-1.2,0.0,
409.0,Colby Jones,22.0,SAC,SG,23.0,0.0,122.0,7.6,0.52,0.36,0.0,5.4,12.7,9.1,5.1,2.0,4.9,21.9,11.2,-0.1,0.2,0.1,0.031,-4.6,0.8,-3.7,-0.1,
410.0,De'Anthony Melton,26.0,GSW,SG,6.0,2.0,121.0,13.6,0.539,0.648,0.148,5.1,12.5,8.7,21.0,2.8,1.6,14.8,23.4,0.0,0.2,0.2,0.077,-1.4,0.5,-0.9,0.0,
411.0,Duop Reath,28.0,POR,C,20.0,0.0,121.0,8.9,0.516,0.744,0.186,7.0,10.2,8.5,7.1,0.0,1.5,7.9,17.5,0.1,0.0,0.1,0.027,-1.9,-2.9,-4.7,-0.1,
412.0,Cam Spencer,24.0,MEM,SG,10.0,0.0,121.0,11.4,0.589,0.533,0.3,4.5,10.2,7.4,15.8,1.1,0.8,12.8,12.8,0.2,0.1,0.3,0.133,-1.5,0.3,-1.2,0.0,
413.0,Ariel Hukporti,22.0,NYK,C,15.0,0.0,118.0,7.6,0.615,0.0,0.5,5.0,21.8,13.6,6.3,0.0,8.8,36.0,11.3,-0.1,0.1,0.0,0.011,-6.2,1.5,-4.8,-0.1,
414.0,Tristan Thompson,33.0,CLE,PF,17.0,0.0,116.0,11.0,0.476,0.029,0.457,9.7,30.4,20.3,6.7,0.0,3.9,12.5,17.8,-0.1,0.2,0.1,0.039,-4.7,-1.2,-5.9,-0.1,
415.0,Torrey Craig,34.0,CHI,SF,9.0,1.0,113.0,17.3,0.663,0.778,0.089,7.5,15.4,11.5,6.3,0.8,0.8,0.0,17.3,0.3,0.1,0.4,0.167,3.4,-1.4,2.1,0.1,
416.0,Zeke Nnaji,24.0,DEN,PF,25.0,0.0,111.0,4.3,0.455,0.29,0.226,2.1,7.6,4.9,4.5,0.4,1.6,10.5,14.5,-0.1,0.0,-0.1,-0.034,-6.4,-2.2,-8.6,-0.2,
417.0,Kawhi Leonard,33.0,LAC,SF,5.0,5.0,109.0,18.2,0.572,0.309,0.182,3.1,10.1,6.6,12.5,2.7,0.0,7.8,25.5,0.1,0.2,0.3,0.123,0.3,0.7,1.1,0.1,
418.0,Drew Peterson,25.0,BOS,PF,11.0,0.0,109.0,12.6,0.698,0.773,0.318,4.9,18.0,11.4,9.7,0.9,1.7,16.6,11.9,0.2,0.1,0.3,0.147,-0.5,1.5,1.0,0.1,
419.0,Pat Spencer,28.0,GSW,PG,16.0,0.0,108.0,15.4,0.483,0.189,0.27,6.6,13.0,9.7,31.6,3.6,1.8,17.9,19.6,0.0,0.2,0.2,0.092,-1.2,2.9,1.7,0.1,
420.0,Devin Carter,22.0,SAC,PG,7.0,0.0,94.0,10.9,0.443,0.559,0.294,4.7,26.0,15.3,15.2,0.5,3.1,7.2,18.8,0.0,0.1,0.1,0.05,-2.8,-0.3,-3.1,0.0,
421.0,Jae Crowder,34.0,SAC,SF,7.0,2.0,92.0,6.7,0.509,0.706,0.353,7.2,13.3,10.2,5.3,1.6,0.0,16.9,11.0,0.0,0.1,0.1,0.045,-3.9,-0.4,-4.4,-0.1,
422.0,Kobe Brown,25.0,LAC,PF,12.0,0.0,91.0,16.0,0.575,0.273,0.121,8.6,25.4,17.1,10.2,1.1,0.0,5.4,17.4,0.2,0.1,0.3,0.162,0.4,0.0,0.4,0.1,
423.0,MarJon Beauchamp,24.0,MIL,SF,20.0,0.0,88.0,7.6,0.519,0.459,0.27,5.1,20.2,12.9,3.3,1.1,1.1,22.5,26.5,-0.3,0.1,-0.2,-0.085,-6.0,-2.8,-8.7,-0.1,
424.0,Isaiah Jackson,23.0,IND,C,5.0,1.0,84.0,18.6,0.6,0.0,0.609,15.1,22.2,18.7,8.2,1.7,8.9,14.6,17.6,0.1,0.1,0.3,0.151,-1.0,1.6,0.6,0.1,
425.0,Pacome Dadiet,19.0,NYK,SG,13.0,0.0,83.0,6.5,0.455,0.7,0.1,0.0,17.5,9.0,7.3,0.6,2.3,4.6,11.5,0.0,0.1,0.1,0.034,-4.0,-1.2,-5.2,-0.1,
426.0,Branden Carlson,25.0,OKC,C,13.0,0.0,81.0,17.9,0.599,0.767,0.067,6.7,23.3,15.1,9.9,1.2,6.3,6.1,17.4,0.2,0.2,0.4,0.211,1.7,1.4,3.2,0.1,
427.0,Patrick Baldwin Jr.,22.0,WAS,SF,19.0,0.0,79.0,16.5,0.713,0.63,0.148,5.2,14.6,9.9,2.0,1.2,2.3,9.4,16.7,0.1,0.0,0.2,0.092,2.7,-2.0,0.8,0.1,
428.0,Brandon Williams,25.0,DAL,PG,12.0,0.0,75.0,9.8,0.531,0.333,0.367,2.9,8.4,5.8,11.4,0.6,0.0,14.7,23.2,0.0,0.0,0.0,0.001,-3.4,-2.0,-5.4,-0.1,
429.0,Taylor Hendricks,21.0,UTA,PF,3.0,3.0,75.0,7.3,0.354,0.667,0.222,7.5,14.4,11.0,3.5,3.2,5.0,9.2,12.2,-0.1,0.1,0.0,-0.001,-4.4,1.2,-3.2,0.0,
430.0,Chris Duarte,27.0,CHI,SG,16.0,0.0,73.0,16.9,0.631,0.56,0.32,7.2,21.0,14.2,14.9,0.0,0.0,3.4,16.9,0.2,0.0,0.3,0.173,2.4,-1.3,1.1,0.1,
431.0,Jaden Springer,22.0,BOS,SG,18.0,0.0,70.0,9.8,0.466,0.286,1.214,6.1,15.5,10.8,10.7,2.8,0.0,8.5,14.5,0.1,0.1,0.2,0.109,-6.7,2.1,-4.6,0.0,
432.0,Elijah Harkless,24.0,UTA,SG,4.0,0.0,67.0,4.4,0.381,0.786,0.286,3.3,11.3,7.4,5.9,3.6,0.0,11.3,11.2,-0.1,0.0,0.0,-0.022,-8.8,0.7,-8.0,-0.1,
433.0,Trey Alexander,21.0,DEN,SG,14.0,0.0,62.0,1.9,0.318,0.5,0.111,0.0,6.8,3.5,11.2,0.8,1.4,5.0,13.6,-0.1,0.0,-0.1,-0.055,-7.0,-1.4,-8.4,-0.1,
434.0,Armel Traoré,22.0,LAL,SF,8.0,0.0,61.0,2.9,0.285,0.389,0.389,1.9,24.1,13.1,2.2,3.2,3.0,8.7,16.7,-0.2,0.1,-0.2,-0.12,-10.2,-0.6,-10.8,-0.1,
435.0,Richaun Holmes,31.0,WAS,PF,7.0,0.0,60.0,11.3,0.469,0.059,0.294,12.0,22.7,17.3,2.3,0.0,6.1,9.4,14.7,0.0,0.0,0.0,0.02,-4.0,-1.5,-5.5,-0.1,
436.0,Orlando Robinson,24.0,SAC,C,9.0,0.0,57.0,12.2,0.473,0.294,0.412,5.8,21.4,13.6,20.6,2.5,1.7,16.6,18.0,0.0,0.1,0.1,0.057,-4.0,1.2,-2.9,0.0,
437.0,Liam Robbins,25.0,MIL,C,13.0,0.0,57.0,2.7,0.363,0.25,1.25,13.8,9.2,11.4,4.2,1.7,3.3,32.6,14.1,-0.1,0.1,-0.1,-0.06,-9.4,-1.4,-10.8,-0.1,
438.0,Matt Ryan,27.0,NYK,SF,14.0,0.0,56.0,5.6,0.483,0.64,0.08,0.0,10.0,5.1,0.0,0.9,0.0,10.4,22.6,-0.1,0.0,-0.1,-0.069,-5.1,-3.6,-8.6,-0.1,
439.0,Yuki Kawamura,23.0,MEM,PG,17.0,0.0,56.0,9.5,0.508,0.714,0.286,0.0,11.0,5.6,26.8,0.8,0.0,14.5,19.6,0.0,0.1,0.1,0.072,-3.8,-1.0,-4.7,0.0,
440.0,Jazian Gortman,21.0,DAL,PG,15.0,0.0,55.0,6.9,0.485,0.478,0.174,2.0,7.7,4.9,15.4,1.8,1.6,16.8,23.1,-0.1,0.0,0.0,-0.035,-5.3,-0.8,-6.2,-0.1,
441.0,Bol Bol,25.0,PHO,PF,9.0,0.0,54.0,18.7,0.659,0.4,0.4,10.6,15.9,13.3,3.0,0.0,3.4,11.3,21.7,0.1,0.0,0.1,0.103,1.9,-3.2,-1.3,0.0,
442.0,Adam Flagler,25.0,OKC,SG,14.0,0.0,54.0,-3.8,0.242,0.903,0.0,6.0,9.7,7.9,0.0,1.8,1.9,3.1,25.3,-0.3,0.1,-0.2,-0.207,-12.2,-4.9,-17.1,-0.2,
443.0,Keshad Johnson,23.0,MIA,SF,9.0,0.0,53.0,11.2,0.595,0.4,0.4,2.1,28.3,15.4,8.0,0.9,7.2,20.3,12.3,0.0,0.1,0.1,0.069,-4.2,1.2,-3.0,0.0,
444.0,Garrett Temple,38.0,TOR,SG,13.0,0.0,53.0,8.8,0.383,0.5,0.4,4.1,16.8,10.4,20.4,4.6,1.8,25.4,12.5,-0.1,0.1,0.0,0.014,-4.9,3.5,-1.3,0.0,
445.0,Luka Garza,26.0,MIN,C,12.0,0.0,52.0,20.0,0.619,0.286,0.286,8.8,14.5,11.7,3.8,1.0,0.0,8.7,29.1,0.1,0.1,0.1,0.112,-0.5,-1.8,-2.3,0.0,
446.0,Pete Nance,24.0,PHI,PF,4.0,0.0,52.0,7.1,0.504,0.857,0.143,2.1,16.5,9.0,8.3,1.0,0.0,0.0,12.6,0.0,0.0,0.1,0.065,-3.6,-1.2,-4.8,0.0,
447.0,Karlo Matković,23.0,NOP,PF,7.0,0.0,49.0,10.6,0.444,0.111,0.0,14.7,18.5,16.5,2.7,4.0,9.5,35.7,12.0,-0.1,0.1,0.0,-0.008,-7.4,0.8,-6.5,-0.1,
448.0,Damion Lee,32.0,PHO,SG,8.0,0.0,48.0,6.1,0.387,0.571,0.381,2.4,11.2,6.9,14.2,2.1,0.0,10.9,25.3,-0.1,0.0,-0.1,-0.102,-6.7,-1.5,-8.2,-0.1,
449.0,Stanley Umude,25.0,MIL,SG,15.0,0.0,48.0,2.8,0.216,0.615,0.154,7.0,21.8,14.7,5.0,2.0,4.0,6.7,13.5,-0.2,0.1,-0.1,-0.069,-7.5,-0.2,-7.7,-0.1,
450.0,Moses Brown,25.0,IND,C,9.0,0.0,46.0,16.5,0.653,0.0,0.25,10.0,21.5,15.9,0.0,2.1,2.0,21.3,26.6,0.0,0.1,0.0,0.02,-3.9,-1.6,-5.5,0.0,
451.0,Colin Castleton,24.0,MEM,C,10.0,0.0,46.0,7.3,0.472,0.4,1.1,7.0,13.4,10.3,0.0,1.0,2.0,6.3,13.7,0.0,0.1,0.1,0.083,-6.1,-1.1,-7.2,-0.1,
452.0,Oscar Tshiebwe,25.0,UTA,PF,3.0,0.0,46.0,17.0,0.735,0.0,1.333,12.2,35.2,23.9,0.0,4.2,0.0,9.5,9.6,0.1,0.1,0.2,0.209,-3.9,0.8,-3.1,0.0,
453.0,Vince Williams Jr.,24.0,MEM,SG,3.0,0.0,45.0,3.8,0.385,0.421,0.211,9.6,16.0,12.9,25.4,0.0,4.1,25.2,24.5,-0.2,0.1,-0.1,-0.106,-7.0,-0.1,-7.1,-0.1,
454.0,Terrence Shannon Jr.,24.0,MIN,SG,10.0,0.0,45.0,10.7,0.577,0.231,0.0,0.0,4.8,2.5,16.8,2.2,2.1,18.8,15.6,0.0,0.0,0.0,0.05,-3.6,0.9,-2.7,0.0,
455.0,Sidy Cissoko,20.0,SAS,SF,14.0,0.0,44.0,13.1,0.567,0.4,0.267,4.9,16.6,10.8,20.8,0.0,0.0,5.6,17.3,0.1,0.0,0.1,0.092,0.3,-0.6,-0.3,0.0,
456.0,Luke Travers,23.0,CLE,SG,6.0,0.0,42.0,7.9,0.508,0.429,0.286,2.7,12.7,7.8,13.8,1.1,2.1,20.2,10.1,0.0,0.0,0.1,0.064,-5.2,-0.5,-5.6,0.0,
457.0,Dariq Whitehead,20.0,BRK,SF,7.0,0.0,41.0,15.7,0.667,0.889,0.0,0.0,8.9,4.3,4.1,3.6,2.5,14.3,22.5,0.0,0.0,0.0,0.045,3.2,0.5,3.7,0.1,
458.0,Jacob Toppin,24.0,NYK,SF,13.0,0.0,40.0,5.0,0.333,0.222,0.0,5.9,19.6,12.9,12.2,1.2,0.0,18.2,12.0,-0.1,0.0,0.0,-0.029,-5.5,-0.7,-6.2,0.0,
459.0,Tyler Smith,20.0,MIL,PF,11.0,0.0,38.0,18.6,0.739,0.571,0.143,3.0,24.7,14.2,4.2,0.0,7.5,16.8,20.5,0.0,0.1,0.1,0.123,1.5,1.7,3.2,0.1,
460.0,Baylor Scheierman,24.0,BOS,SG,6.0,0.0,38.0,0.5,0.168,0.636,0.182,5.6,22.9,14.2,6.3,1.3,0.0,0.0,13.5,-0.1,0.1,-0.1,-0.084,-9.8,-1.0,-10.8,-0.1,
461.0,PJ Dozier,28.0,MIN,SG,9.0,0.0,35.0,9.7,0.621,1.0,2.0,3.3,12.3,7.9,18.8,1.4,0.0,15.1,8.3,0.0,0.0,0.1,0.109,-2.2,2.3,0.1,0.0,
462.0,Joe Ingles,37.0,MIN,SF,9.0,0.0,35.0,2.7,0.0,0.667,0.0,6.5,0.0,3.2,31.5,0.0,0.0,25.0,5.0,0.0,0.0,0.0,0.033,-5.2,-0.1,-5.4,0.0,
463.0,Vlatko Čančar,27.0,DEN,PF,4.0,0.0,34.0,7.7,0.643,0.286,0.0,10.1,15.4,12.9,0.0,0.0,2.6,22.2,11.2,0.0,0.0,0.0,0.039,-5.1,-1.7,-6.8,0.0,
464.0,JT Thor,22.0,CLE,PF,7.0,0.0,33.0,30.8,0.902,0.333,0.667,10.2,9.7,10.0,0.0,2.9,8.2,20.5,25.4,0.1,0.1,0.2,0.276,5.9,2.7,8.6,0.1,
465.0,D.J. Carton,24.0,TOR,SG,4.0,0.0,33.0,-2.6,0.202,0.429,0.143,0.0,13.5,6.7,10.8,2.9,0.0,35.0,14.6,-0.2,0.0,-0.2,-0.222,-10.0,-1.3,-11.3,-0.1,
466.0,E.J. Liddell,24.0,CHI,PF,6.0,0.0,31.0,15.4,0.845,0.75,0.25,3.4,13.2,8.4,13.1,1.5,2.8,18.4,14.6,0.1,0.0,0.1,0.173,-0.1,0.7,0.6,0.0,
467.0,Alex Ducas,24.0,OKC,SG,9.0,0.0,31.0,10.6,0.667,0.889,0.0,3.5,6.8,5.2,4.2,1.6,0.0,10.0,13.8,0.0,0.0,0.1,0.132,-0.7,0.5,-0.3,0.0,
468.0,Dominick Barlow,21.0,ATL,SF,7.0,0.0,30.0,3.8,0.381,0.286,0.286,0.0,14.6,7.1,4.1,1.5,0.0,0.0,10.7,0.0,0.0,0.0,-0.009,-6.3,-1.3,-7.6,0.0,
469.0,Maxwell Lewis,22.0,2TM,SF,8.0,0.0,30.0,6.1,0.5,0.143,0.0,7.6,0.0,3.8,8.6,1.6,0.0,22.2,13.2,0.0,0.0,0.0,-0.012,-4.0,-2.9,-6.9,0.0,
469.0,Maxwell Lewis,22.0,LAL,SF,7.0,0.0,29.0,2.3,0.333,0.0,0.0,7.9,0.0,3.9,8.9,1.7,0.0,25.0,12.2,-0.1,0.0,-0.1,-0.098,-6.6,-3.4,-10.0,-0.1,
469.0,Maxwell Lewis,22.0,BRK,SF,1.0,0.0,1.0,118.3,1.5,1.0,0.0,0.0,0.0,0.0,0.0,0.0,0.0,0.0,44.0,0.1,0.0,0.1,2.473,72.4,10.5,83.0,0.0,
470.0,TyTy Washington Jr.,23.0,PHO,PG,4.0,0.0,28.0,13.5,0.667,0.5,0.0,0.0,3.8,2.0,19.5,3.5,0.0,14.3,11.0,0.0,0.0,0.1,0.105,-0.2,1.7,1.5,0.0,
471.0,James Johnson,37.0,IND,PF,8.0,0.0,27.0,4.1,0.538,0.143,0.143,0.0,16.3,8.3,14.9,0.0,6.9,35.0,18.4,-0.1,0.0,-0.1,-0.11,-7.7,1.2,-6.6,0.0,
472.0,Kessler Edwards,24.0,DAL,SF,12.0,0.0,26.0,-9.2,0.0,0.667,0.0,0.0,8.1,4.1,4.4,0.0,3.4,14.3,11.5,-0.1,0.0,-0.1,-0.243,-13.8,-3.1,-16.9,-0.1,
473.0,Daeqwon Plowden,26.0,ATL,SG,1.0,0.0,25.0,26.6,1.188,0.75,0.0,12.5,4.4,8.5,0.0,0.0,0.0,11.1,14.7,0.1,0.0,0.1,0.188,8.4,1.6,10.0,0.1,
474.0,Markieff Morris,35.0,DAL,PF,5.0,0.0,25.0,3.9,0.357,0.5,0.0,0.0,25.3,12.9,16.8,0.0,3.5,12.5,27.3,-0.1,0.0,-0.1,-0.151,-6.2,-1.7,-7.9,0.0,
475.0,JD Davison,22.0,BOS,PG,5.0,0.0,24.0,-4.5,0.51,0.6,0.4,0.0,9.1,4.5,5.4,2.1,0.0,50.5,21.4,-0.2,0.0,-0.1,-0.274,-12.3,-2.3,-14.5,-0.1,
476.0,Bronny James,20.0,LAL,SG,10.0,0.0,23.0,1.6,0.202,0.444,0.222,5.0,0.0,2.5,16.3,2.1,4.0,0.0,18.9,-0.1,0.0,-0.1,-0.154,-8.3,-2.0,-10.3,0.0,
477.0,Josh Christopher,23.0,MIA,SG,6.0,0.0,22.0,1.0,0.425,0.2,0.4,0.0,9.7,5.0,25.0,0.0,4.3,40.5,19.8,-0.1,0.0,-0.1,-0.18,-9.9,-4.0,-13.9,-0.1,
478.0,Jeenathan Williams,25.0,HOU,SG,6.0,0.0,21.0,32.1,0.889,0.444,0.0,0.0,15.5,7.6,8.8,4.6,4.4,10.0,19.6,0.1,0.1,0.1,0.318,7.0,6.3,13.3,0.1,
479.0,Jack McVeigh,28.0,HOU,PF,6.0,0.0,21.0,4.4,0.364,0.727,0.0,4.9,15.5,10.1,6.5,0.0,4.4,8.3,23.5,-0.1,0.0,0.0,-0.062,-5.0,-2.7,-7.7,0.0,
480.0,Adama Sanogo,22.0,CHI,C,4.0,0.0,21.0,15.3,0.571,0.0,0.0,25.2,4.9,14.8,6.7,0.0,0.0,12.5,15.9,0.0,0.0,0.0,0.102,0.8,-3.6,-2.8,0.0,
481.0,Malevy Leons,25.0,OKC,SF,6.0,0.0,21.0,-2.3,0.266,0.5,2.0,5.2,10.0,7.6,5.3,0.0,0.0,21.0,9.7,0.0,0.0,0.0,-0.042,-10.6,-1.8,-12.4,-0.1,
482.0,Taze Moore,26.0,POR,SG,2.0,0.0,20.0,7.1,0.276,0.4,0.2,21.2,22.4,21.8,6.8,4.8,0.0,15.5,26.9,-0.1,0.0,-0.1,-0.175,-3.8,-0.9,-4.7,0.0,
483.0,Ulrich Chomche,19.0,TOR,PF,5.0,0.0,19.0,3.9,0.667,0.0,0.0,11.4,11.7,11.6,6.9,0.0,0.0,40.0,11.0,0.0,0.0,0.0,-0.04,-7.5,-3.0,-10.4,0.0,
484.0,Cam Christie,19.0,LAC,SG,2.0,0.0,18.0,7.7,0.381,0.571,0.286,6.2,12.2,9.3,0.0,5.4,0.0,11.3,21.3,-0.1,0.0,0.0,-0.041,-4.0,3.7,-0.3,0.0,
485.0,PJ Hall,22.0,DEN,C,8.0,0.0,18.0,5.5,0.425,0.4,0.4,0.0,29.2,15.2,6.8,0.0,5.0,14.5,16.2,0.0,0.0,0.0,-0.036,-8.7,-0.6,-9.3,0.0,
486.0,Chris Livingston,21.0,MIL,SF,7.0,0.0,18.0,4.9,0.5,0.0,0.0,12.5,29.0,21.1,6.8,2.7,0.0,60.0,12.1,-0.1,0.0,0.0,-0.057,-5.9,0.4,-5.5,0.0,
487.0,Lester Quiñones,24.0,PHI,SG,4.0,0.0,17.0,8.6,0.533,0.375,0.125,19.6,7.2,13.7,10.6,0.0,0.0,32.2,32.3,-0.1,0.0,-0.1,-0.19,-3.6,-6.9,-10.5,0.0,
488.0,Jalen Bridges,23.0,PHO,SF,4.0,0.0,17.0,-9.1,0.129,1.0,0.667,0.0,18.9,9.7,0.0,0.0,0.0,34.0,15.3,-0.1,0.0,-0.1,-0.335,-14.8,-5.4,-20.3,-0.1,
489.0,Justin Minaya,25.0,POR,SF,5.0,0.0,16.0,7.0,0.0,0.0,0.0,13.2,7.0,10.2,15.0,3.0,0.0,0.0,2.6,0.0,0.0,0.0,0.069,-5.8,1.0,-4.8,0.0,
490.0,Trentyn Flowers,19.0,LAC,SF,1.0,0.0,14.0,9.1,0.477,0.222,0.111,8.0,23.6,15.9,0.0,0.0,0.0,9.6,32.2,0.0,0.0,0.0,-0.048,-5.1,-0.4,-5.5,0.0,
491.0,A.J. Lawson,24.0,TOR,SG,3.0,0.0,14.0,16.7,0.571,0.714,0.286,7.8,15.9,11.8,0.0,0.0,0.0,0.0,23.6,0.0,0.0,0.0,0.08,4.5,-4.3,0.2,0.0,
492.0,Jalen Hood-Schifino,21.0,LAL,SG,2.0,0.0,14.0,11.7,1.064,0.0,2.0,8.2,0.0,4.1,9.3,0.0,6.5,34.7,9.1,0.0,0.0,0.0,0.143,-3.9,1.3,-2.6,0.0,
493.0,Quinten Post,24.0,GSW,PF,3.0,0.0,13.0,16.4,0.538,0.571,0.143,7.8,0.0,4.0,12.4,0.0,0.0,0.0,24.0,0.0,0.0,0.0,0.118,5.0,-1.3,3.7,0.0,
494.0,Spencer Jones,23.0,DEN,SF,5.0,0.0,13.0,2.3,0.25,0.75,0.0,0.0,24.2,12.6,0.0,7.3,0.0,20.0,16.3,-0.1,0.0,0.0,-0.126,-13.5,2.4,-11.1,0.0,
495.0,Daishen Nix,22.0,MIN,PG,3.0,0.0,13.0,-7.1,0.266,1.0,2.0,0.0,33.2,17.1,28.2,0.0,0.0,68.0,19.8,-0.1,0.0,-0.1,-0.327,-15.2,-1.5,-16.7,0.0,
496.0,Mason Jones,26.0,SAC,SG,3.0,0.0,13.0,14.8,0.0,1.0,0.0,8.5,25.6,17.0,60.6,0.0,0.0,0.0,6.6,0.0,0.0,0.0,0.146,2.9,1.5,4.4,0.0,
497.0,Cole Swider,25.0,DET,SF,2.0,0.0,13.0,-11.2,0.0,1.0,0.0,0.0,17.1,8.6,9.0,0.0,0.0,0.0,16.4,-0.1,0.0,-0.1,-0.33,-14.7,-6.0,-20.7,-0.1,
498.0,Jared Rhoden,25.0,CHO,SG,4.0,0.0,12.0,5.5,0.25,0.25,0.0,17.3,18.4,17.9,26.3,4.1,0.0,11.1,31.6,-0.1,0.0,-0.1,-0.205,-7.3,-1.4,-8.7,0.0,
499.0,AJ Johnson,20.0,MIL,SG,5.0,0.0,11.0,9.8,0.583,0.167,0.0,0.0,19.0,9.8,15.3,0.0,0.0,25.0,31.7,0.0,0.0,0.0,-0.123,-5.5,-4.9,-10.4,0.0,
500.0,Bryce McGowens,22.0,POR,SG,4.0,0.0,11.0,13.1,0.551,0.4,0.2,9.6,0.0,4.9,16.2,0.0,0.0,15.5,24.5,0.0,0.0,0.0,-0.05,0.9,-4.2,-3.3,0.0,
501.0,Mouhamed Gueye,22.0,ATL,PF,2.0,0.0,11.0,-5.7,0.25,0.5,0.0,0.0,19.9,9.7,0.0,0.0,0.0,20.0,18.5,-0.1,0.0,-0.1,-0.27,-10.9,-4.6,-15.5,0.0,
502.0,Cui Yongxi,21.0,BRK,SG,5.0,0.0,10.0,-10.8,0.19,0.429,0.286,0.0,24.3,11.7,0.0,0.0,0.0,0.0,34.6,-0.1,0.0,-0.1,-0.494,-16.8,-8.6,-25.4,-0.1,
503.0,Quincy Olivari,23.0,LAL,PG,2.0,0.0,10.0,-5.2,0.3,1.0,0.0,0.0,0.0,0.0,13.5,0.0,0.0,16.7,26.5,-0.1,0.0,-0.1,-0.32,-10.4,-9.1,-19.5,0.0,
504.0,Tristan Vukcevic,21.0,WAS,C,4.0,0.0,10.0,0.5,0.25,0.75,0.0,10.3,0.0,5.2,0.0,0.0,9.1,0.0,16.6,0.0,0.0,0.0,-0.159,-12.0,-3.4,-15.4,0.0,
505.0,Tristen Newton,23.0,2TM,SG,6.0,0.0,9.0,-14.0,0.233,0.5,0.167,0.0,11.1,6.2,14.5,0.0,0.0,13.4,35.8,-0.1,0.0,-0.1,-0.474,-22.3,-8.9,-31.2,-0.1,
505.0,Tristen Newton,23.0,IND,SG,5.0,0.0,8.0,-15.4,0.233,0.5,0.167,0.0,0.0,0.0,16.3,0.0,0.0,13.4,40.3,-0.1,0.0,-0.1,-0.559,-22.0,-11.1,-33.1,-0.1,
505.0,Tristen Newton,23.0,MIN,SG,1.0,0.0,1.0,-2.7,,,,0.0,100.0,55.5,0.0,0.0,0.0,,0.0,0.0,0.0,0.0,0.203,-24.9,8.5,-16.3,0.0,
506.0,Isaiah Crawford,23.0,SAC,SF,3.0,0.0,9.0,6.4,0.5,0.0,0.0,0.0,37.0,18.4,0.0,0.0,0.0,0.0,9.5,0.0,0.0,0.0,0.047,-7.3,-0.3,-7.6,0.0,
507.0,David Duke Jr.,25.0,SAS,SG,1.0,0.0,8.0,3.0,0.307,0.25,0.5,0.0,0.0,0.0,35.1,0.0,0.0,0.0,26.1,0.0,0.0,0.0,-0.12,-7.0,-4.7,-11.7,0.0,
508.0,Daniss Jenkins,23.0,DET,PG,3.0,0.0,8.0,-26.6,0.0,1.0,0.0,0.0,0.0,0.0,0.0,0.0,0.0,20.0,26.6,-0.1,0.0,-0.1,-0.676,-27.1,-12.1,-39.2,-0.1,
509.0,Harrison Ingram,22.0,SAS,SF,1.0,0.0,7.0,-5.7,0.0,0.0,0.0,0.0,14.9,7.6,0.0,0.0,0.0,0.0,6.1,0.0,0.0,0.0,-0.127,-11.8,-3.8,-15.6,0.0,
510.0,Riley Minix,24.0,SAS,SF,1.0,0.0,7.0,-1.8,0.0,1.0,0.0,0.0,29.8,15.1,0.0,0.0,0.0,0.0,6.1,0.0,0.0,0.0,-0.103,-8.6,-3.3,-11.9,0.0,
511.0,Leonard Miller,21.0,MIN,SF,3.0,0.0,6.0,8.9,0.347,0.5,1.0,19.0,36.0,27.7,0.0,8.3,0.0,25.8,28.3,0.0,0.0,0.0,-0.075,-11.2,2.3,-8.9,0.0,
512.0,Jaylen Clark,23.0,MIN,SG,3.0,0.0,6.0,-8.8,0.0,0.5,0.0,19.0,0.0,9.2,0.0,0.0,0.0,0.0,14.6,0.0,0.0,0.0,-0.248,-15.6,-7.5,-23.2,0.0,
513.0,James Wiseman,23.0,IND,C,1.0,0.0,5.0,32.0,0.615,0.25,0.5,0.0,22.0,11.2,0.0,0.0,0.0,0.0,42.3,0.0,0.0,0.0,0.242,5.9,-4.8,1.1,0.0,
514.0,Jaylen Martin,21.0,BRK,SF,3.0,0.0,5.0,13.0,0.75,0.5,0.0,0.0,0.0,0.0,0.0,0.0,0.0,0.0,17.6,0.0,0.0,0.0,0.104,4.2,-1.0,3.2,0.0,
515.0,Mac McClung,26.0,ORL,SG,1.0,0.0,5.0,14.7,,,,0.0,24.8,11.6,51.0,0.0,0.0,,0.0,0.0,0.0,0.0,0.215,2.2,4.2,6.4,0.0,
516.0,Alondes Williams,25.0,DET,SG,1.0,0.0,4.0,54.9,1.25,0.5,0.0,0.0,0.0,0.0,69.7,0.0,0.0,0.0,21.3,0.0,0.0,0.0,0.571,37.9,6.1,43.9,0.0,
517.0,RayJ Dennis,23.0,IND,PG,3.0,0.0,4.0,6.8,0.532,1.0,2.0,0.0,0.0,0.0,0.0,12.1,0.0,34.7,31.2,0.0,0.0,0.0,-0.106,-14.1,6.2,-7.9,0.0,
518.0,Bobi Klintman,21.0,DET,SF,1.0,0.0,4.0,-1.3,,,,0.0,55.6,27.8,0.0,0.0,0.0,,0.0,0.0,0.0,0.0,0.082,-15.8,1.4,-14.4,0.0,
519.0,Collin Gillespie,25.0,PHO,PG,1.0,0.0,3.0,26.6,0.75,0.5,0.0,0.0,0.0,0.0,0.0,0.0,0.0,0.0,29.4,0.0,0.0,0.0,0.134,11.4,-0.1,11.3,0.0,
520.0,Alex Reese,25.0,OKC,PF,1.0,0.0,2.0,54.5,1.0,0.0,0.0,54.1,0.0,26.7,0.0,0.0,0.0,0.0,21.4,0.0,0.0,0.0,0.609,23.0,-3.7,19.3,0.0,
,League Average,,,,,,,,0.574,0.423,0.244,5.0,15.0,10.0,16.3,1.7,2.0,12.4,19.9,,,,,,,,,
