Rank,Player,Age,Team,Pos,G,GS,MP,FG,FGA,FG%,3P,3PA,3P%,2P,2PA,2P%,eFG%,FT,FTA,FT%,ORB,DRB,TRB,AST,STL,BLK,TOV,PF,PTS,Trp-Dbl,Awards
1.0,Shai Gilgeous-Alexander,26.0,OKC,PG,41.0,41.0,1399.0,456.0,857.0,0.532,82.0,234.0,0.35,374.0,623.0,0.6,0.58,297.0,330.0,0.9,34.0,185.0,219.0,251.0,85.0,45.0,110.0,88.0,1291.0,0.0,
2.0,Giannis Antetokounmpo,30.0,MIL,PF,35.0,35.0,1221.0,439.0,726.0,0.605,4.0,26.0,0.154,435.0,700.0,0.621,0.607,220.0,375.0,0.587,77.0,342.0,419.0,211.0,27.0,48.0,124.0,83.0,1102.0,5.0,
3.0,Anthony Edwards,23.0,MIN,SG,42.0,42.0,1542.0,378.0,852.0,0.444,179.0,417.0,0.429,199.0,435.0,0.457,0.549,163.0,193.0,0.845,30.0,215.0,245.0,179.0,51.0,23.0,140.0,81.0,1098.0,0.0,
4.0,Jalen Brunson,28.0,NYK,PG,42.0,42.0,1478.0,374.0,773.0,0.484,98.0,252.0,0.389,276.0,521.0,0.53,0.547,245.0,296.0,0.828,19.0,107.0,126.0,312.0,37.0,2.0,101.0,92.0,1091.0,0.0,
5.0,Nikola Jokić,29.0,DEN,C,36.0,36.0,1317.0,412.0,735.0,0.561,74.0,157.0,0.471,338.0,578.0,0.585,0.611,187.0,232.0,0.806,122.0,352.0,474.0,355.0,66.0,22.0,111.0,74.0,1085.0,18.0,
6.0,Jayson Tatum,26.0,BOS,PF,39.0,39.0,1424.0,361.0,787.0,0.459,143.0,400.0,0.358,218.0,387.0,0.563,0.55,214.0,268.0,0.799,25.0,336.0,361.0,210.0,51.0,19.0,108.0,92.0,1079.0,1.0,
7.0,De'Aaron Fox,27.0,SAC,PG,39.0,39.0,1450.0,373.0,778.0,0.479,79.0,246.0,0.321,294.0,532.0,0.553,0.53,185.0,227.0,0.815,43.0,158.0,201.0,245.0,63.0,17.0,126.0,104.0,1010.0,0.0,
8.0,Tyler Herro,25.0,MIA,SG,41.0,41.0,1448.0,342.0,715.0,0.478,160.0,393.0,0.407,182.0,322.0,0.565,0.59,142.0,164.0,0.866,13.0,220.0,233.0,207.0,29.0,4.0,97.0,58.0,986.0,0.0,
9.0,Karl-Anthony Towns,29.0,NYK,C,38.0,38.0,1318.0,344.0,625.0,0.55,83.0,185.0,0.449,261.0,440.0,0.593,0.617,194.0,232.0,0.836,114.0,416.0,530.0,125.0,37.0,31.0,100.0,136.0,965.0,0.0,
10.0,Anthony Davis,31.0,LAL,C,37.0,37.0,1294.0,345.0,664.0,0.52,27.0,85.0,0.318,318.0,579.0,0.549,0.54,229.0,292.0,0.784,100.0,337.0,437.0,128.0,48.0,80.0,84.0,72.0,946.0,0.0,
11.0,Devin Booker,28.0,PHO,SG,36.0,36.0,1328.0,299.0,678.0,0.441,98.0,283.0,0.346,201.0,395.0,0.509,0.513,232.0,259.0,0.896,38.0,105.0,143.0,241.0,44.0,10.0,86.0,79.0,928.0,0.0,
12.0,Cade Cunningham,23.0,DET,PG,38.0,38.0,1353.0,346.0,769.0,0.45,91.0,247.0,0.368,255.0,522.0,0.489,0.509,140.0,174.0,0.805,35.0,211.0,246.0,357.0,35.0,31.0,167.0,107.0,923.0,7.0,
13.0,Jaren Jackson Jr.,25.0,MEM,C,40.0,40.0,1171.0,329.0,671.0,0.49,72.0,209.0,0.344,257.0,462.0,0.556,0.544,173.0,223.0,0.776,59.0,191.0,250.0,85.0,59.0,66.0,90.0,133.0,903.0,0.0,
14.0,Zach LaVine,29.0,CHI,SF,38.0,38.0,1293.0,330.0,643.0,0.513,121.0,268.0,0.451,209.0,375.0,0.557,0.607,121.0,148.0,0.818,11.0,174.0,185.0,175.0,36.0,10.0,112.0,58.0,902.0,0.0,
15.0,Donovan Mitchell,28.0,CLE,SG,39.0,39.0,1216.0,317.0,711.0,0.446,143.0,357.0,0.401,174.0,354.0,0.492,0.546,123.0,149.0,0.826,24.0,153.0,177.0,175.0,56.0,8.0,79.0,77.0,900.0,0.0,
16.0,Tyrese Maxey,24.0,PHI,PG,34.0,34.0,1286.0,309.0,728.0,0.424,109.0,326.0,0.334,200.0,402.0,0.498,0.499,170.0,199.0,0.854,9.0,110.0,119.0,197.0,67.0,13.0,83.0,78.0,897.0,1.0,
17.0,Jalen Green,22.0,HOU,SG,41.0,41.0,1347.0,309.0,706.0,0.438,119.0,328.0,0.363,190.0,378.0,0.503,0.522,149.0,170.0,0.876,23.0,157.0,180.0,108.0,40.0,14.0,98.0,70.0,886.0,0.0,
18.0,Trae Young,26.0,ATL,PG,38.0,38.0,1362.0,267.0,662.0,0.403,112.0,326.0,0.344,155.0,336.0,0.461,0.488,236.0,271.0,0.871,20.0,111.0,131.0,450.0,50.0,9.0,165.0,72.0,882.0,0.0,
19.0,LeBron James,40.0,LAL,SF,37.0,37.0,1293.0,339.0,659.0,0.514,84.0,210.0,0.4,255.0,449.0,0.568,0.578,119.0,157.0,0.758,34.0,241.0,275.0,328.0,32.0,22.0,140.0,54.0,881.0,8.0,
20.0,Victor Wembanyama,21.0,SAS,C,36.0,36.0,1193.0,322.0,681.0,0.473,116.0,328.0,0.354,206.0,353.0,0.584,0.558,120.0,142.0,0.845,64.0,323.0,387.0,133.0,39.0,144.0,124.0,79.0,880.0,1.0,
21.0,Pascal Siakam,30.0,IND,PF,43.0,43.0,1432.0,334.0,639.0,0.523,75.0,185.0,0.405,259.0,454.0,0.57,0.581,123.0,165.0,0.745,74.0,242.0,316.0,146.0,39.0,14.0,53.0,113.0,866.0,0.0,
22.0,Nikola Vučević,34.0,CHI,C,42.0,42.0,1356.0,352.0,631.0,0.558,82.0,197.0,0.416,270.0,434.0,0.622,0.623,75.0,92.0,0.815,100.0,338.0,438.0,142.0,34.0,27.0,65.0,100.0,861.0,0.0,
23.0,Damian Lillard,34.0,MIL,PG,34.0,34.0,1228.0,262.0,583.0,0.449,118.0,301.0,0.392,144.0,282.0,0.511,0.551,208.0,226.0,0.92,18.0,131.0,149.0,242.0,43.0,6.0,98.0,63.0,850.0,0.0,
24.0,Kevin Durant,36.0,PHO,PF,31.0,31.0,1123.0,306.0,587.0,0.521,66.0,177.0,0.373,240.0,410.0,0.585,0.578,171.0,208.0,0.822,14.0,185.0,199.0,131.0,25.0,42.0,99.0,54.0,849.0,0.0,
25.0,Darius Garland,25.0,CLE,PG,40.0,40.0,1208.0,302.0,605.0,0.499,117.0,276.0,0.424,185.0,329.0,0.562,0.596,127.0,140.0,0.907,20.0,81.0,101.0,271.0,42.0,9.0,96.0,84.0,848.0,0.0,
26.0,Jalen Williams,23.0,OKC,SG,41.0,41.0,1329.0,328.0,691.0,0.475,69.0,204.0,0.338,259.0,487.0,0.532,0.525,118.0,151.0,0.781,33.0,200.0,233.0,213.0,72.0,30.0,96.0,104.0,843.0,0.0,
27.0,James Harden,35.0,LAC,PG,39.0,39.0,1307.0,245.0,617.0,0.397,111.0,318.0,0.349,134.0,299.0,0.448,0.487,235.0,265.0,0.887,23.0,203.0,226.0,315.0,56.0,24.0,179.0,78.0,836.0,1.0,
28.0,Jaylen Brown,28.0,BOS,SF,35.0,35.0,1250.0,298.0,664.0,0.449,71.0,222.0,0.32,227.0,442.0,0.514,0.502,149.0,195.0,0.764,55.0,158.0,213.0,170.0,46.0,10.0,98.0,84.0,816.0,0.0,
29.0,Domantas Sabonis,28.0,SAC,C,39.0,39.0,1403.0,320.0,529.0,0.605,45.0,93.0,0.484,275.0,436.0,0.631,0.647,125.0,163.0,0.767,152.0,402.0,554.0,245.0,27.0,19.0,115.0,140.0,810.0,5.0,
30.0,Julius Randle,30.0,MIN,PF,42.0,42.0,1386.0,281.0,587.0,0.479,66.0,193.0,0.342,215.0,394.0,0.546,0.535,181.0,223.0,0.812,87.0,217.0,304.0,188.0,26.0,8.0,126.0,104.0,809.0,0.0,
31.0,Norman Powell,31.0,LAC,SG,34.0,34.0,1112.0,278.0,564.0,0.493,120.0,269.0,0.446,158.0,295.0,0.536,0.599,128.0,154.0,0.831,11.0,107.0,118.0,76.0,45.0,5.0,71.0,66.0,804.0,0.0,
32.0,DeMar DeRozan,35.0,SAC,SF,37.0,37.0,1322.0,297.0,620.0,0.479,30.0,95.0,0.316,267.0,525.0,0.509,0.503,173.0,200.0,0.865,20.0,121.0,141.0,142.0,46.0,15.0,54.0,77.0,797.0,0.0,
33.0,LaMelo Ball,23.0,CHO,PG,27.0,27.0,921.0,276.0,654.0,0.422,115.0,348.0,0.33,161.0,306.0,0.526,0.51,129.0,154.0,0.838,26.0,117.0,143.0,203.0,38.0,9.0,106.0,97.0,796.0,0.0,
34.0,Alperen Şengün,22.0,HOU,C,41.0,41.0,1287.0,318.0,647.0,0.491,14.0,60.0,0.233,304.0,587.0,0.518,0.502,146.0,205.0,0.712,140.0,291.0,431.0,208.0,56.0,36.0,103.0,114.0,796.0,3.0,
35.0,Mikal Bridges,28.0,NYK,SF,43.0,43.0,1675.0,315.0,644.0,0.489,104.0,296.0,0.351,211.0,348.0,0.606,0.57,35.0,49.0,0.714,40.0,96.0,136.0,136.0,42.0,22.0,63.0,60.0,769.0,0.0,
36.0,Kyrie Irving,32.0,DAL,SG,32.0,32.0,1137.0,282.0,586.0,0.481,96.0,222.0,0.432,186.0,364.0,0.511,0.563,105.0,117.0,0.897,33.0,113.0,146.0,154.0,41.0,12.0,72.0,69.0,765.0,0.0,
37.0,Michael Porter Jr.,26.0,DEN,SF,42.0,42.0,1407.0,289.0,562.0,0.514,109.0,262.0,0.416,180.0,300.0,0.6,0.611,78.0,110.0,0.709,63.0,211.0,274.0,99.0,27.0,19.0,57.0,81.0,765.0,0.0,
38.0,RJ Barrett,24.0,TOR,SG,34.0,34.0,1144.0,282.0,611.0,0.462,62.0,189.0,0.328,220.0,422.0,0.521,0.512,135.0,196.0,0.689,35.0,191.0,226.0,205.0,26.0,13.0,110.0,86.0,761.0,2.0,
39.0,Stephen Curry,36.0,GSW,PG,33.0,33.0,1048.0,254.0,565.0,0.45,146.0,355.0,0.411,108.0,210.0,0.514,0.579,106.0,113.0,0.938,17.0,148.0,165.0,203.0,38.0,17.0,99.0,39.0,760.0,0.0,
40.0,Tyrese Haliburton,24.0,IND,PG,42.0,42.0,1449.0,258.0,581.0,0.444,119.0,335.0,0.355,139.0,246.0,0.565,0.546,116.0,135.0,0.859,27.0,125.0,152.0,370.0,52.0,25.0,78.0,56.0,751.0,0.0,
41.0,Jordan Poole,25.0,WAS,SG,34.0,34.0,1050.0,237.0,549.0,0.432,125.0,309.0,0.405,112.0,240.0,0.467,0.546,134.0,156.0,0.859,14.0,84.0,98.0,161.0,51.0,15.0,123.0,111.0,733.0,0.0,
42.0,Coby White,24.0,CHI,SG,40.0,40.0,1305.0,249.0,570.0,0.437,120.0,330.0,0.364,129.0,240.0,0.538,0.542,111.0,127.0,0.874,14.0,122.0,136.0,186.0,41.0,8.0,96.0,93.0,729.0,0.0,
43.0,Jamal Murray,27.0,DEN,PG,36.0,36.0,1291.0,266.0,586.0,0.454,79.0,207.0,0.382,187.0,379.0,0.493,0.521,112.0,130.0,0.862,19.0,122.0,141.0,216.0,55.0,21.0,81.0,62.0,723.0,0.0,
44.0,Collin Sexton,26.0,UTA,SG,39.0,37.0,1126.0,256.0,533.0,0.48,74.0,178.0,0.416,182.0,355.0,0.513,0.55,128.0,142.0,0.901,37.0,73.0,110.0,155.0,29.0,4.0,97.0,85.0,714.0,0.0,
45.0,Evan Mobley,23.0,CLE,PF,38.0,38.0,1147.0,271.0,473.0,0.573,45.0,107.0,0.421,226.0,366.0,0.617,0.621,120.0,155.0,0.774,78.0,257.0,335.0,110.0,35.0,53.0,77.0,77.0,707.0,0.0,
46.0,OG Anunoby,27.0,NYK,PF,43.0,43.0,1575.0,261.0,553.0,0.472,87.0,252.0,0.345,174.0,301.0,0.578,0.551,81.0,102.0,0.794,54.0,151.0,205.0,84.0,58.0,38.0,61.0,102.0,690.0,0.0,
47.0,Bennedict Mathurin,22.0,IND,SG,42.0,37.0,1368.0,241.0,520.0,0.463,63.0,176.0,0.358,178.0,344.0,0.517,0.524,140.0,171.0,0.819,52.0,202.0,254.0,82.0,27.0,15.0,89.0,111.0,685.0,0.0,
48.0,Anfernee Simons,25.0,POR,SG,38.0,38.0,1213.0,245.0,584.0,0.42,110.0,305.0,0.361,135.0,279.0,0.484,0.514,85.0,93.0,0.914,11.0,91.0,102.0,188.0,34.0,2.0,86.0,73.0,685.0,0.0,
49.0,Malik Beasley,28.0,DET,SG,42.0,11.0,1180.0,238.0,561.0,0.424,154.0,387.0,0.398,84.0,174.0,0.483,0.561,46.0,68.0,0.676,23.0,102.0,125.0,77.0,37.0,2.0,46.0,61.0,676.0,0.0,
50.0,Cameron Johnson,28.0,BRK,PF,34.0,34.0,1096.0,220.0,440.0,0.5,110.0,258.0,0.426,110.0,182.0,0.604,0.625,113.0,126.0,0.897,25.0,114.0,139.0,101.0,28.0,15.0,58.0,60.0,663.0,0.0,
51.0,Jalen Johnson,23.0,ATL,SF,33.0,33.0,1201.0,258.0,507.0,0.509,44.0,135.0,0.326,214.0,372.0,0.575,0.552,89.0,120.0,0.742,60.0,277.0,337.0,172.0,49.0,35.0,100.0,64.0,649.0,1.0,
52.0,CJ McCollum,33.0,NOP,PG,30.0,30.0,998.0,244.0,547.0,0.446,94.0,253.0,0.372,150.0,294.0,0.51,0.532,67.0,96.0,0.698,23.0,84.0,107.0,115.0,25.0,15.0,49.0,70.0,649.0,0.0,
53.0,Derrick White,30.0,BOS,SG,40.0,40.0,1355.0,223.0,513.0,0.435,133.0,360.0,0.369,90.0,153.0,0.588,0.564,68.0,82.0,0.829,37.0,137.0,174.0,165.0,37.0,49.0,66.0,80.0,647.0,0.0,
54.0,Austin Reaves,26.0,LAL,SG,35.0,35.0,1220.0,216.0,485.0,0.445,92.0,249.0,0.369,124.0,236.0,0.525,0.54,120.0,144.0,0.833,30.0,117.0,147.0,210.0,38.0,6.0,87.0,75.0,644.0,1.0,
55.0,Bam Adebayo,27.0,MIA,C,40.0,40.0,1351.0,242.0,533.0,0.454,28.0,101.0,0.277,214.0,432.0,0.495,0.48,116.0,161.0,0.72,94.0,294.0,388.0,184.0,59.0,32.0,84.0,83.0,628.0,1.0,
56.0,Lauri Markkanen,27.0,UTA,PF,31.0,31.0,984.0,196.0,458.0,0.428,95.0,260.0,0.365,101.0,198.0,0.51,0.532,136.0,154.0,0.883,53.0,135.0,188.0,59.0,26.0,9.0,43.0,53.0,623.0,0.0,
57.0,Luka Dončić,25.0,DAL,PG,22.0,22.0,785.0,216.0,466.0,0.464,75.0,212.0,0.354,141.0,254.0,0.555,0.544,112.0,146.0,0.767,16.0,167.0,183.0,172.0,44.0,9.0,75.0,58.0,619.0,3.0,
58.0,Myles Turner,28.0,IND,C,40.0,40.0,1247.0,224.0,457.0,0.49,82.0,203.0,0.404,142.0,254.0,0.559,0.58,88.0,119.0,0.739,56.0,226.0,282.0,61.0,33.0,79.0,80.0,115.0,618.0,0.0,
59.0,Shaedon Sharpe,21.0,POR,SG,34.0,31.0,1074.0,231.0,512.0,0.451,66.0,212.0,0.311,165.0,300.0,0.55,0.516,89.0,111.0,0.802,25.0,106.0,131.0,92.0,28.0,9.0,67.0,62.0,617.0,0.0,
60.0,Ivica Zubac,27.0,LAC,C,41.0,41.0,1306.0,275.0,447.0,0.615,0.0,0.0,,275.0,447.0,0.615,0.615,66.0,118.0,0.559,156.0,363.0,519.0,105.0,28.0,51.0,73.0,79.0,616.0,0.0,
61.0,Payton Pritchard,27.0,BOS,PG,42.0,0.0,1167.0,213.0,452.0,0.471,141.0,338.0,0.417,72.0,114.0,0.632,0.627,46.0,55.0,0.836,59.0,92.0,151.0,138.0,36.0,5.0,43.0,72.0,613.0,0.0,
62.0,Franz Wagner,23.0,ORL,SF,25.0,25.0,829.0,220.0,473.0,0.465,51.0,159.0,0.321,169.0,314.0,0.538,0.519,119.0,135.0,0.881,23.0,117.0,140.0,142.0,43.0,12.0,61.0,58.0,610.0,0.0,
63.0,Andrew Wiggins,29.0,GSW,SF,35.0,35.0,1033.0,211.0,463.0,0.456,77.0,197.0,0.391,134.0,266.0,0.504,0.539,102.0,131.0,0.779,53.0,106.0,159.0,81.0,33.0,28.0,45.0,61.0,601.0,0.0,
64.0,Malik Monk,26.0,SAC,SG,34.0,21.0,1067.0,214.0,485.0,0.441,82.0,239.0,0.343,132.0,246.0,0.537,0.526,89.0,100.0,0.89,12.0,112.0,124.0,186.0,33.0,18.0,64.0,85.0,599.0,0.0,
65.0,Dennis Schröder,31.0,2TM,SG,39.0,39.0,1221.0,210.0,501.0,0.419,80.0,227.0,0.352,130.0,274.0,0.474,0.499,97.0,112.0,0.866,11.0,90.0,101.0,224.0,39.0,6.0,92.0,100.0,597.0,0.0,
65.0,Dennis Schröder,31.0,BRK,PG,23.0,23.0,772.0,147.0,325.0,0.452,58.0,150.0,0.387,89.0,175.0,0.509,0.542,72.0,81.0,0.889,4.0,64.0,68.0,152.0,26.0,4.0,59.0,56.0,424.0,0.0,
65.0,Dennis Schröder,31.0,GSW,SG,16.0,16.0,449.0,63.0,176.0,0.358,22.0,77.0,0.286,41.0,99.0,0.414,0.42,25.0,31.0,0.806,7.0,26.0,33.0,72.0,13.0,2.0,33.0,44.0,173.0,0.0,
66.0,Josh Hart,29.0,NYK,SG,42.0,42.0,1587.0,223.0,401.0,0.556,53.0,146.0,0.363,170.0,255.0,0.667,0.622,96.0,118.0,0.814,91.0,310.0,401.0,232.0,64.0,15.0,82.0,112.0,595.0,5.0,
67.0,Gradey Dick,21.0,TOR,SG,36.0,36.0,1099.0,198.0,484.0,0.409,84.0,243.0,0.346,114.0,241.0,0.473,0.496,100.0,111.0,0.901,27.0,94.0,121.0,77.0,31.0,7.0,59.0,82.0,580.0,0.0,
68.0,Trey Murphy III,24.0,NOP,SF,27.0,25.0,936.0,194.0,430.0,0.451,83.0,233.0,0.356,111.0,197.0,0.563,0.548,109.0,119.0,0.916,28.0,105.0,133.0,79.0,32.0,20.0,43.0,64.0,580.0,0.0,
69.0,Jarrett Allen,26.0,CLE,C,41.0,41.0,1185.0,236.0,333.0,0.709,0.0,1.0,0.0,236.0,332.0,0.711,0.709,106.0,143.0,0.741,104.0,304.0,408.0,78.0,39.0,38.0,42.0,56.0,578.0,0.0,
70.0,Scottie Barnes,23.0,TOR,PF,29.0,29.0,1008.0,224.0,484.0,0.463,41.0,151.0,0.272,183.0,333.0,0.55,0.505,89.0,122.0,0.73,48.0,183.0,231.0,191.0,43.0,27.0,99.0,64.0,578.0,1.0,
71.0,Desmond Bane,26.0,MEM,SG,33.0,32.0,971.0,214.0,437.0,0.49,71.0,192.0,0.37,143.0,245.0,0.584,0.571,73.0,85.0,0.859,27.0,159.0,186.0,172.0,44.0,15.0,85.0,83.0,572.0,0.0,
72.0,Brandon Miller,22.0,CHO,SF,27.0,27.0,924.0,198.0,491.0,0.403,104.0,293.0,0.355,94.0,198.0,0.475,0.509,68.0,79.0,0.861,25.0,106.0,131.0,98.0,29.0,20.0,76.0,74.0,568.0,0.0,
73.0,Christian Braun,23.0,DEN,SG,41.0,41.0,1351.0,220.0,388.0,0.567,38.0,103.0,0.369,182.0,285.0,0.639,0.616,86.0,105.0,0.819,51.0,144.0,195.0,79.0,43.0,24.0,42.0,95.0,564.0,0.0,
74.0,Fred VanVleet,30.0,HOU,PG,38.0,38.0,1354.0,197.0,510.0,0.386,96.0,289.0,0.332,101.0,221.0,0.457,0.48,74.0,91.0,0.813,26.0,128.0,154.0,228.0,63.0,19.0,57.0,94.0,564.0,0.0,
75.0,Jalen Suggs,23.0,ORL,PG,34.0,34.0,987.0,194.0,473.0,0.41,74.0,237.0,0.312,120.0,236.0,0.508,0.488,97.0,107.0,0.907,23.0,116.0,139.0,126.0,50.0,33.0,99.0,93.0,559.0,0.0,
76.0,Naz Reid,25.0,MIN,C,42.0,0.0,1051.0,205.0,432.0,0.475,85.0,213.0,0.399,120.0,219.0,0.548,0.573,63.0,81.0,0.778,38.0,178.0,216.0,72.0,32.0,36.0,51.0,102.0,558.0,0.0,
77.0,Deni Avdija,24.0,POR,SF,39.0,21.0,1100.0,188.0,407.0,0.462,58.0,164.0,0.354,130.0,243.0,0.535,0.533,117.0,149.0,0.785,51.0,201.0,252.0,127.0,40.0,24.0,95.0,85.0,551.0,0.0,
78.0,Russell Westbrook,36.0,DEN,PG,42.0,21.0,1146.0,205.0,444.0,0.462,52.0,153.0,0.34,153.0,291.0,0.526,0.52,87.0,136.0,0.64,56.0,154.0,210.0,275.0,65.0,23.0,122.0,108.0,549.0,3.0,
79.0,Jakob Poeltl,29.0,TOR,C,37.0,36.0,1176.0,239.0,391.0,0.611,0.0,2.0,0.0,239.0,389.0,0.614,0.611,69.0,108.0,0.639,137.0,254.0,391.0,98.0,44.0,45.0,74.0,123.0,547.0,0.0,
80.0,De'Andre Hunter,27.0,ATL,SF,28.0,2.0,783.0,175.0,370.0,0.473,75.0,179.0,0.419,100.0,191.0,0.524,0.574,115.0,134.0,0.858,20.0,93.0,113.0,41.0,26.0,3.0,40.0,68.0,540.0,0.0,
81.0,Tobias Harris,32.0,DET,PF,40.0,40.0,1290.0,202.0,446.0,0.453,57.0,163.0,0.35,145.0,283.0,0.512,0.517,76.0,87.0,0.874,40.0,214.0,254.0,100.0,32.0,34.0,47.0,78.0,537.0,0.0,
82.0,Jonathan Kuminga,22.0,GSW,PF,32.0,10.0,832.0,194.0,423.0,0.459,40.0,116.0,0.345,154.0,307.0,0.502,0.506,108.0,169.0,0.639,44.0,115.0,159.0,70.0,29.0,18.0,50.0,61.0,536.0,0.0,
83.0,Bobby Portis,29.0,MIL,PF,40.0,5.0,990.0,217.0,467.0,0.465,52.0,142.0,0.366,165.0,325.0,0.508,0.52,47.0,58.0,0.81,67.0,250.0,317.0,78.0,28.0,21.0,49.0,71.0,533.0,0.0,
84.0,Jaden Ivey,22.0,DET,SG,30.0,30.0,898.0,190.0,413.0,0.46,63.0,154.0,0.409,127.0,259.0,0.49,0.536,85.0,116.0,0.733,40.0,84.0,124.0,119.0,28.0,11.0,89.0,67.0,528.0,0.0,
85.0,Kelly Oubre Jr.,29.0,PHI,SF,38.0,35.0,1275.0,197.0,432.0,0.456,47.0,164.0,0.287,150.0,268.0,0.56,0.51,77.0,103.0,0.748,60.0,164.0,224.0,62.0,55.0,19.0,48.0,110.0,518.0,0.0,
86.0,Ja Morant,25.0,MEM,PG,24.0,24.0,681.0,176.0,391.0,0.45,37.0,118.0,0.314,139.0,273.0,0.509,0.497,124.0,151.0,0.821,16.0,87.0,103.0,181.0,30.0,8.0,94.0,43.0,513.0,1.0,
87.0,Klay Thompson,34.0,DAL,SF,37.0,37.0,1017.0,182.0,443.0,0.411,110.0,290.0,0.379,72.0,153.0,0.471,0.535,34.0,37.0,0.919,22.0,104.0,126.0,73.0,35.0,16.0,50.0,46.0,508.0,0.0,
88.0,Bradley Beal,31.0,PHO,SG,29.0,23.0,955.0,198.0,408.0,0.485,60.0,156.0,0.385,138.0,252.0,0.548,0.559,51.0,68.0,0.75,20.0,84.0,104.0,95.0,32.0,21.0,56.0,76.0,507.0,0.0,
89.0,Buddy Hield,32.0,GSW,SG,41.0,10.0,966.0,181.0,434.0,0.417,112.0,298.0,0.376,69.0,136.0,0.507,0.546,31.0,35.0,0.886,24.0,112.0,136.0,64.0,36.0,12.0,51.0,76.0,505.0,0.0,
90.0,Dillon Brooks,29.0,HOU,SF,38.0,38.0,1216.0,183.0,448.0,0.408,86.0,232.0,0.371,97.0,216.0,0.449,0.504,51.0,60.0,0.85,48.0,101.0,149.0,64.0,32.0,10.0,38.0,130.0,503.0,0.0,
91.0,Brook Lopez,36.0,MIL,C,41.0,41.0,1309.0,190.0,389.0,0.488,77.0,207.0,0.372,113.0,182.0,0.621,0.587,45.0,58.0,0.776,44.0,155.0,199.0,71.0,32.0,79.0,43.0,88.0,502.0,0.0,
92.0,Jaylen Wells,21.0,MEM,SG,42.0,37.0,1097.0,175.0,397.0,0.441,83.0,214.0,0.388,92.0,183.0,0.503,0.545,63.0,77.0,0.818,44.0,96.0,140.0,69.0,24.0,5.0,45.0,76.0,496.0,0.0,
93.0,Dyson Daniels,21.0,ATL,SG,37.0,37.0,1243.0,208.0,452.0,0.46,44.0,139.0,0.317,164.0,313.0,0.524,0.509,30.0,53.0,0.566,61.0,123.0,184.0,132.0,113.0,30.0,67.0,90.0,490.0,0.0,
94.0,Keyonte George,21.0,UTA,PG,30.0,30.0,940.0,166.0,417.0,0.398,84.0,236.0,0.356,82.0,181.0,0.453,0.499,74.0,94.0,0.787,15.0,87.0,102.0,168.0,24.0,6.0,94.0,54.0,490.0,0.0,
95.0,Amen Thompson,22.0,HOU,SF,38.0,11.0,1125.0,187.0,334.0,0.56,12.0,48.0,0.25,175.0,286.0,0.612,0.578,99.0,143.0,0.692,100.0,197.0,297.0,92.0,48.0,44.0,72.0,84.0,485.0,0.0,
96.0,John Collins,27.0,UTA,PF,27.0,18.0,808.0,177.0,337.0,0.525,39.0,89.0,0.438,138.0,248.0,0.556,0.583,91.0,105.0,0.867,63.0,160.0,223.0,68.0,30.0,25.0,68.0,78.0,484.0,0.0,
97.0,Jonas Valančiūnas,32.0,WAS,C,41.0,8.0,809.0,198.0,354.0,0.559,5.0,23.0,0.217,193.0,331.0,0.583,0.566,80.0,90.0,0.889,100.0,237.0,337.0,91.0,21.0,28.0,76.0,77.0,481.0,0.0,
98.0,Santi Aldama,24.0,MEM,PF,36.0,11.0,911.0,187.0,369.0,0.507,65.0,166.0,0.392,122.0,203.0,0.601,0.595,41.0,56.0,0.732,57.0,199.0,256.0,99.0,32.0,17.0,41.0,35.0,480.0,0.0,
99.0,Cam Thomas,23.0,BRK,SG,19.0,17.0,614.0,151.0,337.0,0.448,54.0,144.0,0.375,97.0,193.0,0.503,0.528,113.0,129.0,0.876,10.0,58.0,68.0,64.0,14.0,1.0,51.0,36.0,469.0,0.0,
100.0,Keldon Johnson,25.0,SAS,SF,38.0,0.0,926.0,175.0,381.0,0.459,41.0,143.0,0.287,134.0,238.0,0.563,0.513,77.0,100.0,0.77,48.0,141.0,189.0,55.0,25.0,10.0,32.0,53.0,468.0,0.0,
101.0,Daniel Gafford,26.0,DAL,C,40.0,17.0,800.0,189.0,268.0,0.705,0.0,0.0,,189.0,268.0,0.705,0.705,88.0,132.0,0.667,93.0,147.0,240.0,47.0,17.0,58.0,47.0,103.0,466.0,0.0,
102.0,Stephon Castle,20.0,SAS,PG,40.0,23.0,1007.0,167.0,414.0,0.403,39.0,151.0,0.258,128.0,263.0,0.487,0.45,92.0,129.0,0.713,30.0,71.0,101.0,143.0,31.0,11.0,74.0,69.0,465.0,0.0,
103.0,Julian Champagnie,23.0,SAS,SF,41.0,26.0,1097.0,159.0,381.0,0.417,102.0,280.0,0.364,57.0,101.0,0.564,0.551,44.0,49.0,0.898,32.0,148.0,180.0,52.0,29.0,20.0,42.0,59.0,464.0,0.0,
104.0,Paul George,34.0,PHI,PF,27.0,27.0,883.0,169.0,400.0,0.423,65.0,183.0,0.355,104.0,217.0,0.479,0.504,61.0,74.0,0.824,18.0,140.0,158.0,128.0,49.0,10.0,72.0,71.0,464.0,0.0,
105.0,Keegan Murray,24.0,SAC,PF,39.0,39.0,1387.0,178.0,423.0,0.421,71.0,224.0,0.317,107.0,199.0,0.538,0.505,36.0,42.0,0.857,83.0,200.0,283.0,54.0,29.0,32.0,34.0,107.0,463.0,0.0,
106.0,Miles Bridges,26.0,CHO,PF,25.0,25.0,787.0,166.0,385.0,0.431,51.0,166.0,0.307,115.0,219.0,0.525,0.497,77.0,86.0,0.895,22.0,167.0,189.0,91.0,18.0,14.0,49.0,42.0,460.0,0.0,
107.0,Jerami Grant,30.0,POR,PF,31.0,31.0,1003.0,148.0,386.0,0.383,74.0,195.0,0.379,74.0,191.0,0.387,0.479,90.0,108.0,0.833,16.0,93.0,109.0,69.0,25.0,32.0,46.0,72.0,460.0,0.0,
108.0,P.J. Washington,26.0,DAL,PF,35.0,34.0,1138.0,164.0,380.0,0.432,54.0,144.0,0.375,110.0,236.0,0.466,0.503,76.0,102.0,0.745,49.0,223.0,272.0,77.0,44.0,35.0,62.0,78.0,458.0,0.0,
109.0,Harrison Barnes,32.0,SAS,PF,41.0,41.0,1154.0,152.0,316.0,0.481,60.0,148.0,0.405,92.0,168.0,0.548,0.576,93.0,115.0,0.809,58.0,98.0,156.0,70.0,12.0,7.0,24.0,38.0,457.0,0.0,
110.0,Tyus Jones,28.0,PHO,PG,40.0,40.0,1205.0,170.0,359.0,0.474,81.0,195.0,0.415,89.0,164.0,0.543,0.586,31.0,36.0,0.861,23.0,78.0,101.0,248.0,39.0,5.0,52.0,43.0,452.0,0.0,
111.0,Bilal Coulibaly,20.0,WAS,SF,37.0,37.0,1236.0,161.0,387.0,0.416,38.0,138.0,0.275,123.0,249.0,0.494,0.465,89.0,117.0,0.761,53.0,136.0,189.0,126.0,48.0,27.0,79.0,89.0,449.0,0.0,
112.0,Terry Rozier,30.0,MIA,PG,37.0,20.0,1061.0,163.0,400.0,0.408,57.0,191.0,0.298,106.0,209.0,0.507,0.479,63.0,69.0,0.913,25.0,127.0,152.0,108.0,23.0,13.0,58.0,54.0,446.0,0.0,
113.0,Donte DiVincenzo,28.0,MIN,SG,40.0,8.0,1057.0,148.0,373.0,0.397,103.0,279.0,0.369,45.0,94.0,0.479,0.535,41.0,50.0,0.82,23.0,124.0,147.0,144.0,48.0,7.0,71.0,62.0,440.0,0.0,
114.0,Scoot Henderson,20.0,POR,PG,35.0,6.0,938.0,150.0,351.0,0.427,48.0,137.0,0.35,102.0,214.0,0.477,0.496,92.0,119.0,0.773,24.0,83.0,107.0,185.0,40.0,11.0,99.0,92.0,440.0,0.0,
115.0,Dejounte Murray,28.0,NOP,PG,26.0,26.0,858.0,160.0,414.0,0.386,46.0,151.0,0.305,114.0,263.0,0.433,0.442,72.0,89.0,0.809,14.0,154.0,168.0,196.0,58.0,11.0,93.0,53.0,438.0,1.0,
116.0,D'Angelo Russell,28.0,2TM,PG,35.0,13.0,902.0,154.0,371.0,0.415,67.0,198.0,0.338,87.0,173.0,0.503,0.505,63.0,72.0,0.875,9.0,90.0,99.0,184.0,33.0,6.0,62.0,63.0,438.0,0.0,
116.0,D'Angelo Russell,28.0,LAL,PG,29.0,10.0,763.0,129.0,311.0,0.415,56.0,168.0,0.333,73.0,143.0,0.51,0.505,45.0,53.0,0.849,8.0,72.0,80.0,136.0,23.0,4.0,50.0,53.0,359.0,0.0,
116.0,D'Angelo Russell,28.0,BRK,PG,6.0,3.0,139.0,25.0,60.0,0.417,11.0,30.0,0.367,14.0,30.0,0.467,0.508,18.0,19.0,0.947,1.0,18.0,19.0,48.0,10.0,2.0,12.0,10.0,79.0,0.0,
117.0,Josh Giddey,22.0,CHI,PG,39.0,39.0,1089.0,167.0,387.0,0.432,45.0,141.0,0.319,122.0,246.0,0.496,0.49,58.0,78.0,0.744,60.0,223.0,283.0,259.0,42.0,20.0,106.0,61.0,437.0,2.0,
118.0,Rui Hachimura,26.0,LAL,PF,35.0,35.0,1131.0,163.0,330.0,0.494,53.0,127.0,0.417,110.0,203.0,0.542,0.574,52.0,67.0,0.776,58.0,125.0,183.0,54.0,31.0,19.0,35.0,65.0,431.0,0.0,
119.0,Alex Sarr,19.0,WAS,C,37.0,37.0,1000.0,161.0,402.0,0.4,55.0,173.0,0.318,106.0,229.0,0.463,0.469,54.0,84.0,0.643,70.0,178.0,248.0,82.0,24.0,57.0,55.0,92.0,431.0,0.0,
120.0,Tim Hardaway Jr.,32.0,DET,SG,38.0,38.0,1072.0,140.0,328.0,0.427,83.0,217.0,0.382,57.0,111.0,0.514,0.553,67.0,82.0,0.817,7.0,72.0,79.0,57.0,14.0,1.0,26.0,49.0,430.0,0.0,
121.0,Rudy Gobert,32.0,MIN,C,42.0,42.0,1397.0,168.0,259.0,0.649,0.0,0.0,,168.0,259.0,0.649,0.649,93.0,140.0,0.664,140.0,298.0,438.0,71.0,24.0,61.0,57.0,105.0,429.0,0.0,
122.0,T.J. McConnell,32.0,IND,PG,42.0,0.0,802.0,193.0,362.0,0.533,7.0,25.0,0.28,186.0,337.0,0.552,0.543,34.0,46.0,0.739,24.0,83.0,107.0,187.0,49.0,12.0,63.0,45.0,427.0,0.0,
123.0,Scotty Pippen Jr.,24.0,MEM,PG,42.0,16.0,920.0,159.0,336.0,0.473,47.0,125.0,0.376,112.0,211.0,0.531,0.543,60.0,89.0,0.674,30.0,111.0,141.0,197.0,49.0,16.0,80.0,104.0,425.0,1.0,
124.0,Jaden McDaniels,24.0,MIN,PF,42.0,42.0,1277.0,168.0,372.0,0.452,53.0,158.0,0.335,115.0,214.0,0.537,0.523,34.0,45.0,0.756,61.0,143.0,204.0,66.0,56.0,33.0,42.0,123.0,423.0,0.0,
125.0,Devin Vassell,24.0,SAS,SG,26.0,15.0,771.0,158.0,361.0,0.438,59.0,161.0,0.366,99.0,200.0,0.495,0.519,48.0,62.0,0.774,20.0,78.0,98.0,81.0,31.0,12.0,44.0,41.0,423.0,0.0,
126.0,Deandre Ayton,26.0,POR,C,31.0,31.0,925.0,197.0,352.0,0.56,6.0,29.0,0.207,191.0,323.0,0.591,0.568,20.0,33.0,0.606,89.0,222.0,311.0,45.0,23.0,31.0,53.0,67.0,420.0,0.0,
127.0,Jrue Holiday,34.0,BOS,PG,36.0,36.0,1104.0,153.0,342.0,0.447,65.0,189.0,0.344,88.0,153.0,0.575,0.542,49.0,55.0,0.891,43.0,114.0,157.0,139.0,36.0,16.0,49.0,55.0,420.0,0.0,
128.0,Duncan Robinson,30.0,MIA,SF,39.0,21.0,905.0,149.0,353.0,0.422,95.0,250.0,0.38,54.0,103.0,0.524,0.557,25.0,28.0,0.893,12.0,79.0,91.0,105.0,19.0,4.0,39.0,78.0,418.0,0.0,
129.0,Ochai Agbaji,24.0,TOR,SG,39.0,33.0,1127.0,167.0,329.0,0.508,62.0,154.0,0.403,105.0,175.0,0.6,0.602,19.0,28.0,0.679,36.0,111.0,147.0,67.0,31.0,21.0,30.0,83.0,415.0,0.0,
130.0,Brandon Boston Jr.,23.0,NOP,SG,39.0,10.0,927.0,153.0,351.0,0.436,45.0,130.0,0.346,108.0,221.0,0.489,0.5,64.0,79.0,0.81,27.0,99.0,126.0,90.0,47.0,8.0,48.0,66.0,415.0,0.0,
131.0,Jimmy Butler,35.0,MIA,PF,24.0,24.0,739.0,138.0,254.0,0.543,12.0,35.0,0.343,126.0,219.0,0.575,0.567,125.0,157.0,0.796,53.0,74.0,127.0,112.0,27.0,10.0,28.0,23.0,413.0,1.0,
132.0,Amir Coffey,27.0,LAC,SG,40.0,9.0,1012.0,144.0,301.0,0.478,65.0,150.0,0.433,79.0,151.0,0.523,0.586,60.0,68.0,0.882,21.0,81.0,102.0,46.0,23.0,3.0,28.0,64.0,413.0,0.0,
133.0,Corey Kispert,25.0,WAS,SF,36.0,0.0,963.0,151.0,340.0,0.444,70.0,200.0,0.35,81.0,140.0,0.579,0.547,41.0,49.0,0.837,19.0,89.0,108.0,60.0,18.0,7.0,37.0,56.0,413.0,0.0,
134.0,Zaccharie Risacher,19.0,ATL,SF,39.0,37.0,926.0,154.0,382.0,0.403,45.0,160.0,0.281,109.0,222.0,0.491,0.462,57.0,80.0,0.713,50.0,85.0,135.0,45.0,30.0,21.0,47.0,82.0,410.0,0.0,
135.0,Quentin Grimes,24.0,DAL,SG,40.0,11.0,901.0,144.0,310.0,0.465,68.0,172.0,0.395,76.0,138.0,0.551,0.574,53.0,70.0,0.757,28.0,131.0,159.0,84.0,28.0,9.0,48.0,62.0,409.0,0.0,
136.0,Luguentz Dort,25.0,OKC,SF,41.0,41.0,1194.0,141.0,340.0,0.415,96.0,230.0,0.417,45.0,110.0,0.409,0.556,30.0,37.0,0.811,55.0,121.0,176.0,69.0,45.0,28.0,31.0,125.0,408.0,0.0,
137.0,Ayo Dosunmu,25.0,CHI,SG,33.0,17.0,1009.0,159.0,323.0,0.492,42.0,132.0,0.318,117.0,191.0,0.613,0.557,47.0,59.0,0.797,20.0,107.0,127.0,155.0,28.0,14.0,42.0,76.0,407.0,1.0,
138.0,Aaron Wiggins,26.0,OKC,SG,42.0,11.0,877.0,159.0,323.0,0.492,57.0,147.0,0.388,102.0,176.0,0.58,0.58,28.0,33.0,0.848,42.0,103.0,145.0,67.0,32.0,11.0,37.0,55.0,403.0,0.0,
139.0,Spencer Dinwiddie,31.0,DAL,PG,40.0,11.0,976.0,121.0,311.0,0.389,54.0,160.0,0.338,67.0,151.0,0.444,0.476,105.0,122.0,0.861,10.0,87.0,97.0,147.0,36.0,8.0,42.0,59.0,401.0,0.0,
140.0,Obi Toppin,26.0,IND,PF,40.0,0.0,774.0,155.0,287.0,0.54,46.0,133.0,0.346,109.0,154.0,0.708,0.62,45.0,56.0,0.804,28.0,131.0,159.0,65.0,30.0,15.0,27.0,58.0,401.0,0.0,
141.0,Brandon Ingram,27.0,NOP,SF,18.0,18.0,595.0,155.0,333.0,0.465,43.0,115.0,0.374,112.0,218.0,0.514,0.53,47.0,55.0,0.855,17.0,83.0,100.0,93.0,16.0,11.0,69.0,45.0,400.0,0.0,
142.0,Chris Paul,39.0,SAS,PG,41.0,41.0,1196.0,131.0,312.0,0.42,72.0,197.0,0.365,59.0,115.0,0.513,0.535,59.0,61.0,0.967,20.0,153.0,173.0,338.0,55.0,9.0,67.0,79.0,393.0,0.0,
143.0,Jabari Smith Jr.,21.0,HOU,PF,33.0,33.0,1021.0,136.0,313.0,0.435,56.0,158.0,0.354,80.0,155.0,0.516,0.524,65.0,75.0,0.867,59.0,156.0,215.0,33.0,12.0,32.0,30.0,75.0,393.0,0.0,
144.0,Guerschon Yabusele,29.0,PHI,PF,39.0,18.0,1007.0,142.0,280.0,0.507,59.0,149.0,0.396,83.0,131.0,0.634,0.613,50.0,73.0,0.685,73.0,136.0,209.0,74.0,28.0,17.0,49.0,99.0,393.0,0.0,
145.0,Julian Strawther,22.0,DEN,SG,42.0,0.0,924.0,138.0,313.0,0.441,63.0,169.0,0.373,75.0,144.0,0.521,0.542,53.0,62.0,0.855,12.0,79.0,91.0,58.0,28.0,12.0,35.0,104.0,392.0,0.0,
146.0,Toumani Camara,24.0,POR,PF,41.0,41.0,1280.0,145.0,345.0,0.42,59.0,177.0,0.333,86.0,168.0,0.512,0.506,42.0,58.0,0.724,91.0,132.0,223.0,82.0,58.0,23.0,60.0,120.0,391.0,0.0,
147.0,Ty Jerome,27.0,CLE,SG,38.0,2.0,671.0,141.0,277.0,0.509,51.0,119.0,0.429,90.0,158.0,0.57,0.601,57.0,64.0,0.891,25.0,61.0,86.0,130.0,44.0,1.0,42.0,55.0,390.0,0.0,
148.0,Onyeka Okongwu,24.0,ATL,C,34.0,0.0,816.0,154.0,281.0,0.548,14.0,54.0,0.259,140.0,227.0,0.617,0.573,68.0,90.0,0.756,95.0,162.0,257.0,60.0,23.0,31.0,27.0,73.0,390.0,0.0,
149.0,Jalen Wilson,24.0,BRK,PF,42.0,9.0,1127.0,133.0,341.0,0.39,60.0,187.0,0.321,73.0,154.0,0.474,0.478,62.0,71.0,0.873,43.0,97.0,140.0,72.0,21.0,2.0,45.0,97.0,388.0,0.0,
150.0,Moritz Wagner,27.0,ORL,C,30.0,1.0,564.0,140.0,249.0,0.562,27.0,75.0,0.36,113.0,174.0,0.649,0.616,79.0,110.0,0.718,40.0,108.0,148.0,42.0,24.0,12.0,49.0,55.0,386.0,0.0,
151.0,Chris Boucher,32.0,TOR,PF,37.0,0.0,647.0,139.0,281.0,0.495,51.0,142.0,0.359,88.0,139.0,0.633,0.585,55.0,70.0,0.786,51.0,116.0,167.0,24.0,21.0,22.0,23.0,49.0,384.0,0.0,
152.0,Jalen Duren,21.0,DET,C,39.0,39.0,975.0,158.0,228.0,0.693,0.0,0.0,,158.0,228.0,0.693,0.693,68.0,106.0,0.642,130.0,244.0,374.0,89.0,21.0,45.0,70.0,127.0,384.0,0.0,
153.0,Kentavious Caldwell-Pope,31.0,ORL,SG,42.0,42.0,1273.0,133.0,324.0,0.41,65.0,206.0,0.316,68.0,118.0,0.576,0.511,50.0,55.0,0.909,14.0,68.0,82.0,85.0,66.0,25.0,38.0,80.0,381.0,0.0,
154.0,Clint Capela,30.0,ATL,C,41.0,41.0,934.0,171.0,301.0,0.568,0.0,0.0,,171.0,301.0,0.568,0.568,39.0,75.0,0.52,128.0,239.0,367.0,51.0,25.0,40.0,38.0,83.0,381.0,0.0,
155.0,Derrick Jones Jr.,27.0,LAC,SF,39.0,36.0,934.0,152.0,299.0,0.508,37.0,107.0,0.346,115.0,192.0,0.599,0.57,40.0,50.0,0.8,43.0,83.0,126.0,32.0,48.0,12.0,36.0,75.0,381.0,0.0,
156.0,Caris LeVert,30.0,CLE,SF,35.0,2.0,843.0,131.0,277.0,0.473,58.0,138.0,0.42,73.0,139.0,0.525,0.578,58.0,83.0,0.699,20.0,82.0,102.0,132.0,31.0,19.0,47.0,45.0,378.0,0.0,
157.0,Yves Missi,20.0,NOP,C,41.0,35.0,1111.0,147.0,262.0,0.561,0.0,1.0,0.0,147.0,261.0,0.563,0.561,78.0,118.0,0.661,149.0,186.0,335.0,59.0,24.0,59.0,49.0,93.0,372.0,0.0,
158.0,Dalton Knecht,23.0,LAL,SF,40.0,12.0,853.0,134.0,296.0,0.453,61.0,180.0,0.339,73.0,116.0,0.629,0.556,42.0,52.0,0.808,24.0,104.0,128.0,40.0,15.0,3.0,20.0,53.0,371.0,0.0,
159.0,Carlton Carrington,19.0,WAS,PG,41.0,32.0,1230.0,137.0,338.0,0.405,64.0,186.0,0.344,73.0,152.0,0.48,0.5,30.0,38.0,0.789,13.0,161.0,174.0,163.0,30.0,9.0,63.0,105.0,368.0,0.0,
160.0,Isaiah Joe,25.0,OKC,SG,40.0,11.0,823.0,130.0,307.0,0.423,93.0,240.0,0.388,37.0,67.0,0.552,0.575,15.0,20.0,0.75,17.0,84.0,101.0,55.0,31.0,6.0,19.0,65.0,368.0,0.0,
161.0,Naji Marshall,27.0,DAL,SF,33.0,14.0,809.0,145.0,284.0,0.511,29.0,90.0,0.322,116.0,194.0,0.598,0.562,46.0,52.0,0.885,29.0,89.0,118.0,83.0,33.0,3.0,47.0,48.0,365.0,0.0,
162.0,Peyton Watson,22.0,DEN,SF,42.0,12.0,1026.0,130.0,271.0,0.48,30.0,88.0,0.341,100.0,183.0,0.546,0.535,73.0,95.0,0.768,34.0,111.0,145.0,61.0,35.0,50.0,39.0,75.0,363.0,0.0,
163.0,Anthony Black,21.0,ORL,PG,40.0,3.0,972.0,125.0,305.0,0.41,23.0,95.0,0.242,102.0,210.0,0.486,0.448,89.0,120.0,0.742,22.0,83.0,105.0,143.0,38.0,24.0,83.0,92.0,362.0,0.0,
164.0,Jaime Jaquez Jr.,23.0,MIA,SF,37.0,10.0,874.0,130.0,292.0,0.445,26.0,80.0,0.325,104.0,212.0,0.491,0.49,70.0,96.0,0.729,46.0,130.0,176.0,100.0,48.0,6.0,59.0,59.0,356.0,1.0,
165.0,Grayson Allen,29.0,PHO,SG,32.0,1.0,776.0,112.0,249.0,0.45,78.0,182.0,0.429,34.0,67.0,0.507,0.606,53.0,62.0,0.855,18.0,83.0,101.0,58.0,30.0,9.0,35.0,48.0,355.0,0.0,
166.0,Keon Johnson,22.0,BRK,SG,41.0,21.0,888.0,129.0,354.0,0.364,58.0,193.0,0.301,71.0,161.0,0.441,0.446,38.0,50.0,0.76,26.0,104.0,130.0,69.0,34.0,12.0,54.0,102.0,354.0,0.0,
167.0,Nickeil Alexander-Walker,26.0,MIN,SG,42.0,2.0,956.0,127.0,278.0,0.457,67.0,163.0,0.411,60.0,115.0,0.522,0.577,32.0,46.0,0.696,21.0,93.0,114.0,100.0,28.0,13.0,52.0,67.0,353.0,0.0,
168.0,Jordan Clarkson,32.0,UTA,SG,22.0,3.0,562.0,119.0,288.0,0.413,41.0,121.0,0.339,78.0,167.0,0.467,0.484,73.0,90.0,0.811,14.0,60.0,74.0,84.0,19.0,7.0,55.0,33.0,352.0,0.0,
169.0,Jared McCain,20.0,PHI,SG,23.0,8.0,592.0,126.0,274.0,0.46,51.0,133.0,0.383,75.0,141.0,0.532,0.553,49.0,56.0,0.875,13.0,43.0,56.0,60.0,15.0,0.0,37.0,37.0,352.0,0.0,
170.0,Nic Claxton,25.0,BRK,C,36.0,28.0,943.0,151.0,277.0,0.545,1.0,12.0,0.083,150.0,265.0,0.566,0.547,46.0,88.0,0.523,69.0,199.0,268.0,72.0,34.0,42.0,41.0,72.0,349.0,0.0,
171.0,Georges Niang,31.0,CLE,PF,41.0,1.0,827.0,133.0,279.0,0.477,68.0,177.0,0.384,65.0,102.0,0.637,0.599,15.0,19.0,0.789,29.0,123.0,152.0,60.0,14.0,6.0,42.0,94.0,349.0,0.0,
172.0,Royce O'Neale,31.0,PHO,SF,35.0,9.0,893.0,124.0,279.0,0.444,84.0,196.0,0.429,40.0,83.0,0.482,0.595,17.0,22.0,0.773,33.0,158.0,191.0,78.0,33.0,20.0,39.0,81.0,349.0,0.0,
173.0,Walker Kessler,23.0,UTA,C,32.0,32.0,948.0,149.0,207.0,0.72,2.0,3.0,0.667,147.0,204.0,0.721,0.725,47.0,86.0,0.547,138.0,224.0,362.0,49.0,15.0,80.0,46.0,70.0,347.0,0.0,
174.0,Cole Anthony,24.0,ORL,PG,41.0,8.0,666.0,128.0,316.0,0.405,37.0,122.0,0.303,91.0,194.0,0.469,0.464,52.0,68.0,0.765,25.0,91.0,116.0,111.0,24.0,11.0,64.0,81.0,345.0,0.0,
175.0,Goga Bitadze,25.0,ORL,C,36.0,33.0,886.0,146.0,236.0,0.619,2.0,19.0,0.105,144.0,217.0,0.664,0.623,51.0,75.0,0.68,100.0,196.0,296.0,86.0,32.0,59.0,51.0,87.0,345.0,0.0,
176.0,Kyle Kuzma,29.0,WAS,PF,24.0,22.0,658.0,137.0,322.0,0.425,28.0,109.0,0.257,109.0,213.0,0.512,0.469,43.0,71.0,0.606,18.0,109.0,127.0,60.0,18.0,5.0,58.0,40.0,345.0,0.0,
177.0,Kevin Porter Jr.,24.0,LAC,SG,36.0,1.0,698.0,138.0,327.0,0.422,22.0,88.0,0.25,116.0,239.0,0.485,0.456,45.0,71.0,0.634,22.0,98.0,120.0,117.0,34.0,11.0,73.0,56.0,343.0,0.0,
178.0,Tristan Da Silva,23.0,ORL,SF,40.0,33.0,1033.0,131.0,317.0,0.413,49.0,158.0,0.31,82.0,159.0,0.516,0.491,31.0,38.0,0.816,51.0,112.0,163.0,68.0,18.0,7.0,37.0,63.0,342.0,0.0,
179.0,Gary Trent Jr.,26.0,MIL,SG,36.0,7.0,882.0,119.0,274.0,0.434,75.0,177.0,0.424,44.0,97.0,0.454,0.571,29.0,32.0,0.906,6.0,76.0,82.0,33.0,38.0,1.0,22.0,72.0,342.0,0.0,
180.0,Trayce Jackson-Davis,24.0,GSW,C,40.0,33.0,816.0,147.0,257.0,0.572,0.0,1.0,0.0,147.0,256.0,0.574,0.572,44.0,72.0,0.611,95.0,166.0,261.0,86.0,19.0,34.0,39.0,57.0,338.0,0.0,
181.0,Kristaps Porziņģis,29.0,BOS,C,18.0,18.0,511.0,112.0,241.0,0.465,40.0,105.0,0.381,72.0,136.0,0.529,0.548,74.0,89.0,0.831,34.0,94.0,128.0,29.0,12.0,27.0,18.0,45.0,338.0,0.0,
182.0,Max Christie,21.0,LAL,SG,39.0,18.0,939.0,106.0,239.0,0.444,46.0,127.0,0.362,60.0,112.0,0.536,0.54,69.0,81.0,0.852,24.0,69.0,93.0,52.0,34.0,16.0,30.0,59.0,327.0,0.0,
183.0,Kevin Huerter,26.0,SAC,SG,38.0,15.0,860.0,124.0,296.0,0.419,59.0,195.0,0.303,65.0,101.0,0.644,0.519,19.0,27.0,0.704,19.0,98.0,117.0,70.0,36.0,16.0,35.0,69.0,326.0,0.0,
184.0,Jake LaRavia,23.0,MEM,PF,41.0,0.0,901.0,112.0,228.0,0.491,38.0,87.0,0.437,74.0,141.0,0.525,0.575,64.0,90.0,0.711,59.0,125.0,184.0,129.0,36.0,19.0,63.0,83.0,326.0,0.0,
185.0,Nikola Jović,21.0,MIA,PF,32.0,10.0,733.0,110.0,245.0,0.449,48.0,129.0,0.372,62.0,116.0,0.534,0.547,57.0,68.0,0.838,20.0,104.0,124.0,83.0,27.0,9.0,34.0,47.0,325.0,0.0,
186.0,Jay Huff,26.0,MEM,C,37.0,1.0,544.0,113.0,215.0,0.526,59.0,141.0,0.418,54.0,74.0,0.73,0.663,37.0,48.0,0.771,21.0,71.0,92.0,27.0,11.0,38.0,26.0,61.0,322.0,0.0,
187.0,Jalen Smith,24.0,CHI,C,39.0,1.0,592.0,115.0,245.0,0.469,44.0,133.0,0.331,71.0,112.0,0.634,0.559,48.0,59.0,0.814,57.0,151.0,208.0,33.0,12.0,28.0,26.0,62.0,322.0,0.0,
188.0,Joel Embiid,30.0,PHI,C,13.0,13.0,383.0,99.0,219.0,0.452,16.0,49.0,0.327,83.0,170.0,0.488,0.489,103.0,112.0,0.92,22.0,81.0,103.0,50.0,11.0,13.0,41.0,29.0,317.0,0.0,
189.0,Brice Sensabaugh,21.0,UTA,SF,31.0,0.0,568.0,113.0,238.0,0.475,58.0,142.0,0.408,55.0,96.0,0.573,0.597,30.0,32.0,0.938,20.0,65.0,85.0,44.0,17.0,3.0,48.0,43.0,314.0,0.0,
190.0,Noah Clowney,20.0,BRK,PF,33.0,14.0,746.0,100.0,260.0,0.385,65.0,181.0,0.359,35.0,79.0,0.443,0.51,48.0,56.0,0.857,31.0,98.0,129.0,29.0,15.0,15.0,33.0,83.0,313.0,0.0,
191.0,Patrick Williams,23.0,CHI,PF,33.0,32.0,878.0,108.0,284.0,0.38,56.0,154.0,0.364,52.0,130.0,0.4,0.479,39.0,47.0,0.83,21.0,105.0,126.0,71.0,28.0,21.0,45.0,47.0,311.0,0.0,
192.0,Keon Ellis,25.0,SAC,SG,40.0,10.0,858.0,99.0,207.0,0.478,66.0,148.0,0.446,33.0,59.0,0.559,0.638,42.0,49.0,0.857,31.0,66.0,97.0,46.0,54.0,29.0,32.0,77.0,306.0,0.0,
193.0,Miles McBride,24.0,NYK,PG,33.0,0.0,784.0,108.0,255.0,0.424,59.0,152.0,0.388,49.0,103.0,0.476,0.539,31.0,38.0,0.816,27.0,56.0,83.0,96.0,27.0,6.0,26.0,48.0,306.0,0.0,
194.0,Cason Wallace,21.0,OKC,SG,41.0,28.0,1131.0,125.0,279.0,0.448,42.0,124.0,0.339,83.0,155.0,0.535,0.523,14.0,18.0,0.778,44.0,99.0,143.0,103.0,70.0,25.0,27.0,87.0,306.0,0.0,
195.0,Tari Eason,23.0,HOU,PF,26.0,0.0,594.0,117.0,241.0,0.485,24.0,77.0,0.312,93.0,164.0,0.567,0.535,46.0,62.0,0.742,55.0,108.0,163.0,29.0,50.0,24.0,20.0,63.0,304.0,0.0,
196.0,A.J. Green,25.0,MIL,SG,38.0,4.0,827.0,101.0,226.0,0.447,88.0,199.0,0.442,13.0,27.0,0.481,0.642,12.0,14.0,0.857,10.0,79.0,89.0,48.0,19.0,4.0,21.0,82.0,302.0,0.0,
197.0,Mike Conley,37.0,MIN,PG,38.0,32.0,923.0,94.0,260.0,0.362,66.0,176.0,0.375,28.0,84.0,0.333,0.488,46.0,52.0,0.885,18.0,80.0,98.0,157.0,47.0,8.0,43.0,54.0,300.0,0.0,
198.0,Taurean Prince,30.0,MIL,SF,41.0,34.0,1039.0,107.0,234.0,0.457,69.0,149.0,0.463,38.0,85.0,0.447,0.605,17.0,22.0,0.773,23.0,126.0,149.0,73.0,33.0,6.0,44.0,78.0,300.0,0.0,
199.0,Ziaire Williams,23.0,BRK,SF,31.0,16.0,704.0,100.0,244.0,0.41,39.0,119.0,0.328,61.0,125.0,0.488,0.49,58.0,71.0,0.817,33.0,112.0,145.0,45.0,31.0,12.0,34.0,79.0,297.0,0.0,
200.0,Andrew Nembhard,25.0,IND,SG,28.0,28.0,793.0,111.0,241.0,0.461,22.0,67.0,0.328,89.0,174.0,0.511,0.506,52.0,70.0,0.743,14.0,78.0,92.0,139.0,29.0,3.0,50.0,57.0,296.0,0.0,
201.0,Dalano Banton,25.0,POR,PG,33.0,0.0,527.0,105.0,257.0,0.409,40.0,108.0,0.37,65.0,149.0,0.436,0.486,45.0,66.0,0.682,11.0,57.0,68.0,77.0,27.0,16.0,45.0,32.0,295.0,0.0,
202.0,Brandon Clarke,28.0,MEM,PF,39.0,18.0,723.0,133.0,217.0,0.613,1.0,16.0,0.063,132.0,201.0,0.657,0.615,27.0,43.0,0.628,67.0,127.0,194.0,38.0,31.0,20.0,20.0,89.0,294.0,0.0,
203.0,Jeremy Sochan,21.0,SAS,PF,22.0,19.0,637.0,116.0,219.0,0.53,11.0,39.0,0.282,105.0,180.0,0.583,0.555,51.0,70.0,0.729,59.0,118.0,177.0,57.0,20.0,14.0,40.0,52.0,294.0,0.0,
204.0,Dereck Lively II,20.0,DAL,C,32.0,25.0,768.0,124.0,177.0,0.701,0.0,0.0,,124.0,177.0,0.701,0.701,44.0,69.0,0.638,99.0,152.0,251.0,84.0,17.0,54.0,39.0,94.0,292.0,0.0,
205.0,Cody Martin,29.0,CHO,SF,36.0,7.0,919.0,111.0,252.0,0.44,39.0,119.0,0.328,72.0,133.0,0.541,0.518,30.0,43.0,0.698,37.0,127.0,164.0,80.0,42.0,24.0,39.0,69.0,291.0,0.0,
206.0,Draymond Green,34.0,GSW,PF,34.0,32.0,946.0,100.0,241.0,0.415,46.0,127.0,0.362,54.0,114.0,0.474,0.51,40.0,65.0,0.615,35.0,169.0,204.0,186.0,35.0,38.0,84.0,105.0,286.0,0.0,
207.0,Jordan Hawkins,22.0,NOP,SG,27.0,4.0,615.0,96.0,272.0,0.353,52.0,163.0,0.319,44.0,109.0,0.404,0.449,42.0,52.0,0.808,11.0,58.0,69.0,26.0,13.0,13.0,25.0,20.0,286.0,0.0,
208.0,Isaiah Hartenstein,26.0,OKC,C,24.0,23.0,715.0,120.0,214.0,0.561,0.0,11.0,0.0,120.0,203.0,0.591,0.561,42.0,62.0,0.677,68.0,224.0,292.0,99.0,21.0,30.0,48.0,70.0,282.0,0.0,
209.0,Ryan Dunn,22.0,PHO,SF,37.0,21.0,757.0,114.0,247.0,0.462,44.0,135.0,0.326,70.0,112.0,0.625,0.551,9.0,19.0,0.474,38.0,93.0,131.0,33.0,19.0,26.0,16.0,91.0,281.0,0.0,
210.0,Al Horford,38.0,BOS,C,33.0,25.0,901.0,103.0,241.0,0.427,65.0,176.0,0.369,38.0,65.0,0.585,0.562,10.0,12.0,0.833,33.0,142.0,175.0,69.0,23.0,29.0,26.0,50.0,281.0,0.0,
211.0,Caleb Martin,29.0,PHI,SF,31.0,24.0,943.0,101.0,232.0,0.435,33.0,87.0,0.379,68.0,145.0,0.469,0.506,46.0,74.0,0.622,43.0,93.0,136.0,69.0,34.0,20.0,43.0,63.0,281.0,0.0,
212.0,Aaron Gordon,29.0,DEN,PF,21.0,16.0,568.0,97.0,183.0,0.53,24.0,59.0,0.407,73.0,124.0,0.589,0.596,61.0,78.0,0.782,35.0,81.0,116.0,57.0,9.0,5.0,30.0,35.0,279.0,0.0,
213.0,Jarace Walker,21.0,IND,PF,43.0,1.0,740.0,101.0,213.0,0.474,43.0,108.0,0.398,58.0,105.0,0.552,0.575,34.0,53.0,0.642,17.0,131.0,148.0,62.0,42.0,16.0,49.0,75.0,279.0,0.0,
214.0,Jaden Hardy,22.0,DAL,SG,34.0,3.0,540.0,100.0,234.0,0.427,43.0,109.0,0.394,57.0,125.0,0.456,0.519,34.0,46.0,0.739,7.0,46.0,53.0,49.0,21.0,5.0,50.0,54.0,277.0,0.0,
215.0,Garrison Mathews,28.0,ATL,SG,32.0,2.0,606.0,80.0,193.0,0.415,66.0,162.0,0.407,14.0,31.0,0.452,0.585,51.0,61.0,0.836,11.0,44.0,55.0,48.0,22.0,10.0,22.0,57.0,277.0,0.0,
216.0,Cameron Payne,30.0,NYK,PG,37.0,1.0,552.0,100.0,225.0,0.444,58.0,137.0,0.423,42.0,88.0,0.477,0.573,19.0,22.0,0.864,10.0,44.0,54.0,94.0,23.0,11.0,25.0,62.0,277.0,0.0,
217.0,Kyshawn George,21.0,WAS,SG,36.0,8.0,916.0,94.0,268.0,0.351,52.0,184.0,0.283,42.0,84.0,0.5,0.448,35.0,46.0,0.761,30.0,107.0,137.0,80.0,30.0,22.0,41.0,108.0,275.0,0.0,
218.0,Haywood Highsmith,28.0,MIA,SF,39.0,32.0,973.0,103.0,213.0,0.484,51.0,123.0,0.415,52.0,90.0,0.578,0.603,16.0,24.0,0.667,35.0,94.0,129.0,48.0,39.0,25.0,32.0,81.0,273.0,0.0,
219.0,Moses Moody,22.0,GSW,SG,34.0,4.0,569.0,93.0,215.0,0.433,51.0,130.0,0.392,42.0,85.0,0.494,0.551,35.0,47.0,0.745,14.0,48.0,62.0,29.0,17.0,8.0,24.0,45.0,272.0,0.0,
220.0,Ron Holland,19.0,DET,SF,42.0,1.0,659.0,106.0,222.0,0.477,20.0,85.0,0.235,86.0,137.0,0.628,0.523,39.0,49.0,0.796,21.0,96.0,117.0,32.0,20.0,6.0,38.0,76.0,271.0,0.0,
221.0,Zach Edey,22.0,MEM,C,28.0,21.0,578.0,111.0,190.0,0.584,11.0,28.0,0.393,100.0,162.0,0.617,0.613,34.0,54.0,0.63,91.0,113.0,204.0,25.0,18.0,29.0,44.0,78.0,267.0,0.0,
222.0,Wendell Carter Jr.,25.0,ORL,C,31.0,22.0,782.0,94.0,213.0,0.441,15.0,74.0,0.203,79.0,139.0,0.568,0.477,63.0,92.0,0.685,51.0,171.0,222.0,68.0,27.0,18.0,25.0,84.0,266.0,0.0,
223.0,Luke Kennard,28.0,MEM,SG,29.0,1.0,622.0,86.0,187.0,0.46,60.0,129.0,0.465,26.0,58.0,0.448,0.62,32.0,36.0,0.889,19.0,69.0,88.0,94.0,16.0,2.0,26.0,23.0,264.0,0.0,
224.0,Sam Hauser,27.0,BOS,PF,35.0,6.0,709.0,92.0,221.0,0.416,68.0,187.0,0.364,24.0,34.0,0.706,0.57,2.0,2.0,1.0,26.0,79.0,105.0,38.0,26.0,7.0,12.0,37.0,254.0,0.0,
225.0,Paolo Banchero,22.0,ORL,PF,10.0,10.0,320.0,84.0,182.0,0.462,19.0,53.0,0.358,65.0,129.0,0.504,0.514,65.0,95.0,0.684,17.0,58.0,75.0,48.0,7.0,8.0,30.0,20.0,252.0,0.0,
226.0,Kris Dunn,30.0,LAC,PG,41.0,28.0,935.0,103.0,245.0,0.42,39.0,128.0,0.305,64.0,117.0,0.547,0.5,6.0,12.0,0.5,27.0,108.0,135.0,112.0,63.0,13.0,48.0,102.0,251.0,0.0,
227.0,Josh Green,24.0,CHO,SG,36.0,35.0,1015.0,89.0,215.0,0.414,50.0,125.0,0.4,39.0,90.0,0.433,0.53,23.0,36.0,0.639,41.0,63.0,104.0,52.0,37.0,11.0,34.0,102.0,251.0,0.0,
228.0,Malcolm Brogdon,32.0,WAS,PG,18.0,13.0,447.0,86.0,194.0,0.443,15.0,48.0,0.313,71.0,146.0,0.486,0.482,62.0,70.0,0.886,17.0,56.0,73.0,71.0,10.0,5.0,31.0,26.0,249.0,0.0,
229.0,Dorian Finney-Smith,31.0,2TM,PF,27.0,20.0,743.0,87.0,194.0,0.448,56.0,133.0,0.421,31.0,61.0,0.508,0.593,19.0,29.0,0.655,40.0,71.0,111.0,40.0,24.0,12.0,21.0,71.0,249.0,0.0,
229.0,Dorian Finney-Smith,31.0,BRK,PF,20.0,20.0,579.0,73.0,159.0,0.459,47.0,108.0,0.435,26.0,51.0,0.51,0.607,15.0,24.0,0.625,31.0,60.0,91.0,31.0,18.0,12.0,18.0,54.0,208.0,0.0,
229.0,Dorian Finney-Smith,31.0,LAL,PF,7.0,0.0,164.0,14.0,35.0,0.4,9.0,25.0,0.36,5.0,10.0,0.5,0.529,4.0,5.0,0.8,9.0,11.0,20.0,9.0,6.0,0.0,3.0,17.0,41.0,0.0,
230.0,Simone Fontecchio,29.0,DET,SF,37.0,0.0,670.0,82.0,199.0,0.412,43.0,122.0,0.352,39.0,77.0,0.506,0.52,38.0,48.0,0.792,27.0,82.0,109.0,32.0,12.0,6.0,33.0,48.0,245.0,0.0,
231.0,Jonathan Isaac,27.0,ORL,PF,38.0,0.0,644.0,88.0,210.0,0.419,26.0,102.0,0.255,62.0,108.0,0.574,0.481,40.0,61.0,0.656,68.0,116.0,184.0,19.0,29.0,50.0,18.0,53.0,242.0,0.0,
232.0,Brandin Podziemski,21.0,GSW,SG,30.0,8.0,725.0,93.0,230.0,0.404,31.0,105.0,0.295,62.0,125.0,0.496,0.472,22.0,30.0,0.733,31.0,104.0,135.0,96.0,29.0,7.0,30.0,46.0,239.0,0.0,
233.0,Javonte Green,31.0,NOP,SG,38.0,14.0,823.0,83.0,177.0,0.469,30.0,78.0,0.385,53.0,99.0,0.535,0.554,38.0,49.0,0.776,39.0,92.0,131.0,32.0,39.0,27.0,24.0,56.0,234.0,0.0,
234.0,Johnny Juzang,23.0,UTA,SG,32.0,5.0,571.0,79.0,189.0,0.418,54.0,135.0,0.4,25.0,54.0,0.463,0.561,22.0,25.0,0.88,19.0,69.0,88.0,33.0,12.0,5.0,16.0,62.0,234.0,0.0,
235.0,Cam Whitmore,20.0,HOU,SF,23.0,0.0,377.0,89.0,203.0,0.438,29.0,89.0,0.326,60.0,114.0,0.526,0.51,26.0,35.0,0.743,20.0,53.0,73.0,17.0,14.0,5.0,17.0,20.0,233.0,0.0,
236.0,Mark Williams,23.0,CHO,C,16.0,13.0,359.0,93.0,145.0,0.641,0.0,1.0,0.0,93.0,144.0,0.646,0.641,46.0,61.0,0.754,50.0,98.0,148.0,35.0,10.0,16.0,17.0,37.0,232.0,0.0,
237.0,Khris Middleton,33.0,MIL,SF,18.0,7.0,423.0,83.0,173.0,0.48,26.0,69.0,0.377,57.0,104.0,0.548,0.555,35.0,42.0,0.833,5.0,66.0,71.0,91.0,16.0,3.0,31.0,39.0,227.0,0.0,
238.0,Davion Mitchell,26.0,TOR,PG,37.0,17.0,907.0,85.0,204.0,0.417,33.0,99.0,0.333,52.0,105.0,0.495,0.498,23.0,35.0,0.657,15.0,59.0,74.0,166.0,27.0,8.0,62.0,96.0,226.0,0.0,
239.0,Tyrese Martin,25.0,BRK,SG,27.0,5.0,556.0,82.0,203.0,0.404,43.0,120.0,0.358,39.0,83.0,0.47,0.51,17.0,26.0,0.654,28.0,71.0,99.0,50.0,13.0,5.0,33.0,29.0,224.0,0.0,
240.0,Sam Merrill,28.0,CLE,SG,34.0,2.0,612.0,73.0,195.0,0.374,58.0,171.0,0.339,15.0,24.0,0.625,0.523,17.0,18.0,0.944,12.0,47.0,59.0,55.0,18.0,7.0,15.0,63.0,221.0,0.0,
241.0,Jeremiah Robinson-Earl,24.0,NOP,PF,36.0,5.0,669.0,85.0,188.0,0.452,26.0,84.0,0.31,59.0,104.0,0.567,0.521,25.0,29.0,0.862,69.0,109.0,178.0,48.0,26.0,5.0,26.0,47.0,221.0,0.0,
242.0,Zion Williamson,24.0,NOP,PF,10.0,10.0,289.0,82.0,169.0,0.485,2.0,10.0,0.2,80.0,159.0,0.503,0.491,53.0,85.0,0.624,34.0,48.0,82.0,54.0,12.0,12.0,34.0,29.0,219.0,0.0,
243.0,Ajay Mitchell,22.0,OKC,SG,34.0,1.0,561.0,84.0,166.0,0.506,22.0,51.0,0.431,62.0,115.0,0.539,0.572,28.0,33.0,0.848,17.0,50.0,67.0,57.0,24.0,3.0,28.0,59.0,218.0,0.0,
244.0,Trey Lyles,29.0,SAC,PF,32.0,2.0,658.0,73.0,186.0,0.392,45.0,131.0,0.344,28.0,55.0,0.509,0.513,26.0,34.0,0.765,34.0,118.0,152.0,31.0,19.0,15.0,21.0,42.0,217.0,0.0,
245.0,Jusuf Nurkić,30.0,PHO,C,25.0,23.0,592.0,74.0,163.0,0.454,19.0,59.0,0.322,55.0,104.0,0.529,0.512,48.0,69.0,0.696,46.0,183.0,229.0,47.0,23.0,16.0,57.0,78.0,215.0,0.0,
246.0,Isaiah Stewart,23.0,DET,C,38.0,3.0,796.0,87.0,169.0,0.515,8.0,33.0,0.242,79.0,136.0,0.581,0.538,33.0,38.0,0.868,81.0,143.0,224.0,68.0,18.0,49.0,34.0,98.0,215.0,0.0,
247.0,Ricky Council IV,23.0,PHI,SF,34.0,3.0,486.0,70.0,170.0,0.412,20.0,72.0,0.278,50.0,98.0,0.51,0.471,53.0,63.0,0.841,23.0,58.0,81.0,30.0,12.0,6.0,20.0,29.0,213.0,0.0,
248.0,Jared Butler,24.0,WAS,SG,31.0,0.0,345.0,83.0,171.0,0.485,15.0,40.0,0.375,68.0,131.0,0.519,0.529,31.0,40.0,0.775,14.0,27.0,41.0,79.0,12.0,5.0,27.0,37.0,212.0,0.0,
249.0,Shake Milton,28.0,2TM,SG,33.0,1.0,550.0,77.0,171.0,0.45,30.0,82.0,0.366,47.0,89.0,0.528,0.538,28.0,37.0,0.757,17.0,44.0,61.0,69.0,15.0,2.0,23.0,46.0,212.0,0.0,
249.0,Shake Milton,28.0,BRK,SG,27.0,1.0,492.0,73.0,157.0,0.465,28.0,72.0,0.389,45.0,85.0,0.529,0.554,25.0,33.0,0.758,16.0,35.0,51.0,64.0,15.0,1.0,20.0,43.0,199.0,0.0,
249.0,Shake Milton,28.0,LAL,SG,6.0,0.0,58.0,4.0,14.0,0.286,2.0,10.0,0.2,2.0,4.0,0.5,0.357,3.0,4.0,0.75,1.0,9.0,10.0,5.0,0.0,1.0,3.0,3.0,13.0,0.0,
250.0,Bogdan Bogdanović,32.0,ATL,SG,20.0,0.0,505.0,73.0,187.0,0.39,41.0,127.0,0.323,32.0,60.0,0.533,0.5,23.0,25.0,0.92,10.0,42.0,52.0,46.0,18.0,4.0,30.0,47.0,210.0,0.0,
251.0,Talen Horton-Tucker,24.0,CHI,SG,35.0,0.0,414.0,77.0,161.0,0.478,29.0,72.0,0.403,48.0,89.0,0.539,0.568,27.0,40.0,0.675,13.0,51.0,64.0,47.0,13.0,8.0,21.0,35.0,210.0,0.0,
252.0,Justin Champagnie,23.0,WAS,SF,23.0,13.0,506.0,81.0,155.0,0.523,31.0,75.0,0.413,50.0,80.0,0.625,0.623,15.0,23.0,0.652,42.0,79.0,121.0,24.0,26.0,15.0,22.0,51.0,208.0,0.0,
253.0,Nick Richards,27.0,2TM,C,22.0,9.0,469.0,71.0,122.0,0.582,0.0,1.0,0.0,71.0,121.0,0.587,0.582,66.0,96.0,0.688,55.0,114.0,169.0,29.0,8.0,26.0,33.0,50.0,208.0,0.0,
253.0,Nick Richards,27.0,CHO,C,21.0,9.0,440.0,64.0,114.0,0.561,0.0,1.0,0.0,64.0,113.0,0.566,0.561,59.0,87.0,0.678,51.0,107.0,158.0,28.0,7.0,26.0,33.0,48.0,187.0,0.0,
253.0,Nick Richards,27.0,PHO,C,1.0,0.0,29.0,7.0,8.0,0.875,0.0,0.0,,7.0,8.0,0.875,0.875,7.0,9.0,0.778,4.0,7.0,11.0,1.0,1.0,0.0,0.0,2.0,21.0,0.0,
254.0,Herbert Jones,26.0,NOP,SF,20.0,20.0,648.0,75.0,172.0,0.436,22.0,72.0,0.306,53.0,100.0,0.53,0.5,33.0,40.0,0.825,22.0,56.0,78.0,65.0,37.0,9.0,35.0,66.0,205.0,0.0,
255.0,Jamal Shead,22.0,TOR,PG,38.0,0.0,608.0,80.0,186.0,0.43,30.0,82.0,0.366,50.0,104.0,0.481,0.511,15.0,22.0,0.682,10.0,30.0,40.0,128.0,23.0,4.0,55.0,66.0,205.0,0.0,
256.0,Jose Alvarado,26.0,NOP,PG,20.0,7.0,443.0,68.0,170.0,0.4,46.0,110.0,0.418,22.0,60.0,0.367,0.535,21.0,26.0,0.808,11.0,30.0,41.0,82.0,29.0,5.0,22.0,43.0,203.0,0.0,
257.0,Matas Buzelis,20.0,CHI,SF,41.0,0.0,523.0,72.0,188.0,0.383,31.0,94.0,0.33,41.0,94.0,0.436,0.465,26.0,32.0,0.813,23.0,83.0,106.0,18.0,11.0,35.0,22.0,56.0,201.0,0.0,
258.0,Lindy Waters III,27.0,GSW,SG,33.0,9.0,609.0,72.0,189.0,0.381,45.0,135.0,0.333,27.0,54.0,0.5,0.5,8.0,11.0,0.727,15.0,75.0,90.0,37.0,20.0,9.0,15.0,50.0,197.0,0.0,
259.0,Dean Wade,28.0,CLE,PF,32.0,23.0,730.0,66.0,160.0,0.413,49.0,137.0,0.358,17.0,23.0,0.739,0.566,12.0,24.0,0.5,30.0,133.0,163.0,46.0,27.0,15.0,11.0,58.0,193.0,0.0,
260.0,Andre Drummond,31.0,PHI,C,27.0,15.0,518.0,77.0,152.0,0.507,1.0,11.0,0.091,76.0,141.0,0.539,0.51,35.0,61.0,0.574,70.0,139.0,209.0,14.0,32.0,10.0,46.0,66.0,190.0,0.0,
261.0,Julian Phillips,21.0,CHI,SF,42.0,3.0,568.0,68.0,155.0,0.439,26.0,84.0,0.31,42.0,71.0,0.592,0.523,27.0,38.0,0.711,38.0,46.0,84.0,17.0,19.0,10.0,18.0,56.0,189.0,0.0,
262.0,Kel'el Ware,20.0,MIA,C,26.0,0.0,364.0,78.0,135.0,0.578,14.0,35.0,0.4,64.0,100.0,0.64,0.63,19.0,27.0,0.704,25.0,79.0,104.0,15.0,12.0,24.0,13.0,30.0,189.0,0.0,
263.0,Ben Simmons,28.0,BRK,PG,30.0,24.0,760.0,86.0,155.0,0.555,0.0,0.0,,86.0,155.0,0.555,0.555,16.0,23.0,0.696,27.0,133.0,160.0,213.0,24.0,15.0,84.0,74.0,188.0,0.0,
264.0,Vasilije Micić,31.0,CHO,PG,27.0,11.0,544.0,67.0,196.0,0.342,31.0,92.0,0.337,36.0,104.0,0.346,0.421,22.0,28.0,0.786,16.0,47.0,63.0,94.0,13.0,0.0,52.0,29.0,187.0,0.0,
265.0,Jamison Battle,23.0,TOR,SF,33.0,0.0,426.0,65.0,142.0,0.458,44.0,106.0,0.415,21.0,36.0,0.583,0.613,12.0,14.0,0.857,19.0,43.0,62.0,31.0,4.0,4.0,12.0,36.0,186.0,0.0,
266.0,Eric Gordon,36.0,PHI,SG,30.0,7.0,556.0,60.0,150.0,0.4,36.0,100.0,0.36,24.0,50.0,0.48,0.52,29.0,39.0,0.744,6.0,28.0,34.0,43.0,19.0,9.0,21.0,27.0,185.0,0.0,
267.0,Kevon Looney,28.0,GSW,C,35.0,5.0,563.0,82.0,151.0,0.543,0.0,1.0,0.0,82.0,150.0,0.547,0.543,21.0,47.0,0.447,106.0,137.0,243.0,62.0,28.0,12.0,22.0,77.0,185.0,0.0,
268.0,Marcus Sasser,24.0,DET,PG,31.0,0.0,432.0,72.0,149.0,0.483,30.0,77.0,0.39,42.0,72.0,0.583,0.584,11.0,12.0,0.917,11.0,26.0,37.0,63.0,21.0,4.0,28.0,40.0,185.0,0.0,
269.0,Tre Mann,23.0,CHO,PG,13.0,0.0,319.0,70.0,161.0,0.435,24.0,60.0,0.4,46.0,101.0,0.455,0.509,19.0,21.0,0.905,12.0,26.0,38.0,39.0,7.0,4.0,25.0,24.0,183.0,0.0,
270.0,Jonathan Mogbo,23.0,TOR,PF,36.0,6.0,589.0,70.0,151.0,0.464,8.0,25.0,0.32,62.0,126.0,0.492,0.49,35.0,48.0,0.729,63.0,86.0,149.0,56.0,26.0,16.0,31.0,66.0,183.0,0.0,
271.0,Terance Mann,28.0,LAC,SG,28.0,11.0,553.0,70.0,150.0,0.467,23.0,57.0,0.404,47.0,93.0,0.505,0.543,18.0,26.0,0.692,25.0,56.0,81.0,44.0,25.0,6.0,17.0,53.0,181.0,0.0,
272.0,Kyle Filipowski,21.0,UTA,C,30.0,8.0,532.0,68.0,137.0,0.496,18.0,58.0,0.31,50.0,79.0,0.633,0.562,26.0,43.0,0.605,27.0,107.0,134.0,54.0,19.0,4.0,31.0,55.0,180.0,0.0,
273.0,Kenrich Williams,30.0,OKC,PF,31.0,0.0,429.0,69.0,139.0,0.496,27.0,70.0,0.386,42.0,69.0,0.609,0.594,14.0,15.0,0.933,24.0,70.0,94.0,30.0,19.0,5.0,16.0,49.0,179.0,0.0,
274.0,Ja'Kobe Walter,20.0,TOR,SG,24.0,7.0,455.0,65.0,165.0,0.394,24.0,81.0,0.296,41.0,84.0,0.488,0.467,24.0,36.0,0.667,20.0,38.0,58.0,34.0,12.0,6.0,21.0,46.0,178.0,0.0,
275.0,Kyle Anderson,31.0,GSW,PF,33.0,3.0,503.0,70.0,158.0,0.443,19.0,51.0,0.373,51.0,107.0,0.477,0.503,18.0,27.0,0.667,25.0,78.0,103.0,77.0,26.0,18.0,18.0,37.0,177.0,0.0,
276.0,Luke Kornet,29.0,BOS,C,36.0,4.0,596.0,70.0,110.0,0.636,0.0,0.0,,70.0,110.0,0.636,0.636,36.0,50.0,0.72,80.0,103.0,183.0,52.0,19.0,35.0,14.0,48.0,176.0,0.0,
277.0,Neemias Queta,25.0,BOS,C,34.0,5.0,512.0,75.0,112.0,0.67,0.0,2.0,0.0,75.0,110.0,0.682,0.67,26.0,36.0,0.722,51.0,85.0,136.0,20.0,11.0,27.0,22.0,66.0,176.0,0.0,
278.0,Donovan Clingan,20.0,POR,C,31.0,8.0,516.0,72.0,134.0,0.537,6.0,20.0,0.3,66.0,114.0,0.579,0.56,25.0,34.0,0.735,85.0,116.0,201.0,20.0,15.0,48.0,38.0,79.0,175.0,0.0,
279.0,Monte Morris,29.0,PHO,PG,34.0,0.0,458.0,61.0,146.0,0.418,19.0,62.0,0.306,42.0,84.0,0.5,0.483,34.0,40.0,0.85,10.0,43.0,53.0,59.0,14.0,3.0,16.0,19.0,175.0,0.0,
280.0,Seth Curry,34.0,CHO,SG,32.0,8.0,433.0,65.0,135.0,0.481,29.0,68.0,0.426,36.0,67.0,0.537,0.589,13.0,15.0,0.867,13.0,32.0,45.0,16.0,14.0,5.0,11.0,31.0,172.0,0.0,
281.0,Drew Eubanks,27.0,UTA,C,31.0,2.0,466.0,70.0,114.0,0.614,3.0,5.0,0.6,67.0,109.0,0.615,0.627,29.0,45.0,0.644,32.0,110.0,142.0,39.0,9.0,25.0,28.0,40.0,172.0,0.0,
282.0,Jett Howard,21.0,ORL,SF,37.0,0.0,415.0,61.0,160.0,0.381,35.0,114.0,0.307,26.0,46.0,0.565,0.491,14.0,16.0,0.875,15.0,32.0,47.0,24.0,5.0,6.0,17.0,38.0,171.0,0.0,
283.0,Gabe Vincent,28.0,LAL,PG,36.0,5.0,705.0,65.0,166.0,0.392,33.0,107.0,0.308,32.0,59.0,0.542,0.491,5.0,10.0,0.5,11.0,35.0,46.0,40.0,28.0,8.0,24.0,69.0,168.0,0.0,
284.0,Grant Williams,26.0,CHO,PF,16.0,7.0,479.0,54.0,123.0,0.439,27.0,74.0,0.365,27.0,49.0,0.551,0.549,31.0,37.0,0.838,18.0,64.0,82.0,37.0,18.0,13.0,28.0,46.0,166.0,0.0,
285.0,Marcus Smart,30.0,MEM,PG,18.0,6.0,382.0,53.0,142.0,0.373,29.0,87.0,0.333,24.0,55.0,0.436,0.475,30.0,36.0,0.833,14.0,28.0,42.0,69.0,23.0,6.0,34.0,30.0,165.0,0.0,
286.0,Chet Holmgren,22.0,OKC,C,10.0,10.0,265.0,56.0,111.0,0.505,14.0,37.0,0.378,42.0,74.0,0.568,0.568,38.0,49.0,0.776,16.0,71.0,87.0,20.0,8.0,26.0,23.0,18.0,164.0,0.0,
287.0,Kris Murray,24.0,POR,SF,36.0,0.0,528.0,67.0,146.0,0.459,16.0,59.0,0.271,51.0,87.0,0.586,0.514,12.0,27.0,0.444,41.0,43.0,84.0,36.0,13.0,8.0,22.0,36.0,162.0,0.0,
288.0,Mason Plumlee,34.0,PHO,C,40.0,18.0,710.0,62.0,107.0,0.579,0.0,1.0,0.0,62.0,106.0,0.585,0.579,38.0,62.0,0.613,67.0,193.0,260.0,77.0,16.0,29.0,35.0,87.0,162.0,0.0,
289.0,Ben Sheppard,23.0,IND,SG,29.0,7.0,589.0,58.0,141.0,0.411,37.0,98.0,0.378,21.0,43.0,0.488,0.543,9.0,10.0,0.9,17.0,56.0,73.0,31.0,15.0,8.0,10.0,66.0,162.0,0.0,
290.0,Isaac Okoro,24.0,CLE,SG,28.0,16.0,551.0,56.0,131.0,0.427,31.0,78.0,0.397,25.0,53.0,0.472,0.546,18.0,25.0,0.72,22.0,36.0,58.0,46.0,19.0,11.0,11.0,57.0,161.0,0.0,
291.0,Zach Collins,27.0,SAS,C,32.0,4.0,405.0,58.0,128.0,0.453,13.0,45.0,0.289,45.0,83.0,0.542,0.504,31.0,35.0,0.886,37.0,60.0,97.0,49.0,14.0,13.0,23.0,67.0,160.0,0.0,
292.0,Tidjane Salaün,19.0,CHO,PF,34.0,8.0,625.0,54.0,170.0,0.318,30.0,107.0,0.28,24.0,63.0,0.381,0.406,21.0,31.0,0.677,35.0,104.0,139.0,37.0,20.0,6.0,29.0,44.0,159.0,0.0,
293.0,Day'Ron Sharpe,23.0,BRK,C,21.0,0.0,365.0,64.0,139.0,0.46,3.0,26.0,0.115,61.0,113.0,0.54,0.471,27.0,37.0,0.73,59.0,74.0,133.0,32.0,14.0,9.0,24.0,41.0,158.0,0.0,
294.0,Thomas Bryant,27.0,2TM,C,27.0,1.0,354.0,58.0,109.0,0.532,22.0,53.0,0.415,36.0,56.0,0.643,0.633,17.0,18.0,0.944,33.0,66.0,99.0,18.0,9.0,18.0,10.0,24.0,155.0,0.0,
294.0,Thomas Bryant,27.0,MIA,C,10.0,0.0,115.0,12.0,28.0,0.429,6.0,17.0,0.353,6.0,11.0,0.545,0.536,11.0,11.0,1.0,6.0,26.0,32.0,4.0,1.0,9.0,2.0,9.0,41.0,0.0,
294.0,Thomas Bryant,27.0,IND,C,17.0,1.0,239.0,46.0,81.0,0.568,16.0,36.0,0.444,30.0,45.0,0.667,0.667,6.0,7.0,0.857,27.0,40.0,67.0,14.0,8.0,9.0,8.0,15.0,114.0,0.0,
295.0,KJ Martin,24.0,PHI,PF,24.0,7.0,480.0,61.0,99.0,0.616,8.0,21.0,0.381,53.0,78.0,0.679,0.657,24.0,29.0,0.828,21.0,51.0,72.0,19.0,11.0,16.0,12.0,62.0,154.0,0.0,
296.0,Daniel Theis,32.0,NOP,C,33.0,8.0,525.0,57.0,116.0,0.491,9.0,34.0,0.265,48.0,82.0,0.585,0.53,29.0,35.0,0.829,37.0,106.0,143.0,47.0,15.0,18.0,21.0,57.0,152.0,0.0,
297.0,Ausar Thompson,22.0,DET,SF,20.0,9.0,376.0,63.0,127.0,0.496,7.0,28.0,0.25,56.0,99.0,0.566,0.524,18.0,34.0,0.529,28.0,66.0,94.0,35.0,29.0,6.0,27.0,53.0,151.0,0.0,
298.0,Josh Okogie,26.0,PHO,SG,25.0,1.0,351.0,56.0,114.0,0.491,16.0,42.0,0.381,40.0,72.0,0.556,0.561,22.0,32.0,0.688,32.0,40.0,72.0,14.0,21.0,10.0,16.0,28.0,150.0,0.0,
299.0,Dalen Terry,22.0,CHI,SG,40.0,1.0,514.0,53.0,117.0,0.453,15.0,43.0,0.349,38.0,74.0,0.514,0.517,27.0,38.0,0.711,20.0,36.0,56.0,42.0,21.0,9.0,33.0,62.0,148.0,0.0,
300.0,Gary Payton II,32.0,GSW,SG,30.0,4.0,406.0,65.0,116.0,0.56,6.0,34.0,0.176,59.0,82.0,0.72,0.586,11.0,18.0,0.611,33.0,53.0,86.0,37.0,20.0,10.0,16.0,45.0,147.0,0.0,
301.0,Immanuel Quickley,25.0,TOR,PG,9.0,9.0,256.0,48.0,127.0,0.378,20.0,58.0,0.345,28.0,69.0,0.406,0.457,30.0,32.0,0.938,1.0,19.0,20.0,55.0,6.0,1.0,16.0,16.0,146.0,0.0,
302.0,Larry Nance Jr.,32.0,ATL,PF,15.0,2.0,291.0,55.0,94.0,0.585,26.0,50.0,0.52,29.0,44.0,0.659,0.723,7.0,8.0,0.875,16.0,48.0,64.0,24.0,16.0,11.0,11.0,23.0,143.0,0.0,
303.0,Lonzo Ball,27.0,CHI,PG,22.0,1.0,444.0,48.0,128.0,0.375,37.0,107.0,0.346,11.0,21.0,0.524,0.52,9.0,12.0,0.75,12.0,61.0,73.0,82.0,34.0,12.0,25.0,34.0,142.0,0.0,
304.0,Isaiah Collier,20.0,UTA,PG,32.0,8.0,652.0,56.0,158.0,0.354,12.0,61.0,0.197,44.0,97.0,0.454,0.392,18.0,31.0,0.581,10.0,78.0,88.0,147.0,23.0,7.0,78.0,62.0,142.0,0.0,
305.0,Andre Jackson Jr.,23.0,MIL,SG,39.0,31.0,675.0,57.0,129.0,0.442,21.0,58.0,0.362,36.0,71.0,0.507,0.523,7.0,13.0,0.538,42.0,80.0,122.0,56.0,23.0,11.0,41.0,86.0,142.0,0.0,
306.0,Alec Burks,33.0,MIA,SG,24.0,0.0,388.0,43.0,101.0,0.426,33.0,74.0,0.446,10.0,27.0,0.37,0.589,21.0,26.0,0.808,7.0,43.0,50.0,26.0,13.0,4.0,9.0,15.0,140.0,0.0,
307.0,Vit Krejci,24.0,ATL,PG,26.0,9.0,461.0,50.0,121.0,0.413,25.0,75.0,0.333,25.0,46.0,0.543,0.517,13.0,17.0,0.765,11.0,50.0,61.0,63.0,16.0,13.0,23.0,47.0,138.0,0.0,
308.0,Nicolas Batum,36.0,LAC,PF,41.0,1.0,726.0,45.0,116.0,0.388,36.0,94.0,0.383,9.0,22.0,0.409,0.543,10.0,13.0,0.769,27.0,89.0,116.0,58.0,27.0,16.0,20.0,60.0,136.0,0.0,
309.0,Alex Caruso,30.0,OKC,SG,24.0,0.0,468.0,52.0,136.0,0.382,22.0,75.0,0.293,30.0,61.0,0.492,0.463,9.0,11.0,0.818,14.0,52.0,66.0,57.0,43.0,13.0,15.0,45.0,135.0,0.0,
310.0,Oso Ighodaro,22.0,PHO,PF,34.0,2.0,565.0,58.0,103.0,0.563,0.0,2.0,0.0,58.0,101.0,0.574,0.563,19.0,33.0,0.576,34.0,92.0,126.0,33.0,16.0,13.0,21.0,58.0,135.0,0.0,
311.0,Charles Bassey,24.0,SAS,C,29.0,0.0,309.0,58.0,99.0,0.586,0.0,0.0,,58.0,99.0,0.586,0.586,18.0,29.0,0.621,47.0,81.0,128.0,12.0,12.0,28.0,21.0,42.0,134.0,0.0,
312.0,Jordan Miller,25.0,LAC,SF,25.0,0.0,351.0,50.0,120.0,0.417,8.0,35.0,0.229,42.0,85.0,0.494,0.45,26.0,33.0,0.788,22.0,29.0,51.0,30.0,14.0,3.0,21.0,21.0,134.0,0.0,
313.0,Svi Mykhailiuk,27.0,UTA,SF,14.0,6.0,251.0,48.0,114.0,0.421,28.0,82.0,0.341,20.0,32.0,0.625,0.544,10.0,13.0,0.769,4.0,25.0,29.0,28.0,13.0,3.0,25.0,17.0,134.0,0.0,
314.0,Malaki Branham,21.0,SAS,SG,26.0,0.0,272.0,47.0,109.0,0.431,19.0,50.0,0.38,28.0,59.0,0.475,0.518,17.0,20.0,0.85,3.0,28.0,31.0,26.0,7.0,2.0,26.0,15.0,130.0,0.0,
315.0,Bones Hyland,24.0,LAC,PG,18.0,0.0,198.0,38.0,103.0,0.369,27.0,72.0,0.375,11.0,31.0,0.355,0.5,21.0,24.0,0.875,5.0,17.0,22.0,26.0,16.0,4.0,19.0,19.0,124.0,0.0,
316.0,Kelly Olynyk,33.0,TOR,C,19.0,1.0,283.0,42.0,86.0,0.488,14.0,31.0,0.452,28.0,55.0,0.509,0.57,26.0,33.0,0.788,18.0,47.0,65.0,41.0,13.0,4.0,25.0,42.0,124.0,0.0,
317.0,Ryan Rollins,22.0,MIL,PG,25.0,5.0,300.0,48.0,98.0,0.49,15.0,41.0,0.366,33.0,57.0,0.579,0.566,13.0,16.0,0.813,9.0,36.0,45.0,28.0,20.0,10.0,21.0,34.0,124.0,0.0,
318.0,Aaron Holiday,28.0,HOU,PG,30.0,0.0,319.0,41.0,97.0,0.423,24.0,62.0,0.387,17.0,35.0,0.486,0.546,15.0,17.0,0.882,6.0,22.0,28.0,34.0,12.0,2.0,14.0,25.0,121.0,0.0,
319.0,Precious Achiuwa,25.0,NYK,PF,22.0,1.0,415.0,50.0,97.0,0.515,5.0,14.0,0.357,45.0,83.0,0.542,0.541,13.0,25.0,0.52,40.0,83.0,123.0,22.0,15.0,18.0,17.0,32.0,118.0,0.0,
320.0,David Roddy,23.0,ATL,PF,23.0,2.0,311.0,42.0,84.0,0.5,16.0,41.0,0.39,26.0,43.0,0.605,0.595,14.0,16.0,0.875,10.0,50.0,60.0,28.0,12.0,6.0,19.0,16.0,114.0,0.0,
321.0,Sandro Mamukelashvili,25.0,SAS,PF,25.0,0.0,213.0,38.0,69.0,0.551,19.0,45.0,0.422,19.0,24.0,0.792,0.688,16.0,22.0,0.727,15.0,47.0,62.0,10.0,4.0,6.0,11.0,16.0,111.0,0.0,
322.0,Trendon Watford,24.0,BRK,PF,13.0,0.0,209.0,35.0,79.0,0.443,8.0,26.0,0.308,27.0,53.0,0.509,0.494,30.0,35.0,0.857,4.0,32.0,36.0,15.0,5.0,4.0,16.0,30.0,108.0,0.0,
323.0,DeAndre Jordan,36.0,DEN,C,30.0,2.0,360.0,48.0,76.0,0.632,0.0,0.0,,48.0,76.0,0.632,0.632,10.0,27.0,0.37,37.0,97.0,134.0,25.0,10.0,15.0,22.0,38.0,106.0,0.0,
324.0,Paul Reed,25.0,DET,C,22.0,0.0,238.0,40.0,71.0,0.563,5.0,16.0,0.313,35.0,55.0,0.636,0.599,21.0,25.0,0.84,16.0,35.0,51.0,23.0,26.0,14.0,12.0,36.0,106.0,0.0,
325.0,Moussa Diabaté,23.0,CHO,C,31.0,4.0,552.0,47.0,78.0,0.603,0.0,0.0,,47.0,78.0,0.603,0.603,11.0,25.0,0.44,92.0,116.0,208.0,19.0,20.0,22.0,27.0,51.0,105.0,0.0,
326.0,Kevin Love,36.0,MIA,PF,17.0,6.0,198.0,35.0,99.0,0.354,21.0,58.0,0.362,14.0,41.0,0.341,0.46,13.0,19.0,0.684,17.0,58.0,75.0,19.0,14.0,2.0,13.0,16.0,104.0,0.0,
327.0,Kyle Lowry,38.0,PHI,PG,25.0,12.0,497.0,31.0,87.0,0.356,22.0,65.0,0.338,9.0,22.0,0.409,0.483,20.0,25.0,0.8,8.0,38.0,46.0,68.0,25.0,8.0,18.0,47.0,104.0,0.0,
328.0,Jabari Walker,22.0,POR,SF,30.0,1.0,310.0,43.0,92.0,0.467,5.0,28.0,0.179,38.0,64.0,0.594,0.495,13.0,18.0,0.722,25.0,63.0,88.0,14.0,12.0,3.0,16.0,35.0,104.0,0.0,
329.0,Reed Sheppard,20.0,HOU,PG,32.0,0.0,360.0,39.0,124.0,0.315,20.0,73.0,0.274,19.0,51.0,0.373,0.395,5.0,6.0,0.833,10.0,30.0,40.0,37.0,17.0,10.0,19.0,28.0,103.0,0.0,
330.0,Quenton Jackson,26.0,IND,PG,18.0,7.0,254.0,39.0,76.0,0.513,9.0,24.0,0.375,30.0,52.0,0.577,0.572,15.0,21.0,0.714,10.0,17.0,27.0,31.0,9.0,5.0,11.0,32.0,102.0,0.0,
331.0,Pelle Larsson,23.0,MIA,SG,25.0,0.0,323.0,37.0,79.0,0.468,11.0,36.0,0.306,26.0,43.0,0.605,0.538,17.0,27.0,0.63,11.0,27.0,38.0,27.0,12.0,2.0,11.0,43.0,102.0,0.0,
332.0,Keaton Wallace,25.0,ATL,PG,17.0,2.0,286.0,39.0,89.0,0.438,17.0,44.0,0.386,22.0,45.0,0.489,0.534,7.0,7.0,1.0,3.0,25.0,28.0,36.0,17.0,6.0,18.0,18.0,102.0,0.0,
333.0,Mo Bamba,26.0,LAC,C,24.0,0.0,300.0,38.0,85.0,0.447,10.0,41.0,0.244,28.0,44.0,0.636,0.506,14.0,21.0,0.667,21.0,83.0,104.0,14.0,9.0,22.0,16.0,40.0,100.0,0.0,
334.0,Cody Williams,20.0,UTA,SG,25.0,11.0,525.0,35.0,116.0,0.302,15.0,61.0,0.246,20.0,55.0,0.364,0.366,14.0,22.0,0.636,12.0,42.0,54.0,33.0,12.0,10.0,20.0,46.0,99.0,0.0,
335.0,Jaxson Hayes,24.0,LAL,C,19.0,3.0,311.0,38.0,61.0,0.623,0.0,1.0,0.0,38.0,60.0,0.633,0.623,22.0,29.0,0.759,28.0,47.0,75.0,15.0,8.0,13.0,10.0,42.0,98.0,0.0,
336.0,Cam Reddish,25.0,LAL,SF,29.0,8.0,539.0,36.0,85.0,0.424,13.0,45.0,0.289,23.0,40.0,0.575,0.5,13.0,21.0,0.619,15.0,46.0,61.0,22.0,30.0,10.0,12.0,42.0,98.0,0.0,
337.0,Max Strus,28.0,CLE,SF,13.0,0.0,303.0,34.0,85.0,0.4,26.0,70.0,0.371,8.0,15.0,0.533,0.553,4.0,5.0,0.8,11.0,38.0,49.0,38.0,4.0,4.0,15.0,22.0,98.0,0.0,
338.0,Pat Connaughton,32.0,MIL,SG,21.0,0.0,330.0,35.0,87.0,0.402,15.0,52.0,0.288,20.0,35.0,0.571,0.489,12.0,16.0,0.75,13.0,47.0,60.0,36.0,4.0,6.0,12.0,25.0,97.0,0.0,
339.0,Tosan Evbuomwan,23.0,BRK,SF,9.0,0.0,214.0,37.0,66.0,0.561,8.0,24.0,0.333,29.0,42.0,0.69,0.621,15.0,24.0,0.625,10.0,28.0,38.0,12.0,4.0,4.0,16.0,19.0,97.0,0.0,
340.0,Trevelin Queen,27.0,ORL,SG,17.0,2.0,296.0,37.0,91.0,0.407,15.0,48.0,0.313,22.0,43.0,0.512,0.489,8.0,9.0,0.889,15.0,14.0,29.0,28.0,20.0,8.0,17.0,30.0,97.0,0.0,
341.0,Nick Smith Jr.,20.0,CHO,SG,20.0,1.0,232.0,37.0,98.0,0.378,21.0,56.0,0.375,16.0,42.0,0.381,0.485,1.0,2.0,0.5,2.0,29.0,31.0,21.0,6.0,2.0,10.0,11.0,96.0,0.0,
342.0,Marvin Bagley III,25.0,WAS,C,19.0,1.0,166.0,38.0,71.0,0.535,2.0,10.0,0.2,36.0,61.0,0.59,0.549,15.0,23.0,0.652,27.0,29.0,56.0,7.0,7.0,5.0,11.0,12.0,93.0,0.0,
343.0,Reggie Jackson,34.0,PHI,PG,23.0,1.0,272.0,34.0,89.0,0.382,19.0,54.0,0.352,15.0,35.0,0.429,0.489,6.0,7.0,0.857,5.0,25.0,30.0,37.0,12.0,3.0,17.0,24.0,93.0,0.0,
344.0,Caleb Houstan,22.0,ORL,SF,31.0,5.0,366.0,29.0,89.0,0.326,25.0,78.0,0.321,4.0,11.0,0.364,0.466,9.0,9.0,1.0,8.0,16.0,24.0,13.0,7.0,3.0,5.0,32.0,92.0,0.0,
345.0,Doug McDermott,33.0,SAC,SF,26.0,3.0,221.0,31.0,73.0,0.425,26.0,63.0,0.413,5.0,10.0,0.5,0.603,3.0,5.0,0.6,2.0,14.0,16.0,4.0,4.0,1.0,4.0,22.0,91.0,0.0,
346.0,Blake Wesley,21.0,SAS,SG,27.0,0.0,270.0,36.0,79.0,0.456,4.0,21.0,0.19,32.0,58.0,0.552,0.481,15.0,21.0,0.714,6.0,17.0,23.0,51.0,9.0,3.0,25.0,14.0,91.0,0.0,
347.0,Maxi Kleber,33.0,DAL,PF,30.0,4.0,576.0,32.0,80.0,0.4,11.0,40.0,0.275,21.0,40.0,0.525,0.469,14.0,17.0,0.824,23.0,64.0,87.0,35.0,8.0,15.0,20.0,59.0,89.0,0.0,
348.0,Dru Smith,27.0,MIA,SG,14.0,1.0,268.0,31.0,61.0,0.508,16.0,30.0,0.533,15.0,31.0,0.484,0.639,10.0,13.0,0.769,12.0,24.0,36.0,23.0,21.0,6.0,17.0,30.0,88.0,0.0,
349.0,Robert Williams,27.0,POR,C,14.0,2.0,236.0,36.0,52.0,0.692,1.0,3.0,0.333,35.0,49.0,0.714,0.702,14.0,15.0,0.933,21.0,50.0,71.0,17.0,10.0,23.0,13.0,18.0,87.0,0.0,
350.0,Tre Jones,25.0,SAS,PG,23.0,0.0,375.0,31.0,70.0,0.443,6.0,22.0,0.273,25.0,48.0,0.521,0.486,17.0,22.0,0.773,12.0,38.0,50.0,84.0,15.0,4.0,16.0,27.0,85.0,0.0,
351.0,Jaylin Williams,22.0,OKC,PF,15.0,3.0,231.0,32.0,74.0,0.432,19.0,55.0,0.345,13.0,19.0,0.684,0.561,2.0,2.0,1.0,19.0,52.0,71.0,35.0,5.0,8.0,9.0,25.0,85.0,0.0,
352.0,Rayan Rupert,20.0,POR,SG,30.0,0.0,263.0,31.0,75.0,0.413,10.0,34.0,0.294,21.0,41.0,0.512,0.48,12.0,16.0,0.75,20.0,18.0,38.0,14.0,8.0,2.0,15.0,19.0,84.0,0.0,
353.0,Jae'Sean Tate,29.0,HOU,SF,23.0,1.0,247.0,30.0,65.0,0.462,6.0,17.0,0.353,24.0,48.0,0.5,0.508,16.0,25.0,0.64,21.0,32.0,53.0,18.0,13.0,2.0,10.0,43.0,82.0,0.0,
354.0,Ousmane Dieng,21.0,OKC,PF,23.0,0.0,240.0,29.0,80.0,0.363,13.0,47.0,0.277,16.0,33.0,0.485,0.444,10.0,15.0,0.667,11.0,42.0,53.0,17.0,13.0,5.0,6.0,20.0,81.0,0.0,
355.0,Gary Harris,30.0,ORL,SG,20.0,2.0,326.0,29.0,72.0,0.403,19.0,54.0,0.352,10.0,18.0,0.556,0.535,4.0,8.0,0.5,10.0,15.0,25.0,10.0,13.0,5.0,9.0,14.0,81.0,0.0,
356.0,Antonio Reeves,24.0,NOP,SG,17.0,0.0,155.0,31.0,74.0,0.419,11.0,37.0,0.297,20.0,37.0,0.541,0.493,7.0,8.0,0.875,6.0,12.0,18.0,10.0,6.0,0.0,5.0,7.0,80.0,0.0,
357.0,Olivier-Maxence Prosper,22.0,DAL,PF,31.0,0.0,227.0,27.0,69.0,0.391,6.0,22.0,0.273,21.0,47.0,0.447,0.435,18.0,31.0,0.581,22.0,37.0,59.0,16.0,10.0,3.0,6.0,11.0,78.0,0.0,
358.0,Steven Adams,31.0,HOU,C,28.0,0.0,305.0,31.0,52.0,0.596,0.0,0.0,,31.0,52.0,0.596,0.596,15.0,40.0,0.375,65.0,66.0,131.0,30.0,7.0,10.0,27.0,27.0,77.0,0.0,
359.0,Justin Edwards,21.0,PHI,SF,12.0,0.0,221.0,31.0,63.0,0.492,12.0,37.0,0.324,19.0,26.0,0.731,0.587,3.0,5.0,0.6,7.0,24.0,31.0,12.0,4.0,3.0,10.0,22.0,77.0,0.0,
360.0,Rob Dillingham,20.0,MIN,PG,17.0,0.0,159.0,32.0,67.0,0.478,12.0,27.0,0.444,20.0,40.0,0.5,0.567,0.0,0.0,,1.0,11.0,12.0,30.0,2.0,0.0,19.0,11.0,76.0,0.0,
361.0,Isaac Jones,24.0,SAC,PF,22.0,0.0,176.0,32.0,49.0,0.653,1.0,4.0,0.25,31.0,45.0,0.689,0.663,11.0,20.0,0.55,10.0,21.0,31.0,4.0,2.0,8.0,11.0,22.0,76.0,0.0,
362.0,Aaron Nesmith,25.0,IND,SF,8.0,7.0,156.0,26.0,45.0,0.578,10.0,17.0,0.588,16.0,28.0,0.571,0.689,14.0,16.0,0.875,4.0,23.0,27.0,6.0,4.0,2.0,5.0,25.0,76.0,0.0,
363.0,Jeff Dowtin,27.0,PHI,PG,19.0,0.0,221.0,29.0,70.0,0.414,5.0,20.0,0.25,24.0,50.0,0.48,0.45,12.0,17.0,0.706,3.0,23.0,26.0,30.0,8.0,3.0,3.0,13.0,75.0,0.0,
364.0,Johnny Davis,22.0,WAS,SG,28.0,0.0,212.0,30.0,69.0,0.435,7.0,26.0,0.269,23.0,43.0,0.535,0.486,7.0,11.0,0.636,7.0,25.0,32.0,9.0,13.0,6.0,5.0,17.0,74.0,0.0,
365.0,Josh Minott,22.0,MIN,SF,26.0,0.0,188.0,30.0,59.0,0.508,6.0,26.0,0.231,24.0,33.0,0.727,0.559,7.0,9.0,0.778,6.0,23.0,29.0,13.0,11.0,9.0,7.0,24.0,73.0,0.0,
366.0,Patty Mills,36.0,UTA,PG,15.0,0.0,228.0,25.0,71.0,0.352,16.0,52.0,0.308,9.0,19.0,0.474,0.465,5.0,5.0,1.0,2.0,13.0,15.0,21.0,11.0,3.0,13.0,11.0,71.0,0.0,
367.0,Adem Bona,21.0,PHI,C,26.0,1.0,250.0,25.0,33.0,0.758,0.0,0.0,,25.0,33.0,0.758,0.758,19.0,29.0,0.655,22.0,42.0,64.0,6.0,3.0,17.0,17.0,43.0,69.0,0.0,
368.0,Jamal Cain,25.0,NOP,SF,17.0,0.0,227.0,25.0,57.0,0.439,9.0,30.0,0.3,16.0,27.0,0.593,0.518,10.0,16.0,0.625,16.0,30.0,46.0,10.0,9.0,7.0,7.0,21.0,69.0,0.0,
369.0,Kawhi Leonard,33.0,LAC,SF,5.0,5.0,109.0,27.0,55.0,0.491,6.0,17.0,0.353,21.0,38.0,0.553,0.545,8.0,10.0,0.8,3.0,10.0,13.0,8.0,6.0,0.0,5.0,2.0,68.0,0.0,
370.0,Jaylen Nowell,25.0,NOP,SG,8.0,0.0,168.0,26.0,73.0,0.356,8.0,27.0,0.296,18.0,46.0,0.391,0.411,7.0,11.0,0.636,6.0,14.0,20.0,18.0,1.0,4.0,8.0,9.0,67.0,0.0,
371.0,Hunter Tyson,24.0,DEN,PF,31.0,0.0,235.0,21.0,52.0,0.404,10.0,31.0,0.323,11.0,21.0,0.524,0.5,14.0,17.0,0.824,10.0,34.0,44.0,12.0,4.0,4.0,9.0,31.0,66.0,0.0,
372.0,Bruce Brown,28.0,TOR,PG,9.0,0.0,164.0,26.0,60.0,0.433,5.0,16.0,0.313,21.0,44.0,0.477,0.475,8.0,11.0,0.727,11.0,20.0,31.0,8.0,6.0,2.0,8.0,15.0,65.0,0.0,
373.0,Delon Wright,32.0,MIL,PG,25.0,2.0,383.0,22.0,78.0,0.282,12.0,46.0,0.261,10.0,32.0,0.313,0.359,8.0,14.0,0.571,15.0,28.0,43.0,45.0,21.0,8.0,14.0,17.0,64.0,0.0,
374.0,John Konchar,28.0,MEM,SG,22.0,3.0,313.0,23.0,58.0,0.397,12.0,41.0,0.293,11.0,17.0,0.647,0.5,5.0,6.0,0.833,25.0,67.0,92.0,26.0,13.0,10.0,10.0,23.0,63.0,0.0,
375.0,Torrey Craig,34.0,CHI,SF,9.0,1.0,113.0,22.0,45.0,0.489,15.0,35.0,0.429,7.0,10.0,0.7,0.656,3.0,4.0,0.75,8.0,17.0,25.0,5.0,2.0,1.0,0.0,15.0,62.0,0.0,
376.0,De'Anthony Melton,26.0,GSW,SG,6.0,2.0,121.0,22.0,54.0,0.407,13.0,35.0,0.371,9.0,19.0,0.474,0.528,5.0,8.0,0.625,6.0,14.0,20.0,17.0,7.0,2.0,10.0,18.0,62.0,0.0,
377.0,Jericho Sims,26.0,NYK,C,34.0,5.0,413.0,27.0,45.0,0.6,0.0,0.0,,27.0,45.0,0.6,0.6,8.0,13.0,0.615,49.0,77.0,126.0,22.0,8.0,10.0,21.0,46.0,62.0,0.0,
378.0,Jevon Carter,29.0,CHI,PG,19.0,0.0,123.0,21.0,48.0,0.438,13.0,32.0,0.406,8.0,16.0,0.5,0.573,6.0,8.0,0.75,2.0,13.0,15.0,14.0,5.0,1.0,7.0,5.0,61.0,0.0,
379.0,Isaiah Wong,24.0,CHO,SG,10.0,0.0,143.0,20.0,56.0,0.357,4.0,17.0,0.235,16.0,39.0,0.41,0.393,17.0,26.0,0.654,12.0,10.0,22.0,18.0,6.0,0.0,10.0,11.0,61.0,0.0,
380.0,Johnny Furphy,20.0,IND,SG,28.0,0.0,218.0,21.0,55.0,0.382,11.0,32.0,0.344,10.0,23.0,0.435,0.482,7.0,7.0,1.0,13.0,18.0,31.0,9.0,8.0,6.0,9.0,21.0,60.0,0.0,
381.0,Anthony Gill,32.0,WAS,PF,29.0,0.0,179.0,20.0,41.0,0.488,5.0,14.0,0.357,15.0,27.0,0.556,0.549,15.0,24.0,0.625,6.0,22.0,28.0,7.0,6.0,1.0,6.0,15.0,60.0,0.0,
382.0,DaQuan Jeffries,27.0,CHO,SG,8.0,0.0,152.0,24.0,45.0,0.533,9.0,20.0,0.45,15.0,25.0,0.6,0.633,3.0,4.0,0.75,6.0,17.0,23.0,5.0,5.0,5.0,6.0,14.0,60.0,0.0,
383.0,Wendell Moore Jr.,23.0,DET,SG,17.0,1.0,211.0,22.0,48.0,0.458,3.0,13.0,0.231,19.0,35.0,0.543,0.49,13.0,14.0,0.929,11.0,33.0,44.0,22.0,10.0,3.0,9.0,15.0,60.0,0.0,
384.0,Craig Porter Jr.,24.0,CLE,PG,24.0,0.0,187.0,24.0,41.0,0.585,6.0,12.0,0.5,18.0,29.0,0.621,0.659,6.0,8.0,0.75,3.0,15.0,18.0,27.0,5.0,8.0,11.0,10.0,60.0,0.0,
385.0,Dillon Jones,23.0,OKC,SF,27.0,0.0,229.0,22.0,65.0,0.338,7.0,37.0,0.189,15.0,28.0,0.536,0.392,8.0,14.0,0.571,18.0,33.0,51.0,20.0,5.0,2.0,10.0,25.0,59.0,0.0,
386.0,Bruno Fernando,26.0,TOR,C,17.0,2.0,147.0,26.0,49.0,0.531,0.0,0.0,,26.0,49.0,0.531,0.531,6.0,8.0,0.75,21.0,30.0,51.0,18.0,4.0,9.0,14.0,27.0,58.0,0.0,
387.0,Jock Landale,29.0,HOU,C,20.0,0.0,183.0,22.0,53.0,0.415,3.0,7.0,0.429,19.0,46.0,0.413,0.443,11.0,20.0,0.55,23.0,30.0,53.0,15.0,3.0,7.0,10.0,15.0,58.0,0.0,
388.0,Kai Jones,24.0,LAC,C,25.0,0.0,201.0,24.0,34.0,0.706,0.0,2.0,0.0,24.0,32.0,0.75,0.706,9.0,12.0,0.75,14.0,30.0,44.0,10.0,6.0,13.0,10.0,23.0,57.0,0.0,
389.0,Jeff Green,38.0,HOU,PF,13.0,2.0,137.0,20.0,37.0,0.541,8.0,23.0,0.348,12.0,14.0,0.857,0.649,7.0,9.0,0.778,2.0,16.0,18.0,3.0,3.0,1.0,3.0,14.0,55.0,0.0,
390.0,Micah Potter,26.0,UTA,C,16.0,6.0,277.0,19.0,50.0,0.38,13.0,39.0,0.333,6.0,11.0,0.545,0.51,3.0,3.0,1.0,17.0,45.0,62.0,13.0,4.0,6.0,10.0,18.0,54.0,0.0,
391.0,Kobe Bufkin,21.0,ATL,SG,10.0,0.0,124.0,18.0,47.0,0.383,4.0,19.0,0.211,14.0,28.0,0.5,0.426,13.0,18.0,0.722,5.0,16.0,21.0,17.0,3.0,2.0,8.0,9.0,53.0,0.0,
392.0,Cory Joseph,33.0,ORL,PG,27.0,0.0,195.0,19.0,55.0,0.345,14.0,39.0,0.359,5.0,16.0,0.313,0.473,1.0,2.0,0.5,5.0,16.0,21.0,23.0,9.0,3.0,9.0,15.0,53.0,0.0,
393.0,Alex Len,31.0,SAC,C,31.0,3.0,237.0,22.0,40.0,0.55,1.0,5.0,0.2,21.0,35.0,0.6,0.563,7.0,13.0,0.538,24.0,37.0,61.0,28.0,8.0,18.0,9.0,30.0,52.0,0.0,
394.0,Jordan McLaughlin,28.0,SAC,PG,26.0,0.0,180.0,16.0,42.0,0.381,10.0,25.0,0.4,6.0,17.0,0.353,0.5,10.0,14.0,0.714,4.0,17.0,21.0,24.0,10.0,0.0,11.0,13.0,52.0,0.0,
395.0,KJ Simpson,22.0,CHO,PG,12.0,0.0,173.0,18.0,61.0,0.295,5.0,29.0,0.172,13.0,32.0,0.406,0.336,10.0,15.0,0.667,12.0,9.0,21.0,20.0,9.0,2.0,12.0,15.0,51.0,0.0,
396.0,Tyler Kolek,23.0,NYK,PG,25.0,0.0,138.0,17.0,44.0,0.386,10.0,26.0,0.385,7.0,18.0,0.389,0.5,6.0,6.0,1.0,2.0,13.0,15.0,18.0,7.0,1.0,8.0,12.0,50.0,0.0,
397.0,Dwight Powell,33.0,DAL,C,33.0,0.0,251.0,14.0,18.0,0.778,1.0,1.0,1.0,13.0,17.0,0.765,0.806,20.0,30.0,0.667,22.0,37.0,59.0,23.0,12.0,15.0,7.0,38.0,49.0,0.0,
398.0,Dario Šarić,30.0,DEN,C,13.0,4.0,192.0,18.0,54.0,0.333,6.0,24.0,0.25,12.0,30.0,0.4,0.389,7.0,10.0,0.7,13.0,34.0,47.0,22.0,7.0,1.0,14.0,18.0,49.0,0.0,
399.0,Duop Reath,28.0,POR,C,20.0,0.0,121.0,16.0,43.0,0.372,10.0,32.0,0.313,6.0,11.0,0.545,0.488,6.0,8.0,0.75,8.0,11.0,19.0,6.0,0.0,2.0,4.0,15.0,48.0,0.0,
400.0,Elfrid Payton,30.0,NOP,PG,7.0,3.0,144.0,23.0,46.0,0.5,0.0,1.0,0.0,23.0,45.0,0.511,0.5,1.0,2.0,0.5,5.0,19.0,24.0,48.0,10.0,3.0,20.0,10.0,47.0,0.0,
401.0,Jaylon Tyson,22.0,CLE,SG,24.0,1.0,169.0,19.0,47.0,0.404,5.0,17.0,0.294,14.0,30.0,0.467,0.457,4.0,8.0,0.5,15.0,26.0,41.0,16.0,5.0,0.0,11.0,24.0,47.0,0.0,
402.0,Jalen Pickett,25.0,DEN,SG,16.0,0.0,125.0,18.0,35.0,0.514,9.0,21.0,0.429,9.0,14.0,0.643,0.643,1.0,1.0,1.0,2.0,12.0,14.0,26.0,2.0,1.0,6.0,10.0,46.0,0.0,
403.0,Christian Koloko,24.0,LAL,C,22.0,0.0,203.0,21.0,36.0,0.583,0.0,2.0,0.0,21.0,34.0,0.618,0.583,3.0,4.0,0.75,25.0,29.0,54.0,7.0,6.0,8.0,7.0,26.0,45.0,0.0,
404.0,Jordan Walsh,20.0,BOS,PF,28.0,1.0,234.0,16.0,47.0,0.34,8.0,32.0,0.25,8.0,15.0,0.533,0.426,5.0,10.0,0.5,11.0,22.0,33.0,8.0,7.0,8.0,7.0,17.0,45.0,0.0,
405.0,MarJon Beauchamp,24.0,MIL,SF,20.0,0.0,88.0,15.0,37.0,0.405,5.0,17.0,0.294,10.0,20.0,0.5,0.473,8.0,10.0,0.8,4.0,17.0,21.0,2.0,2.0,1.0,12.0,5.0,43.0,0.0,
406.0,Patrick Baldwin Jr.,22.0,WAS,SF,19.0,0.0,79.0,15.0,27.0,0.556,9.0,17.0,0.529,6.0,10.0,0.6,0.722,2.0,4.0,0.5,4.0,11.0,15.0,1.0,2.0,2.0,3.0,5.0,41.0,0.0,
407.0,Kobe Brown,25.0,LAC,PF,12.0,0.0,91.0,17.0,33.0,0.515,3.0,9.0,0.333,14.0,24.0,0.583,0.561,3.0,4.0,0.75,7.0,21.0,28.0,6.0,2.0,0.0,2.0,9.0,40.0,0.0,
408.0,Cam Spencer,24.0,MEM,SG,10.0,0.0,121.0,13.0,30.0,0.433,5.0,16.0,0.313,8.0,14.0,0.571,0.517,9.0,9.0,1.0,5.0,12.0,17.0,16.0,3.0,1.0,5.0,11.0,40.0,0.0,
409.0,Pat Spencer,28.0,GSW,PG,16.0,0.0,108.0,16.0,37.0,0.432,1.0,7.0,0.143,15.0,30.0,0.5,0.446,7.0,10.0,0.7,7.0,13.0,20.0,24.0,8.0,2.0,9.0,7.0,40.0,0.0,
410.0,Tristan Thompson,33.0,CLE,PF,17.0,0.0,116.0,18.0,35.0,0.514,0.0,1.0,0.0,18.0,34.0,0.529,0.514,4.0,16.0,0.25,10.0,33.0,43.0,6.0,0.0,5.0,6.0,10.0,40.0,0.0,
411.0,Luka Garza,26.0,MIN,C,12.0,0.0,52.0,16.0,28.0,0.571,2.0,8.0,0.25,14.0,20.0,0.7,0.607,5.0,8.0,0.625,4.0,7.0,11.0,1.0,1.0,0.0,3.0,6.0,39.0,0.0,
412.0,Gui Santos,22.0,GSW,PF,17.0,1.0,154.0,14.0,33.0,0.424,8.0,22.0,0.364,6.0,11.0,0.545,0.545,3.0,6.0,0.5,13.0,20.0,33.0,18.0,6.0,3.0,9.0,22.0,39.0,0.0,
413.0,Taj Gibson,39.0,CHO,C,16.0,8.0,166.0,16.0,34.0,0.471,1.0,2.0,0.5,15.0,32.0,0.469,0.485,5.0,8.0,0.625,21.0,25.0,46.0,7.0,6.0,4.0,9.0,20.0,38.0,0.0,
414.0,Trey Jemison,25.0,2TM,C,17.0,0.0,181.0,15.0,32.0,0.469,0.0,0.0,,15.0,32.0,0.469,0.469,8.0,21.0,0.381,22.0,26.0,48.0,10.0,7.0,8.0,11.0,31.0,38.0,0.0,
414.0,Trey Jemison,25.0,NOP,C,16.0,0.0,166.0,15.0,32.0,0.469,0.0,0.0,,15.0,32.0,0.469,0.469,8.0,21.0,0.381,22.0,22.0,44.0,10.0,7.0,6.0,10.0,27.0,38.0,0.0,
414.0,Trey Jemison,25.0,LAL,C,1.0,0.0,15.0,0.0,0.0,,0.0,0.0,,0.0,0.0,,,0.0,0.0,,0.0,4.0,4.0,0.0,0.0,2.0,1.0,4.0,0.0,0.0,
415.0,Branden Carlson,25.0,OKC,C,13.0,0.0,81.0,13.0,30.0,0.433,9.0,23.0,0.391,4.0,7.0,0.571,0.583,2.0,2.0,1.0,5.0,18.0,23.0,6.0,2.0,5.0,2.0,7.0,37.0,0.0,
416.0,Brandon Williams,25.0,DAL,PG,12.0,0.0,75.0,13.0,30.0,0.433,3.0,10.0,0.3,10.0,20.0,0.5,0.483,8.0,11.0,0.727,2.0,6.0,8.0,6.0,1.0,0.0,6.0,4.0,37.0,0.0,
417.0,Chris Duarte,27.0,CHI,SG,16.0,0.0,73.0,12.0,25.0,0.48,6.0,14.0,0.429,6.0,11.0,0.545,0.6,6.0,8.0,0.75,5.0,15.0,20.0,8.0,0.0,0.0,1.0,7.0,36.0,0.0,
418.0,Reece Beekman,23.0,2TM,PG,15.0,0.0,138.0,14.0,36.0,0.389,4.0,13.0,0.308,10.0,23.0,0.435,0.444,4.0,7.0,0.571,2.0,7.0,9.0,18.0,7.0,2.0,8.0,5.0,36.0,0.0,
418.0,Reece Beekman,23.0,GSW,PG,2.0,0.0,4.0,1.0,1.0,1.0,0.0,0.0,,1.0,1.0,1.0,1.0,0.0,0.0,,1.0,0.0,1.0,1.0,1.0,0.0,0.0,1.0,2.0,0.0,
418.0,Reece Beekman,23.0,BRK,PG,13.0,0.0,134.0,13.0,35.0,0.371,4.0,13.0,0.308,9.0,22.0,0.409,0.429,4.0,7.0,0.571,1.0,7.0,8.0,17.0,6.0,2.0,8.0,4.0,34.0,0.0,
419.0,Isaiah Jackson,23.0,IND,C,5.0,1.0,84.0,14.0,23.0,0.609,0.0,0.0,,14.0,23.0,0.609,0.609,7.0,14.0,0.5,11.0,17.0,28.0,5.0,3.0,8.0,5.0,14.0,35.0,0.0,
420.0,Drew Peterson,25.0,BOS,PF,11.0,0.0,109.0,11.0,22.0,0.5,7.0,17.0,0.412,4.0,5.0,0.8,0.659,6.0,7.0,0.857,5.0,18.0,23.0,8.0,2.0,2.0,5.0,10.0,35.0,0.0,
421.0,Devin Carter,22.0,SAC,PG,7.0,0.0,94.0,11.0,34.0,0.324,5.0,19.0,0.263,6.0,15.0,0.4,0.397,7.0,10.0,0.7,4.0,22.0,26.0,11.0,1.0,3.0,3.0,8.0,34.0,0.0,
422.0,Landry Shamet,27.0,NYK,SG,12.0,0.0,138.0,15.0,38.0,0.395,4.0,20.0,0.2,11.0,18.0,0.611,0.447,0.0,0.0,,2.0,7.0,9.0,6.0,7.0,1.0,4.0,9.0,34.0,0.0,
423.0,Enrique Freeman,24.0,IND,PF,18.0,1.0,135.0,12.0,25.0,0.48,1.0,6.0,0.167,11.0,19.0,0.579,0.5,7.0,13.0,0.538,5.0,13.0,18.0,7.0,2.0,2.0,5.0,17.0,32.0,0.0,
424.0,Josh Richardson,31.0,MIA,SG,8.0,0.0,150.0,11.0,38.0,0.289,6.0,22.0,0.273,5.0,16.0,0.313,0.368,4.0,4.0,1.0,6.0,6.0,12.0,12.0,8.0,1.0,8.0,17.0,32.0,0.0,
425.0,Bol Bol,25.0,PHO,PF,9.0,0.0,54.0,12.0,20.0,0.6,2.0,8.0,0.25,10.0,12.0,0.833,0.65,5.0,8.0,0.625,5.0,8.0,13.0,1.0,0.0,2.0,3.0,2.0,31.0,0.0,
426.0,Zeke Nnaji,24.0,DEN,PF,25.0,0.0,111.0,14.0,31.0,0.452,0.0,9.0,0.0,14.0,22.0,0.636,0.452,3.0,7.0,0.429,2.0,8.0,10.0,4.0,1.0,2.0,4.0,9.0,31.0,0.0,
427.0,Moses Brown,25.0,IND,C,9.0,0.0,46.0,13.0,20.0,0.65,0.0,0.0,,13.0,20.0,0.65,0.65,3.0,5.0,0.6,4.0,9.0,13.0,0.0,2.0,1.0,6.0,6.0,29.0,0.0,
428.0,JT Thor,22.0,CLE,PF,7.0,0.0,33.0,9.0,12.0,0.75,3.0,4.0,0.75,6.0,8.0,0.75,0.875,7.0,8.0,0.875,3.0,3.0,6.0,0.0,2.0,3.0,4.0,4.0,28.0,0.0,
429.0,Colby Jones,22.0,SAC,SG,23.0,0.0,122.0,11.0,25.0,0.44,4.0,9.0,0.444,7.0,16.0,0.438,0.52,0.0,0.0,,6.0,14.0,20.0,5.0,5.0,6.0,7.0,13.0,26.0,0.0,
430.0,Matt Ryan,27.0,NYK,SF,14.0,0.0,56.0,9.0,25.0,0.36,5.0,16.0,0.313,4.0,9.0,0.444,0.46,2.0,2.0,1.0,0.0,5.0,5.0,0.0,1.0,0.0,3.0,1.0,25.0,0.0,
431.0,Xavier Tillman Sr.,26.0,BOS,C,24.0,1.0,176.0,10.0,36.0,0.278,4.0,19.0,0.211,6.0,17.0,0.353,0.333,1.0,2.0,0.5,8.0,27.0,35.0,7.0,8.0,5.0,8.0,13.0,25.0,0.0,
432.0,Jazian Gortman,21.0,DAL,PG,15.0,0.0,55.0,9.0,23.0,0.391,4.0,11.0,0.364,5.0,12.0,0.417,0.478,2.0,4.0,0.5,1.0,4.0,5.0,6.0,2.0,1.0,5.0,9.0,24.0,0.0,
433.0,Ariel Hukporti,22.0,NYK,C,15.0,0.0,118.0,10.0,16.0,0.625,0.0,0.0,,10.0,16.0,0.625,0.625,4.0,8.0,0.5,5.0,23.0,28.0,6.0,0.0,11.0,11.0,15.0,24.0,0.0,
434.0,Yuki Kawamura,23.0,MEM,PG,17.0,0.0,56.0,8.0,21.0,0.381,4.0,15.0,0.267,4.0,6.0,0.667,0.476,4.0,6.0,0.667,0.0,6.0,6.0,12.0,1.0,0.0,4.0,7.0,24.0,0.0,
435.0,Dariq Whitehead,20.0,BRK,SF,7.0,0.0,41.0,8.0,18.0,0.444,8.0,16.0,0.5,0.0,2.0,0.0,0.667,0.0,0.0,,0.0,3.0,3.0,1.0,3.0,1.0,3.0,2.0,24.0,0.0,
436.0,Tyler Smith,20.0,MIL,PF,11.0,0.0,38.0,9.0,14.0,0.643,3.0,8.0,0.375,6.0,6.0,1.0,0.75,1.0,2.0,0.5,1.0,9.0,10.0,1.0,0.0,3.0,3.0,4.0,22.0,0.0,
437.0,Jae Crowder,34.0,SAC,SF,7.0,2.0,92.0,6.0,17.0,0.353,3.0,12.0,0.25,3.0,5.0,0.6,0.441,5.0,6.0,0.833,6.0,11.0,17.0,4.0,3.0,0.0,4.0,10.0,20.0,0.0,
438.0,Jaden Springer,22.0,BOS,SG,18.0,0.0,70.0,4.0,14.0,0.286,0.0,4.0,0.0,4.0,10.0,0.4,0.286,12.0,17.0,0.706,4.0,10.0,14.0,6.0,4.0,0.0,2.0,12.0,20.0,0.0,
439.0,Sidy Cissoko,20.0,SAS,SF,14.0,0.0,44.0,8.0,15.0,0.533,3.0,6.0,0.5,5.0,9.0,0.556,0.633,0.0,4.0,0.0,2.0,7.0,9.0,6.0,0.0,0.0,1.0,5.0,19.0,0.0,
440.0,Pacome Dadiet,19.0,NYK,SG,13.0,0.0,83.0,6.0,20.0,0.3,5.0,14.0,0.357,1.0,6.0,0.167,0.425,2.0,2.0,1.0,0.0,13.0,13.0,5.0,1.0,2.0,1.0,5.0,19.0,0.0,
441.0,Damion Lee,32.0,PHO,SG,8.0,0.0,48.0,5.0,21.0,0.238,1.0,12.0,0.083,4.0,9.0,0.444,0.262,8.0,8.0,1.0,1.0,5.0,6.0,5.0,2.0,0.0,3.0,2.0,19.0,0.0,
442.0,Daeqwon Plowden,26.0,ATL,SG,1.0,0.0,25.0,7.0,8.0,0.875,5.0,6.0,0.833,2.0,2.0,1.0,1.188,0.0,0.0,,3.0,1.0,4.0,0.0,0.0,0.0,1.0,4.0,19.0,0.0,
443.0,Orlando Robinson,24.0,SAC,C,9.0,0.0,57.0,7.0,17.0,0.412,1.0,5.0,0.2,6.0,12.0,0.5,0.441,4.0,7.0,0.571,3.0,11.0,14.0,9.0,3.0,1.0,4.0,6.0,19.0,0.0,
444.0,Richaun Holmes,31.0,WAS,PF,7.0,0.0,60.0,7.0,17.0,0.412,0.0,1.0,0.0,7.0,16.0,0.438,0.412,4.0,5.0,0.8,7.0,13.0,20.0,1.0,0.0,4.0,2.0,5.0,18.0,0.0,
445.0,Jeenathan Williams,25.0,HOU,SG,6.0,0.0,21.0,7.0,9.0,0.778,2.0,4.0,0.5,5.0,5.0,1.0,0.889,0.0,0.0,,0.0,3.0,3.0,1.0,2.0,1.0,1.0,1.0,16.0,0.0,
446.0,Vince Williams Jr.,24.0,MEM,SG,3.0,0.0,45.0,7.0,19.0,0.368,1.0,8.0,0.125,6.0,11.0,0.545,0.395,1.0,4.0,0.25,4.0,7.0,11.0,9.0,0.0,2.0,7.0,9.0,16.0,0.0,
447.0,Adam Flagler,25.0,OKC,SG,14.0,0.0,54.0,5.0,31.0,0.161,5.0,28.0,0.179,0.0,3.0,0.0,0.242,0.0,0.0,,3.0,5.0,8.0,0.0,2.0,1.0,1.0,6.0,15.0,0.0,
448.0,E.J. Liddell,24.0,CHI,PF,6.0,0.0,31.0,5.0,8.0,0.625,3.0,6.0,0.5,2.0,2.0,1.0,0.813,2.0,2.0,1.0,1.0,4.0,5.0,3.0,1.0,1.0,2.0,8.0,15.0,0.0,
449.0,Pete Nance,24.0,PHI,PF,4.0,0.0,52.0,5.0,14.0,0.357,4.0,12.0,0.333,1.0,2.0,0.5,0.5,1.0,2.0,0.5,1.0,7.0,8.0,3.0,1.0,0.0,0.0,9.0,15.0,0.0,
450.0,Terrence Shannon Jr.,24.0,MIN,SG,10.0,0.0,45.0,7.0,13.0,0.538,1.0,3.0,0.333,6.0,10.0,0.6,0.577,0.0,0.0,,0.0,2.0,2.0,5.0,2.0,1.0,3.0,1.0,15.0,0.0,
451.0,Colin Castleton,24.0,MEM,C,10.0,0.0,46.0,2.0,10.0,0.2,0.0,4.0,0.0,2.0,6.0,0.333,0.2,10.0,11.0,0.909,3.0,6.0,9.0,0.0,1.0,1.0,1.0,6.0,14.0,0.0,
452.0,Taylor Hendricks,21.0,UTA,PF,3.0,3.0,75.0,4.0,18.0,0.222,3.0,12.0,0.25,1.0,6.0,0.167,0.306,3.0,4.0,0.75,5.0,10.0,15.0,2.0,5.0,4.0,2.0,8.0,14.0,0.0,
453.0,Keshad Johnson,23.0,MIA,SF,9.0,0.0,53.0,6.0,10.0,0.6,1.0,4.0,0.25,5.0,6.0,0.833,0.65,1.0,4.0,0.25,1.0,14.0,15.0,3.0,1.0,4.0,3.0,5.0,14.0,0.0,
454.0,Oscar Tshiebwe,25.0,UTA,PF,3.0,0.0,46.0,4.0,6.0,0.667,0.0,0.0,,4.0,6.0,0.667,0.667,6.0,8.0,0.75,5.0,15.0,20.0,0.0,4.0,0.0,1.0,10.0,14.0,0.0,
455.0,Trey Alexander,21.0,DEN,SG,14.0,0.0,62.0,4.0,18.0,0.222,2.0,9.0,0.222,2.0,9.0,0.222,0.278,2.0,2.0,1.0,0.0,4.0,4.0,6.0,1.0,1.0,1.0,5.0,12.0,0.0,
456.0,Alex Ducas,24.0,OKC,SG,9.0,0.0,31.0,4.0,9.0,0.444,4.0,8.0,0.5,0.0,1.0,0.0,0.667,0.0,0.0,,1.0,2.0,3.0,1.0,1.0,0.0,1.0,3.0,12.0,0.0,
457.0,Elijah Harkless,24.0,UTA,SG,4.0,0.0,67.0,4.0,14.0,0.286,3.0,11.0,0.273,1.0,3.0,0.333,0.393,1.0,4.0,0.25,2.0,7.0,9.0,3.0,5.0,0.0,2.0,9.0,12.0,0.0,
458.0,Armel Traoré,22.0,LAL,SF,8.0,0.0,61.0,5.0,18.0,0.278,0.0,7.0,0.0,5.0,11.0,0.455,0.278,2.0,7.0,0.286,1.0,13.0,14.0,1.0,4.0,2.0,2.0,6.0,12.0,0.0,
459.0,Markieff Morris,35.0,DAL,PF,5.0,0.0,25.0,4.0,14.0,0.286,2.0,7.0,0.286,2.0,7.0,0.286,0.357,0.0,0.0,,0.0,6.0,6.0,3.0,0.0,1.0,2.0,1.0,10.0,0.0,
460.0,Vlatko Čančar,27.0,DEN,PF,4.0,0.0,34.0,4.0,7.0,0.571,1.0,2.0,0.5,3.0,5.0,0.6,0.643,0.0,0.0,,3.0,5.0,8.0,0.0,0.0,1.0,2.0,4.0,9.0,0.0,
461.0,Trentyn Flowers,19.0,LAC,SF,1.0,0.0,14.0,4.0,9.0,0.444,0.0,2.0,0.0,4.0,7.0,0.571,0.444,1.0,1.0,1.0,1.0,3.0,4.0,0.0,0.0,0.0,1.0,3.0,9.0,0.0,
462.0,A.J. Lawson,24.0,TOR,SG,3.0,0.0,14.0,3.0,7.0,0.429,2.0,5.0,0.4,1.0,2.0,0.5,0.571,1.0,2.0,0.5,1.0,2.0,3.0,0.0,0.0,0.0,0.0,0.0,9.0,0.0,
463.0,Lester Quiñones,24.0,PHI,SG,4.0,0.0,17.0,4.0,8.0,0.5,0.0,3.0,0.0,4.0,5.0,0.8,0.5,1.0,1.0,1.0,3.0,1.0,4.0,1.0,0.0,0.0,4.0,0.0,9.0,0.0,
464.0,Liam Robbins,25.0,MIL,C,13.0,0.0,57.0,2.0,8.0,0.25,0.0,2.0,0.0,2.0,6.0,0.333,0.25,5.0,10.0,0.5,7.0,5.0,12.0,2.0,2.0,2.0,6.0,9.0,9.0,0.0,
465.0,Garrett Temple,38.0,TOR,SG,13.0,0.0,53.0,2.0,10.0,0.2,1.0,5.0,0.2,1.0,5.0,0.2,0.25,4.0,4.0,1.0,2.0,8.0,10.0,9.0,5.0,1.0,4.0,7.0,9.0,0.0,
466.0,James Johnson,37.0,IND,PF,8.0,0.0,27.0,4.0,7.0,0.571,0.0,1.0,0.0,4.0,6.0,0.667,0.571,0.0,1.0,0.0,0.0,4.0,4.0,3.0,0.0,2.0,4.0,4.0,8.0,0.0,
467.0,Karlo Matković,23.0,NOP,PF,7.0,0.0,49.0,4.0,9.0,0.444,0.0,1.0,0.0,4.0,8.0,0.5,0.444,0.0,0.0,,7.0,8.0,15.0,1.0,4.0,5.0,5.0,7.0,8.0,0.0,
468.0,Jack McVeigh,28.0,HOU,PF,6.0,0.0,21.0,3.0,11.0,0.273,2.0,8.0,0.25,1.0,3.0,0.333,0.364,0.0,0.0,,1.0,3.0,4.0,1.0,0.0,1.0,1.0,1.0,8.0,0.0,
469.0,Quinten Post,24.0,GSW,PF,3.0,0.0,13.0,3.0,7.0,0.429,1.0,4.0,0.25,2.0,3.0,0.667,0.5,1.0,1.0,1.0,1.0,0.0,1.0,1.0,0.0,0.0,0.0,0.0,8.0,0.0,
470.0,Adama Sanogo,22.0,CHI,C,4.0,0.0,21.0,4.0,7.0,0.571,0.0,0.0,,4.0,7.0,0.571,0.571,0.0,0.0,,5.0,1.0,6.0,1.0,0.0,0.0,1.0,1.0,8.0,0.0,
471.0,Luke Travers,23.0,CLE,SG,6.0,0.0,42.0,3.0,7.0,0.429,0.0,3.0,0.0,3.0,4.0,0.75,0.429,2.0,2.0,1.0,1.0,5.0,6.0,5.0,1.0,1.0,2.0,3.0,8.0,0.0,
472.0,TyTy Washington Jr.,23.0,PHO,PG,4.0,0.0,28.0,3.0,6.0,0.5,2.0,3.0,0.667,1.0,3.0,0.333,0.667,0.0,0.0,,0.0,1.0,1.0,4.0,2.0,0.0,1.0,0.0,8.0,0.0,
473.0,PJ Dozier,28.0,MIN,SG,9.0,0.0,35.0,2.0,3.0,0.667,2.0,3.0,0.667,0.0,0.0,,1.0,1.0,6.0,0.167,1.0,4.0,5.0,5.0,1.0,0.0,1.0,3.0,7.0,0.0,
474.0,AJ Johnson,20.0,MIL,SG,5.0,0.0,11.0,3.0,6.0,0.5,1.0,1.0,1.0,2.0,5.0,0.4,0.583,0.0,0.0,,0.0,2.0,2.0,1.0,0.0,0.0,2.0,0.0,7.0,0.0,
475.0,Maxwell Lewis,22.0,2TM,SF,8.0,0.0,30.0,3.0,7.0,0.429,1.0,1.0,1.0,2.0,6.0,0.333,0.5,0.0,0.0,,2.0,0.0,2.0,2.0,1.0,0.0,2.0,1.0,7.0,0.0,
475.0,Maxwell Lewis,22.0,LAL,SF,7.0,0.0,29.0,2.0,6.0,0.333,0.0,0.0,,2.0,6.0,0.333,0.333,0.0,0.0,,2.0,0.0,2.0,2.0,1.0,0.0,2.0,1.0,4.0,0.0,
475.0,Maxwell Lewis,22.0,BRK,SF,1.0,0.0,1.0,1.0,1.0,1.0,1.0,1.0,1.0,0.0,0.0,,1.5,0.0,0.0,,0.0,0.0,0.0,0.0,0.0,0.0,0.0,0.0,3.0,0.0,
476.0,Dominick Barlow,21.0,ATL,SF,7.0,0.0,30.0,2.0,7.0,0.286,1.0,2.0,0.5,1.0,5.0,0.2,0.357,1.0,2.0,0.5,0.0,4.0,4.0,1.0,1.0,0.0,0.0,2.0,6.0,0.0,
477.0,Cam Christie,19.0,LAC,SG,2.0,0.0,18.0,2.0,7.0,0.286,1.0,4.0,0.25,1.0,3.0,0.333,0.357,1.0,2.0,0.5,1.0,2.0,3.0,0.0,2.0,0.0,1.0,0.0,6.0,0.0,
478.0,JD Davison,22.0,BOS,PG,5.0,0.0,24.0,2.0,5.0,0.4,1.0,3.0,0.333,1.0,2.0,0.5,0.5,1.0,2.0,0.5,0.0,2.0,2.0,1.0,1.0,0.0,6.0,1.0,6.0,0.0,
479.0,Bryce McGowens,22.0,POR,SG,4.0,0.0,11.0,3.0,5.0,0.6,0.0,2.0,0.0,3.0,3.0,1.0,0.6,0.0,1.0,0.0,1.0,0.0,1.0,1.0,0.0,0.0,1.0,0.0,6.0,0.0,
480.0,Taze Moore,26.0,POR,SG,2.0,0.0,20.0,2.0,10.0,0.2,1.0,4.0,0.25,1.0,6.0,0.167,0.25,1.0,2.0,0.5,4.0,4.0,8.0,1.0,2.0,0.0,2.0,0.0,6.0,0.0,
481.0,Jacob Toppin,24.0,NYK,SF,13.0,0.0,40.0,3.0,9.0,0.333,0.0,2.0,0.0,3.0,7.0,0.429,0.333,0.0,0.0,,2.0,7.0,9.0,4.0,1.0,0.0,2.0,2.0,6.0,0.0,
482.0,Stanley Umude,25.0,MIL,SG,15.0,0.0,48.0,2.0,13.0,0.154,2.0,8.0,0.25,0.0,5.0,0.0,0.231,0.0,2.0,0.0,3.0,10.0,13.0,2.0,2.0,2.0,1.0,5.0,6.0,0.0,
483.0,James Wiseman,23.0,IND,C,1.0,0.0,5.0,2.0,4.0,0.5,0.0,1.0,0.0,2.0,3.0,0.667,0.5,2.0,2.0,1.0,0.0,1.0,1.0,0.0,0.0,0.0,0.0,0.0,6.0,0.0,
484.0,Josh Christopher,23.0,MIA,SG,6.0,0.0,22.0,2.0,5.0,0.4,0.0,1.0,0.0,2.0,4.0,0.5,0.4,1.0,2.0,0.5,0.0,2.0,2.0,4.0,0.0,1.0,4.0,1.0,5.0,0.0,
485.0,PJ Hall,22.0,DEN,C,8.0,0.0,18.0,2.0,5.0,0.4,0.0,2.0,0.0,2.0,3.0,0.667,0.4,1.0,2.0,0.5,0.0,5.0,5.0,1.0,0.0,1.0,1.0,2.0,5.0,0.0,
486.0,Alondes Williams,25.0,DET,SG,1.0,0.0,4.0,2.0,2.0,1.0,1.0,1.0,1.0,1.0,1.0,1.0,1.25,0.0,0.0,,0.0,0.0,0.0,1.0,0.0,0.0,0.0,0.0,5.0,0.0,
487.0,Ulrich Chomche,19.0,TOR,PF,5.0,0.0,19.0,2.0,3.0,0.667,0.0,0.0,,2.0,3.0,0.667,0.667,0.0,0.0,,2.0,2.0,4.0,1.0,0.0,0.0,2.0,4.0,4.0,0.0,
488.0,Jalen Hood-Schifino,21.0,LAL,SG,2.0,0.0,14.0,1.0,1.0,1.0,0.0,0.0,,1.0,1.0,1.0,1.0,2.0,2.0,1.0,1.0,0.0,1.0,1.0,0.0,1.0,1.0,3.0,4.0,0.0,
489.0,Bronny James,20.0,LAL,SG,10.0,0.0,23.0,1.0,9.0,0.111,0.0,4.0,0.0,1.0,5.0,0.2,0.111,2.0,2.0,1.0,1.0,0.0,1.0,3.0,1.0,1.0,0.0,2.0,4.0,0.0,
490.0,Jared Rhoden,25.0,CHO,SG,4.0,0.0,12.0,2.0,8.0,0.25,0.0,2.0,0.0,2.0,6.0,0.333,0.25,0.0,0.0,,2.0,2.0,4.0,2.0,1.0,0.0,1.0,1.0,4.0,0.0,
491.0,Baylor Scheierman,24.0,BOS,SG,6.0,0.0,38.0,1.0,11.0,0.091,0.0,7.0,0.0,1.0,4.0,0.25,0.091,2.0,2.0,1.0,2.0,8.0,10.0,2.0,1.0,0.0,0.0,3.0,4.0,0.0,
492.0,D.J. Carton,24.0,TOR,SG,4.0,0.0,33.0,1.0,7.0,0.143,0.0,3.0,0.0,1.0,4.0,0.25,0.143,1.0,1.0,1.0,0.0,4.0,4.0,3.0,2.0,0.0,4.0,1.0,3.0,0.0,
493.0,Cui Yongxi,21.0,BRK,SG,5.0,0.0,10.0,1.0,7.0,0.143,0.0,3.0,0.0,1.0,4.0,0.25,0.143,1.0,2.0,0.5,0.0,2.0,2.0,0.0,0.0,0.0,0.0,0.0,3.0,0.0,
494.0,David Duke Jr.,25.0,SAS,SG,1.0,0.0,8.0,1.0,4.0,0.25,0.0,1.0,0.0,1.0,3.0,0.333,0.25,1.0,2.0,0.5,0.0,0.0,0.0,2.0,0.0,0.0,0.0,1.0,3.0,0.0,
495.0,Collin Gillespie,25.0,PHO,PG,1.0,0.0,3.0,1.0,2.0,0.5,1.0,1.0,1.0,0.0,1.0,0.0,0.75,0.0,0.0,,0.0,0.0,0.0,0.0,0.0,0.0,0.0,0.0,3.0,0.0,
496.0,Jaylen Martin,21.0,BRK,SF,3.0,0.0,5.0,1.0,2.0,0.5,1.0,1.0,1.0,0.0,1.0,0.0,0.75,0.0,0.0,,0.0,0.0,0.0,0.0,0.0,0.0,0.0,1.0,3.0,0.0,
497.0,Tristen Newton,23.0,2TM,SG,6.0,0.0,9.0,1.0,6.0,0.167,0.0,3.0,0.0,1.0,3.0,0.333,0.167,1.0,1.0,1.0,0.0,1.0,1.0,1.0,0.0,0.0,1.0,3.0,3.0,0.0,
497.0,Tristen Newton,23.0,IND,SG,5.0,0.0,8.0,1.0,6.0,0.167,0.0,3.0,0.0,1.0,3.0,0.333,0.167,1.0,1.0,1.0,0.0,0.0,0.0,1.0,0.0,0.0,1.0,2.0,3.0,0.0,
497.0,Tristen Newton,23.0,MIN,SG,1.0,0.0,1.0,0.0,0.0,,0.0,0.0,,0.0,0.0,,,0.0,0.0,,0.0,1.0,1.0,0.0,0.0,0.0,0.0,1.0,0.0,0.0,
498.0,Quincy Olivari,23.0,LAL,PG,2.0,0.0,10.0,1.0,5.0,0.2,1.0,5.0,0.2,0.0,0.0,,0.3,0.0,0.0,,0.0,0.0,0.0,1.0,0.0,0.0,1.0,0.0,3.0,0.0,
499.0,Isaiah Crawford,23.0,SAC,SF,3.0,0.0,9.0,1.0,2.0,0.5,0.0,0.0,,1.0,2.0,0.5,0.5,0.0,0.0,,0.0,3.0,3.0,0.0,0.0,0.0,0.0,1.0,2.0,0.0,
500.0,RayJ Dennis,23.0,IND,PG,3.0,0.0,4.0,0.0,1.0,0.0,0.0,1.0,0.0,0.0,0.0,,0.0,2.0,2.0,1.0,0.0,0.0,0.0,0.0,1.0,0.0,1.0,1.0,2.0,0.0,
501.0,Mouhamed Gueye,22.0,ATL,PF,2.0,0.0,11.0,1.0,4.0,0.25,0.0,2.0,0.0,1.0,2.0,0.5,0.25,0.0,0.0,,0.0,2.0,2.0,0.0,0.0,0.0,1.0,0.0,2.0,0.0,
502.0,Spencer Jones,23.0,DEN,SF,5.0,0.0,13.0,1.0,4.0,0.25,0.0,3.0,0.0,1.0,1.0,1.0,0.25,0.0,0.0,,0.0,3.0,3.0,0.0,2.0,0.0,1.0,1.0,2.0,0.0,
503.0,Malevy Leons,25.0,OKC,SF,6.0,0.0,21.0,0.0,2.0,0.0,0.0,1.0,0.0,0.0,1.0,0.0,0.0,2.0,4.0,0.5,1.0,2.0,3.0,1.0,0.0,0.0,1.0,4.0,2.0,0.0,
504.0,Chris Livingston,21.0,MIL,SF,7.0,0.0,18.0,1.0,2.0,0.5,0.0,0.0,,1.0,2.0,0.5,0.5,0.0,0.0,,2.0,5.0,7.0,1.0,1.0,0.0,3.0,1.0,2.0,0.0,
505.0,Leonard Miller,21.0,MIN,SF,3.0,0.0,6.0,0.0,2.0,0.0,0.0,1.0,0.0,0.0,1.0,0.0,0.0,2.0,2.0,1.0,1.0,2.0,3.0,0.0,1.0,0.0,1.0,1.0,2.0,0.0,
506.0,Alex Reese,25.0,OKC,PF,1.0,0.0,2.0,1.0,1.0,1.0,0.0,0.0,,1.0,1.0,1.0,1.0,0.0,0.0,,1.0,0.0,1.0,0.0,0.0,0.0,0.0,0.0,2.0,0.0,
507.0,Tristan Vukcevic,21.0,WAS,C,4.0,0.0,10.0,1.0,4.0,0.25,0.0,3.0,0.0,1.0,1.0,1.0,0.25,0.0,0.0,,1.0,0.0,1.0,0.0,0.0,1.0,0.0,2.0,2.0,0.0,
508.0,Jalen Bridges,23.0,PHO,SF,4.0,0.0,17.0,0.0,3.0,0.0,0.0,3.0,0.0,0.0,0.0,,0.0,1.0,2.0,0.5,0.0,3.0,3.0,0.0,0.0,0.0,2.0,0.0,1.0,0.0,
509.0,Daishen Nix,22.0,MIN,PG,3.0,0.0,13.0,0.0,1.0,0.0,0.0,1.0,0.0,0.0,0.0,,0.0,1.0,2.0,0.5,0.0,4.0,4.0,3.0,0.0,0.0,4.0,1.0,1.0,0.0,
510.0,Jaylen Clark,23.0,MIN,SG,3.0,0.0,6.0,0.0,2.0,0.0,0.0,1.0,0.0,0.0,1.0,0.0,0.0,0.0,0.0,,1.0,0.0,1.0,0.0,0.0,0.0,0.0,1.0,0.0,0.0,
511.0,Kessler Edwards,24.0,DAL,SF,12.0,0.0,26.0,0.0,6.0,0.0,0.0,4.0,0.0,0.0,2.0,0.0,0.0,0.0,0.0,,0.0,2.0,2.0,1.0,0.0,1.0,1.0,4.0,0.0,0.0,
512.0,Joe Ingles,37.0,MIN,SF,9.0,0.0,35.0,0.0,3.0,0.0,0.0,2.0,0.0,0.0,1.0,0.0,0.0,0.0,0.0,,2.0,0.0,2.0,9.0,0.0,0.0,1.0,6.0,0.0,0.0,
513.0,Harrison Ingram,22.0,SAS,SF,1.0,0.0,7.0,0.0,1.0,0.0,0.0,0.0,,0.0,1.0,0.0,0.0,0.0,0.0,,0.0,1.0,1.0,0.0,0.0,0.0,0.0,1.0,0.0,0.0,
514.0,Daniss Jenkins,23.0,DET,PG,3.0,0.0,8.0,0.0,4.0,0.0,0.0,4.0,0.0,0.0,0.0,,0.0,0.0,0.0,,0.0,0.0,0.0,0.0,0.0,0.0,1.0,1.0,0.0,0.0,
515.0,Mason Jones,26.0,SAC,SG,3.0,0.0,13.0,0.0,2.0,0.0,0.0,2.0,0.0,0.0,0.0,,0.0,0.0,0.0,,1.0,3.0,4.0,7.0,0.0,0.0,0.0,1.0,0.0,0.0,
516.0,Bobi Klintman,21.0,DET,SF,1.0,0.0,4.0,0.0,0.0,,0.0,0.0,,0.0,0.0,,,0.0,0.0,,0.0,2.0,2.0,0.0,0.0,0.0,0.0,2.0,0.0,0.0,
517.0,Mac McClung,26.0,ORL,SG,1.0,0.0,5.0,0.0,0.0,,0.0,0.0,,0.0,0.0,,,0.0,0.0,,0.0,1.0,1.0,2.0,0.0,0.0,0.0,0.0,0.0,0.0,
518.0,Justin Minaya,25.0,POR,SF,5.0,0.0,16.0,0.0,1.0,0.0,0.0,0.0,,0.0,1.0,0.0,0.0,0.0,0.0,,2.0,1.0,3.0,2.0,1.0,0.0,0.0,3.0,0.0,0.0,
519.0,Riley Minix,24.0,SAS,SF,1.0,0.0,7.0,0.0,1.0,0.0,0.0,1.0,0.0,0.0,0.0,,0.0,0.0,0.0,,0.0,2.0,2.0,0.0,0.0,0.0,0.0,0.0,0.0,0.0,
520.0,Cole Swider,25.0,DET,SF,2.0,0.0,13.0,0.0,5.0,0.0,0.0,5.0,0.0,0.0,0.0,,0.0,0.0,0.0,,0.0,2.0,2.0,1.0,0.0,0.0,0.0,1.0,0.0,0.0,
,League Average,,,,,,,,,0.465,,,0.36,,,0.542,0.541,,,0.778,,,,,,,,,,,
