Rk,Player,Age,Team,Pos,G,GS,MP,PER,TS%,3PAr,FTr,ORB%,DRB%,TRB%,AST%,STL%,BLK%,TOV%,USG%,OWS,DWS,WS,WS/48,OBPM,DBPM,BPM,VORP,Awards,Player-additional
1,Tyrese Maxey,25,PHI,PG,37,37,1457,23.3,0.609,0.411,0.287,0.7,11.8,6.1,29.2,2.2,2.2,9.1,29.4,4.1,1.7,5.8,0.19,6.1,1,7,3.3,,maxeyty01
2,Deni Avdija,25,POR,SF,40,40,1414,20.8,0.612,0.382,0.584,3,18.9,10.8,31.8,1.2,1.5,15.5,28.9,3.3,1.3,4.5,0.153,4.2,0.3,4.5,2.3,,avdijde01
3,Scottie Barnes,24,TOR,PF,41,41,1409,19.6,0.581,0.218,0.262,6.9,20.1,13.4,24,1.9,4,13.4,23.8,1.9,2.3,4.2,0.144,2,2.2,4.2,2.2,,barnesc01
4,Dyson Daniels,22,ATL,SG,41,41,1401,14.1,0.525,0.146,0.186,7,14.4,10.7,24.1,2.6,1.2,16.2,16.4,0.9,1.6,2.5,0.086,-1.5,1.2,-0.4,0.6,,daniedy01
5,Mikal Bridges,29,NYK,SF,40,40,1397,17.1,0.601,0.451,0.092,3.7,11,7.3,17.3,2.3,2.6,7.1,17.2,3,1.4,4.4,0.152,2.6,1.2,3.8,2.1,,bridgmi01
6,Trey Murphy III,25,NOP,SF,39,39,1391,19.6,0.643,0.512,0.243,3.4,16,9.6,15.3,2.1,0.6,9.9,22.3,3.3,0.8,4,0.139,3.6,-0.8,2.8,1.7,,murphtr02
7,Toumani Camara,25,POR,PF,41,41,1385,10,0.556,0.676,0.169,5.6,10.9,8.2,11.4,1.4,1.2,15.4,16.5,0.4,0.9,1.3,0.046,-1.6,-0.7,-2.3,-0.1,,camarto01
8,DeMar DeRozan,36,SAC,PF,41,41,1374,18.2,0.604,0.16,0.387,1.7,9.7,5.6,18.1,2.1,0.7,6.2,21.6,3.1,0.6,3.6,0.127,0.9,0,0.9,1,,derozde01
9,Amen Thompson,23,HOU,PG,37,37,1370,18.5,0.585,0.147,0.349,8.6,14.4,11.6,19.8,1.8,1.4,14,21,2.9,1.6,4.5,0.157,1.5,0.5,2,1.4,,thompam01
10,Julius Randle,31,MIN,PF,41,41,1368,20.6,0.602,0.305,0.413,5.6,17.7,11.8,25.6,1.5,0.4,11.8,26.4,3.4,1.7,5.1,0.179,2.9,0.2,3.2,1.8,,randlju01
11,Cooper Flagg,19,DAL,SF,40,40,1363,16.4,0.556,0.226,0.283,3.7,15.4,9.7,18.9,1.8,2,11.4,23.6,0.8,1.8,2.5,0.089,-0.3,0.8,0.5,0.9,,flaggco01
12,Pascal Siakam,31,IND,PF,40,40,1354,18.9,0.561,0.252,0.34,5.2,17.2,11,20.3,1.8,1.1,9.6,28.9,1.1,1.3,2.4,0.086,2.1,-0.5,1.6,1.2,,siakapa01
13,Desmond Bane,27,ORL,SG,40,40,1353,15.1,0.561,0.321,0.25,4.1,10.7,7.4,20.5,1.1,1.3,11.5,24,1.4,1.2,2.6,0.091,0.2,-0.7,-0.5,0.5,,banede01
14,Brandon Ingram,28,TOR,SF,40,40,1350,16.2,0.566,0.285,0.266,2.8,17.3,10,17.3,1.1,2.1,12.5,27.8,0.3,1.7,2,0.071,0.7,-0.4,0.3,0.8,,ingrabr01
15,Keyonte George,22,UTA,PG,39,39,1340,18.2,0.609,0.414,0.428,1.5,11.9,6.6,31.2,1.4,0.8,15.1,27.7,2.3,0.1,2.4,0.086,2.6,-2.1,0.5,0.8,,georgke01
16,Jalen Johnson,24,ATL,SF,38,38,1340,22.1,0.609,0.269,0.322,4.4,27.2,15.7,35.1,1.7,1.4,15,26.8,2.6,1.8,4.3,0.155,3.7,1.4,5.1,2.4,,johnsja05
17,Nickeil Alexander-Walker,27,ATL,SG,40,33,1318,15.2,0.585,0.501,0.237,2,10,6,14.5,1.5,1.6,10.3,25,0.9,1,1.9,0.068,0.5,-1.4,-0.8,0.4,,alexani01
18,Jamal Murray,28,DEN,PG,37,37,1317,22.4,0.616,0.407,0.238,1.5,12.4,7.2,32.4,1.4,0.8,10,28.4,3.9,0.8,4.7,0.171,5.7,-1.8,4,2,,murraja01
19,James Harden,36,LAC,PG,37,37,1316,22.3,0.607,0.516,0.495,2.1,13.2,7.8,37.1,1.8,0.9,14.3,30.8,3.4,0.9,4.3,0.158,5.1,-1,4.1,2,,hardeja01
20,Miles Bridges,27,CHO,PF,39,39,1302,16.5,0.564,0.448,0.269,3.2,18.3,10.9,17.2,0.8,1.4,7.8,23.6,2.2,0.9,3.1,0.114,1.6,-0.8,0.8,0.9,,bridgmi02
21,Derrick White,31,BOS,SG,38,38,1302,17.3,0.532,0.593,0.178,2.8,11.4,7.1,21.4,1.9,4.5,9.6,24.4,1.8,1.5,3.2,0.12,2.7,0.4,3.1,1.7,,whitede01
22,Immanuel Quickley,26,TOR,PG,40,40,1300,15.4,0.552,0.532,0.238,1.9,12.6,7.2,26.7,1.7,0.4,10.1,21.7,1.6,1.5,3.1,0.114,1.2,0.2,1.4,1.1,,quickim01
23,Shai Gilgeous-Alexander,27,OKC,PG,39,39,1298,31.6,0.664,0.252,0.464,1.5,12.8,7.4,33.2,2,2.3,7.5,33.6,6.7,2.5,9.2,0.339,9.3,2.8,12,4.6,,gilgesh01
24,Donte DiVincenzo,29,MIN,SG,41,41,1290,14.1,0.585,0.757,0.162,3.6,12,7.9,17.7,2,1.2,10.3,17.1,2,1.6,3.6,0.132,1,0.9,1.8,1.3,,divindo01
25,Donovan Mitchell,29,CLE,SG,38,38,1286,23.8,0.628,0.48,0.289,2.6,12.6,7.6,27.6,2.1,0.7,11.2,32.5,3.4,1.3,4.7,0.174,6.1,-0.1,6,2.6,,mitchdo01
26,Payton Pritchard,28,BOS,PG,39,39,1282,17.4,0.564,0.53,0.139,3.4,11.8,7.6,22.9,1.3,0.3,6.8,21.2,3.2,0.9,4.1,0.154,2.4,-0.7,1.7,1.2,,pritcpa01
27,Onyeka Okongwu,25,ATL,C,40,29,1276,15.8,0.584,0.414,0.22,6.3,20.9,13.6,15,1.7,2.8,11.6,20.3,1.2,1.6,2.8,0.105,-0.4,0.3,-0.1,0.6,,okongon01
28,Jalen Brunson,29,NYK,PG,37,37,1276,21.9,0.6,0.37,0.288,1.7,8.8,5.1,29.5,1,0.2,8.9,31.4,3.9,0.6,4.5,0.17,5.2,-1.9,3.3,1.7,,brunsja01
29,Kevin Durant,37,HOU,SF,35,35,1274,21.1,0.638,0.304,0.34,1.2,15.3,8.3,19.1,0.9,2.5,12.8,26.9,3.7,1.3,5,0.189,4.3,0,4.2,2,,duranke01
30,Ryan Rollins,23,MIL,PG,40,35,1271,15.9,0.571,0.428,0.156,2.9,13.1,8.1,26.2,2.3,1.2,13.9,23.2,1,1.2,2.2,0.085,0.4,-0.1,0.3,0.7,,rolliry01
31,Kon Knueppel,20,CHO,SF,39,38,1269,16.3,0.638,0.589,0.2,3.5,14.1,8.9,17.2,1,0.6,13.3,22.2,2.3,0.7,3,0.115,2.4,-1.1,1.3,1.1,,knuepko01
32,Rudy Gobert,33,MIN,C,40,40,1268,17.7,0.693,0.004,0.567,13.8,25.3,19.7,7.7,0.9,4.6,14.5,12.3,2.9,2.1,5,0.188,0.2,0.9,1.1,1,,goberru01
33,Devin Booker,29,PHO,SG,37,37,1260,19.7,0.578,0.298,0.45,2.8,10.6,6.6,30.4,1.3,0.9,13,30.8,2.6,1.1,3.8,0.143,2.7,-0.8,1.9,1.3,,bookede01
34,VJ Edgecombe,20,PHI,SG,35,35,1253,13.5,0.533,0.433,0.167,5.1,11.3,8.1,17.6,2.1,1.3,10.5,19.5,1,1.4,2.3,0.089,-0.7,0.4,-0.3,0.6,,edgecvj01
35,Jabari Smith Jr.,22,HOU,PF,36,36,1247,12.8,0.546,0.495,0.209,5,17.2,11.1,7.2,1.1,2.1,8.6,18.2,1.5,1.4,2.9,0.112,-0.9,-0.4,-1.3,0.2,,smithja05
36,Jaden McDaniels,25,MIN,PF,39,39,1240,14.2,0.618,0.304,0.226,3.9,11.3,7.7,11.8,1.7,2.6,12.2,18.1,1.6,1.5,3.1,0.122,-0.7,0.7,0,0.6,,mcdanja02
37,Jaylen Brown,29,BOS,SF,36,36,1233,22.9,0.588,0.266,0.327,3.9,17,10.5,25.3,1.5,1.2,13,36.4,2.2,1.2,3.5,0.135,4.1,-0.9,3.2,1.6,,brownja02
38,Anthony Black,22,ORL,PG,40,20,1212,14.2,0.565,0.363,0.318,2.9,12,7.4,19.3,2.1,2,14.8,22.6,0.3,1.5,1.8,0.071,-0.8,0.5,-0.3,0.5,,blackan01
39,Russell Westbrook,37,SAC,SF,41,35,1210,15.3,0.525,0.436,0.23,5.7,19.1,12.2,35.6,2.2,0.5,19.3,25.3,-0.5,0.9,0.4,0.016,0.6,-0.4,0.2,0.7,,westbru01
40,Nikola Vučević,35,CHI,C,39,39,1197,18.4,0.583,0.343,0.109,7.8,23.8,15.9,18.1,1.1,1.6,9.2,21.8,1.8,1.1,2.9,0.117,1.9,-0.3,1.6,1.1,,vucevni01
41,Karl-Anthony Towns,30,NYK,C,37,37,1197,20.6,0.602,0.323,0.463,9.4,29.1,19,13.4,1.4,2,13,25.9,2.6,1.5,4.1,0.164,2,-0.3,1.7,1.1,,townska01
42,Evan Mobley,24,CLE,PF,36,34,1194,18.9,0.586,0.284,0.355,7.5,21.1,14.2,17.9,1.4,5.1,12.3,21.7,1.7,1.7,3.4,0.136,1.4,1.4,2.8,1.4,,mobleev01
43,Lauri Markkanen,28,UTA,PF,33,33,1187,21.3,0.616,0.405,0.345,6,15.9,10.9,10,1.4,1.3,6.5,27.8,2.9,0.2,3.1,0.125,4.5,-2.1,2.4,1.3,,markkla01
44,Naji Marshall,28,DAL,SF,41,18,1186,15.6,0.631,0.303,0.394,3.2,13.2,8.4,13.9,1.7,0.3,10.4,17.8,2,1.3,3.3,0.133,-0.4,0.9,0.5,0.7,,marshna01
45,Royce O'Neale,32,PHO,SF,40,35,1180,11.8,0.606,0.823,0.044,2.6,16.8,9.5,12.8,2.1,1,14.6,14.3,1,1.6,2.5,0.104,0,1.2,1.2,1,,onealro01
46,Cade Cunningham,24,DET,PG,33,33,1176,22.7,0.577,0.304,0.366,3.3,15.8,9.6,43.1,2.1,2.3,14.6,31.2,2.7,1.9,4.6,0.189,5,1.5,6.5,2.5,,cunnica01
47,Quentin Grimes,25,PHI,SG,37,7,1169,13.2,0.601,0.585,0.325,2.3,11.3,6.7,16.9,1.5,1.4,15.3,18.3,1.2,1.1,2.3,0.093,-0.4,-0.2,-0.6,0.4,,grimequ01
48,Harrison Barnes,33,SAS,PF,40,40,1157,11.4,0.581,0.59,0.215,3,8.3,5.7,10.2,1.3,0.4,9.1,15.5,1.2,1.2,2.4,0.099,-0.7,0,-0.7,0.4,,barneha02
49,Jeremiah Fears,19,NOP,PG,43,41,1152,12.3,0.517,0.26,0.236,3.1,12.2,7.5,17.6,2.2,0.8,15.1,25,-0.9,0.5,-0.4,-0.017,-2.5,-1.8,-4.3,-0.7,,fearsje01
50,Anthony Edwards,24,MIN,SG,33,33,1152,22.6,0.626,0.409,0.357,2,13.5,7.8,17.6,1.8,2.1,10.6,31.2,2.4,1.5,3.9,0.164,5.1,0.2,5.3,2.1,,edwaran01
51,Wendell Carter Jr.,26,ORL,C,38,38,1151,14.5,0.62,0.383,0.38,8.7,19.4,14,9.6,1.1,2.1,11.6,15.7,1.9,1.4,3.3,0.136,-0.6,0.4,-0.1,0.5,,cartewe01
52,Peyton Watson,23,DEN,SF,39,29,1145,14.5,0.615,0.342,0.339,4,14.9,9.7,8.6,1.7,3.1,12.8,19,1.1,1.1,2.1,0.089,-0.5,-0.5,-0.9,0.3,,watsope01
53,Andrew Wiggins,30,MIA,SF,36,36,1140,14.2,0.561,0.357,0.17,6,9.8,7.9,12.2,1.8,3.2,11.1,20.3,0.6,1.5,2,0.086,-0.2,0.7,0.5,0.7,,wiggian01
54,Julian Champagnie,24,SAS,SF,40,26,1138,12.8,0.591,0.758,0.222,3.9,19.4,11.7,6.9,1.4,1.4,9.5,15.5,1.1,1.6,2.7,0.116,0.2,0.6,0.9,0.8,,champju02
55,CJ McCollum,34,2TM,PG,37,35,1133,15.2,0.566,0.452,0.193,2.1,9.4,5.8,18.5,1.1,0.7,8.9,24.9,1,0,1,0.044,0.8,-2.8,-2,0,,mccolcj01
55,CJ McCollum,34,WAS,SG,35,35,1082,15.3,0.573,0.461,0.193,2.2,9.7,6,18.3,1.1,0.7,9.2,24.4,1.1,0,1.1,0.049,1.1,-2.7,-1.7,0.1,,mccolcj01
55,CJ McCollum,34,ATL,PG,2,0,51,12,0.462,0.324,0.189,0,2.2,1.1,23.2,1.8,0,4.8,34.5,-0.1,0,-0.1,-0.078,-4.6,-4.2,-8.8,-0.1,,mccolcj01
56,Jimmy Butler,36,GSW,SF,36,36,1129,23,0.645,0.189,0.646,7.6,11.9,9.8,24.3,2.2,0.6,9.5,22.8,4.4,1.3,5.7,0.242,4.6,0.6,5.2,2.1,,butleji01
57,Luka Dončić,26,LAL,PG,31,31,1129,27,0.606,0.454,0.527,3.1,21.7,12.7,41.8,2.2,1.4,14.2,38.2,3.1,1.2,4.3,0.184,6.9,0.6,7.5,2.7,,doncilu01
58,Jaren Jackson Jr.,26,MEM,C,37,37,1125,14.7,0.574,0.319,0.287,3.2,16.1,9.7,10,1.4,4.7,11.9,24.8,0.1,1.6,1.6,0.07,-1.5,0.7,-0.8,0.3,,jacksja02
59,Davion Mitchell,27,MIA,PG,38,38,1122,11.8,0.559,0.369,0.133,1.2,7.4,4.3,31.7,1.8,0.3,17.3,13.6,1.2,1.2,2.4,0.102,-1.9,0.7,-1.2,0.2,,mitchda01
60,Collin Gillespie,26,PHO,PG,40,21,1119,16.5,0.585,0.65,0.11,4.1,12.6,8.2,24.4,2.5,0.9,13.1,19.3,1.9,1.4,3.3,0.142,2.6,1.1,3.7,1.6,,gilleco01
61,Myles Turner,29,MIL,C,39,39,1110,13.9,0.577,0.608,0.3,4.9,16.4,10.7,7.6,1.1,5.3,8.5,18.2,0.9,1.2,2.1,0.091,-0.5,-0.1,-0.7,0.4,,turnemy01
62,Matas Buzelis,21,CHI,PF,40,40,1109,14.7,0.596,0.457,0.266,4.4,15.3,10,8.8,1.2,4.2,12.2,21.3,0.6,1,1.6,0.068,-1.1,-0.4,-1.5,0.1,,buzelma01
63,Nikola Jokić,30,DEN,C,32,32,1106,35.9,0.713,0.275,0.425,10.5,28.6,20,53.1,1.9,2.1,14.5,30.6,7.2,1.5,8.7,0.378,12.3,4.2,16.5,5.1,,jokicni01
64,Max Christie,22,DAL,SG,38,29,1103,12.1,0.642,0.613,0.204,0.8,11.6,6.3,10.3,0.8,1.1,10.6,15.5,1.2,1,2.2,0.096,-0.2,0,-0.2,0.5,,chrisma02
65,Shaedon Sharpe,22,POR,SG,37,31,1102,15.6,0.541,0.331,0.238,4,12.1,7.9,15.4,2.3,0.4,12.8,31,-0.3,1,0.7,0.029,-0.3,-1.2,-1.5,0.1,,sharpsh01
66,Tim Hardaway Jr.,33,DEN,SG,40,5,1098,14,0.636,0.697,0.203,0.9,8.6,4.9,6.9,0.9,0.3,3.6,17.8,2.2,0.3,2.5,0.11,1.7,-2.2,-0.5,0.4,,hardati02
67,Brandin Podziemski,22,GSW,SG,41,12,1093,13.7,0.586,0.495,0.239,2.8,15.5,9.1,17.4,1.9,0.6,11.8,18,1.1,1.3,2.5,0.109,-0.4,0.5,0.1,0.6,,podzibr01
68,A.J. Green,26,MIL,SG,37,37,1093,9.7,0.646,0.904,0.103,0.7,9.3,5.1,9.4,1.1,0.3,9.8,13.2,1.1,0.5,1.6,0.072,-1.4,-1.1,-2.5,-0.1,,greenaj01
69,Derik Queen,21,NOP,C,42,30,1091,16.8,0.55,0.094,0.346,7,24.8,15.7,24.4,1.9,3.6,17.7,22.1,0.4,1.1,1.5,0.067,-1.1,0.9,-0.2,0.5,,queende01
70,Santi Aldama,25,MEM,PF,39,8,1091,16.4,0.567,0.427,0.224,5.9,19.5,12.8,16.5,1.5,2.5,9.8,20.1,1.1,1.5,2.6,0.115,1.2,0.9,2.1,1.1,,aldamsa01
71,Naz Reid,26,MIN,C,41,1,1087,16.6,0.589,0.542,0.133,5,20.5,12.9,13.1,1.6,2.9,11.3,22.2,1.1,1.7,2.8,0.123,1,0.8,1.8,1,,reidna01
72,Noah Clowney,21,BRK,PF,38,32,1084,11.3,0.551,0.656,0.388,3.9,12.5,8,10.6,1.4,2.7,13,20.6,0.1,0.8,0.9,0.04,-2,-0.8,-2.8,-0.2,,clownno01
73,Kris Dunn,31,LAC,PG,40,34,1082,11.4,0.593,0.488,0.161,3.5,8.5,6.1,16,2.8,0.5,15.8,13,0.9,0.8,1.8,0.078,-2.1,0.9,-1.2,0.2,,dunnkr01
74,Bub Carrington,20,WAS,PG,39,12,1074,8.7,0.533,0.575,0.166,1.5,13.2,7.4,22.1,0.8,0.7,19.7,16.6,-0.3,0,-0.3,-0.012,-2.7,-2.2,-4.9,-0.8,,carrica01
75,Saddiq Bey,26,NOP,SF,36,28,1074,15.9,0.554,0.421,0.285,5.9,15.4,10.5,10.9,1.5,0.2,4.1,19.7,1.8,0.4,2.2,0.098,1.5,-1.9,-0.5,0.4,,beysa01
76,Jaylen Wells,22,MEM,SG,39,39,1072,10.2,0.53,0.519,0.259,3.6,10,6.8,9.4,1.5,0.3,9,18.7,0.2,1,1.1,0.051,-2.8,-0.5,-3.3,-0.4,,wellsja01
77,Nic Claxton,26,BRK,C,36,35,1070,19,0.609,0.037,0.435,9.8,19.6,14.5,22,1.2,4.1,12.3,17.8,2.3,1.1,3.4,0.152,1.1,1.2,2.3,1.2,,claxtni01
78,Jaime Jaquez Jr.,24,MIA,SF,37,1,1066,15.9,0.581,0.138,0.283,4.4,14,9.2,23.5,1.3,0.7,13.8,22.4,1,1.2,2.2,0.101,0,0.5,0.4,0.6,,jaqueja01
79,Ivica Zubac,28,LAC,C,34,33,1064,19.2,0.63,0,0.287,13.3,26.2,19.9,12.8,0.7,2.9,14.2,19.5,2.1,1,3.1,0.141,1,-0.8,0.2,0.6,,zubaciv01
80,Norman Powell,32,MIA,SG,34,34,1048,19.4,0.63,0.449,0.345,1.2,11.4,6.3,13.3,1.9,0.6,9.4,27.6,1.9,1.3,3.1,0.143,3,0.4,3.4,1.4,,powelno01
81,Cason Wallace,22,OKC,SG,39,32,1047,10.6,0.523,0.563,0.084,3.6,8.6,6.2,9.8,3.9,0.9,11.4,12.7,0.2,2.3,2.4,0.111,-2.7,3.3,0.6,0.7,,wallaca01
82,Duncan Robinson,31,DET,SF,36,36,1047,11.2,0.608,0.793,0.167,1.3,9.3,5.3,8.7,1.2,1,6.7,14.6,1.6,1.1,2.7,0.124,-0.1,-0.1,-0.2,0.5,,robindu01
83,Dillon Brooks,30,PHO,SF,34,34,1047,14.8,0.565,0.419,0.208,2.5,9.6,6,9.2,1.9,0.2,9.7,28.3,0.6,1,1.6,0.074,-0.6,-0.9,-1.6,0.1,,brookdi01
84,John Collins,28,LAC,PF,38,29,1044,15.4,0.643,0.34,0.231,6.1,14.9,10.6,4.9,1.6,3.2,12.3,18.7,1.3,0.9,2.1,0.098,-0.3,-0.4,-0.7,0.4,,collijo01
85,Jake LaRavia,24,LAL,PF,38,17,1036,12.8,0.576,0.467,0.26,7,11.2,9.2,9.9,2.4,1.4,11,15.1,1.1,0.9,2,0.093,-0.8,0,-0.8,0.3,,laravja01
86,Alperen Şengün,23,HOU,C,30,30,1033,22.4,0.57,0.14,0.363,9.5,19.4,14.5,29.2,2.1,2.6,14.4,26.9,2.3,1.5,3.9,0.18,3.9,1.6,5.4,1.9,,sengual01
87,Ajay Mitchell,23,OKC,SG,39,8,1027,17.3,0.584,0.298,0.303,3,11.1,7.2,19.3,2.6,1.3,10.8,22.2,1.5,2,3.5,0.165,0.4,1.6,2,1,,mitchaj01
88,Michael Porter Jr.,27,BRK,SF,31,31,1026,21.8,0.623,0.507,0.238,4.4,22.5,13,19.2,1.5,0.6,11,30.3,1.8,1,2.7,0.127,5.5,-0.7,4.8,1.8,,portemi01
89,Sion James,23,CHO,SG,40,16,1024,8.7,0.579,0.61,0.333,2.4,12.3,7.5,9.8,1.2,1.5,12.9,10.5,0.8,0.7,1.5,0.07,-2.6,0.3,-2.3,-0.1,,jamessi01
90,Devin Vassell,25,SAS,SG,32,32,1020,12.8,0.561,0.563,0.171,1.6,11.9,6.8,10.6,1.4,1.3,6.6,18.9,1,1.2,2.2,0.103,-0.2,0,-0.2,0.5,,vassede01
91,Andrew Nembhard,26,IND,PG,32,32,1014,15.7,0.557,0.361,0.307,1.2,7.9,4.4,35.5,1.5,0.4,12.4,23.7,1.1,0.6,1.7,0.081,0.9,-1.8,-0.9,0.3,,nembhan01
92,Chet Holmgren,23,OKC,PF,35,35,1013,21.4,0.661,0.311,0.335,7.1,24.1,15.9,8.1,0.9,6.5,11.6,22.7,2.1,2.3,4.5,0.211,2.1,1.5,3.6,1.4,,holmgch01
93,Kawhi Leonard,34,LAC,SF,30,30,1013,27.3,0.633,0.371,0.319,3.2,18,10.8,19.5,3.3,1.8,8.7,32.2,3,1.3,4.3,0.202,7.1,1.1,8.1,2.6,,leonaka01
94,Bruce Brown,29,DEN,SG,41,2,1012,9.9,0.526,0.24,0.24,5.5,13.5,9.7,11,1.9,0.8,13.5,13.7,0.4,0.8,1.2,0.056,-3,-0.4,-3.3,-0.3,,brownbr01
95,Paolo Banchero,23,ORL,PF,30,30,1012,17,0.549,0.229,0.498,3,25.3,14.1,22.4,0.9,1.9,13.1,27.2,0.5,1.3,1.8,0.084,0.5,0.4,1,0.8,,banchpa01
96,De'Aaron Fox,28,SAS,PG,31,31,1010,17.9,0.569,0.38,0.264,2.6,11.2,6.9,27.7,1.9,0.7,12,26.4,1.3,1.3,2.6,0.124,1.7,0.5,2.3,1.1,,foxde01
97,Donovan Clingan,21,POR,C,37,37,1002,19.3,0.616,0.357,0.296,17.3,25.4,21.3,10.1,0.9,4.4,10.1,14.8,2.5,1.2,3.7,0.178,2,-0.2,1.8,1,,clingdo01
98,Jaylon Tyson,23,CLE,SG,37,22,997,15.2,0.625,0.431,0.146,7.7,13.7,10.6,10.2,1.8,1.7,11.3,17.7,1.5,1,2.6,0.123,0.4,-0.1,0.2,0.6,,tysonja01
99,Deandre Ayton,27,LAL,C,34,34,996,18.2,0.684,0,0.187,10.7,24,17.6,4.7,1.2,3.2,13.9,17.5,1.7,1.1,2.7,0.132,-0.1,-1,-1.1,0.2,,aytonde01
100,De'Andre Hunter,28,CLE,SF,37,23,992,12.1,0.56,0.491,0.292,2.7,14.9,8.7,11.3,1.1,0.5,11.1,21.8,0.5,0.8,1.3,0.063,-2.1,-1.3,-3.4,-0.3,,huntede01
101,Stephen Curry,37,GSW,PG,31,31,990,23.1,0.635,0.604,0.278,1.5,11.7,6.6,27.7,1.8,1.3,11.4,33,2.4,1.1,3.5,0.168,6.6,-0.7,6,2,,curryst01
102,Kyle Kuzma,30,MIL,PF,38,15,987,13.9,0.59,0.271,0.311,4.2,16.1,10.2,12.4,1.2,1.9,13.2,20.7,0.6,0.8,1.4,0.069,-1.8,-0.8,-2.6,-0.2,,kuzmaky01
103,Bam Adebayo,28,MIA,C,32,32,986,16.2,0.547,0.29,0.304,5.7,26.7,16.3,12.2,1.4,2.4,10.7,22.7,0.3,1.7,2,0.098,-0.1,1,0.9,0.7,,adebaba01
104,Josh Giddey,23,CHI,PG,30,30,984,19.5,0.578,0.338,0.371,3.9,24.7,14.5,39.9,1.3,1,17.7,25.8,1.3,0.9,2.3,0.11,2.8,0.3,3.1,1.3,,giddejo01
105,Kel'el Ware,21,MIA,C,40,27,980,20,0.643,0.331,0.191,13.8,28.6,21.3,3.1,1.7,4.3,9.8,17,1.9,1.9,3.9,0.189,1.9,0.4,2.3,1.1,,wareke01
106,OG Anunoby,28,NYK,PF,30,30,974,14.5,0.586,0.487,0.308,4.5,14.2,9.2,9.1,2.5,2.3,13.1,19.7,0.8,1.1,1.9,0.096,-0.4,0.3,0,0.5,,anunoog01
107,P.J. Washington,27,DAL,PF,31,31,972,13.2,0.539,0.345,0.289,4.8,19.7,12.5,8.7,1.6,3.7,13.7,21.2,-0.6,1.5,0.9,0.045,-2.1,0.9,-1.2,0.2,,washipj01
108,Cedric Coward,22,MEM,SG,36,23,960,15.4,0.587,0.425,0.273,6.2,20.1,13.2,16.3,1,1.1,12.5,20.9,1,1.1,2.2,0.108,0.6,0,0.6,0.6,,cowarce01
109,Stephon Castle,21,SAS,PG,31,31,959,15.4,0.56,0.308,0.491,3.8,13.9,8.9,32.1,2,0.8,19.7,26.1,0.3,1.3,1.6,0.082,-0.6,0.6,0,0.5,,castlst01
110,Zach LaVine,30,SAC,SG,29,28,953,14.5,0.622,0.468,0.249,0.7,10.1,5.3,10.8,1,0.6,11.7,23.8,0.8,0.1,0.9,0.046,0.4,-2.1,-1.7,0.1,,lavinza01
111,Moses Moody,23,GSW,SG,39,28,948,11.6,0.56,0.656,0.193,3.6,10.5,7,9.1,1.8,2.4,9.3,17.7,0.5,1.1,1.6,0.081,-1.2,0,-1.2,0.2,,moodymo01
112,Gary Trent Jr.,27,MIL,SG,38,17,948,8,0.532,0.717,0.113,0.6,5.2,2.9,8.7,1.3,0.2,7,15.4,0,0.4,0.4,0.021,-3.1,-1.5,-4.6,-0.6,,trentga02
113,Jarace Walker,22,IND,PF,41,12,945,8.8,0.501,0.527,0.226,2,18.7,10,11.8,1.4,1.2,14.4,19.3,-1,0.9,-0.2,-0.009,-3.2,-0.6,-3.8,-0.4,,walkeja02
114,Keldon Johnson,26,SAS,SF,40,0,944,19.7,0.665,0.341,0.299,9.1,19.5,14.3,7.9,1.3,0.3,8.5,19.9,2.6,1.3,3.8,0.194,2.9,-0.1,2.8,1.2,,johnske04
115,Kyshawn George,22,WAS,SF,30,30,942,12.8,0.582,0.467,0.207,2.9,15.4,9.2,22.8,1.5,2.4,19.6,21.3,0,0.4,0.4,0.02,-1.2,-0.8,-2,0,,georgky01
116,Reed Sheppard,21,HOU,SG,37,4,941,16.3,0.575,0.576,0.111,1.6,10,5.8,18,2.8,2.1,9.6,20.3,1.8,1.3,3.1,0.158,1.6,1.6,3.2,1.2,,sheppre01
117,Anfernee Simons,26,BOS,SG,39,0,936,14.9,0.581,0.577,0.138,2.3,8.5,5.4,15,0.9,0.4,8.3,22.7,1.7,0.5,2.2,0.111,1.6,-1.6,0,0.5,,simonan01
118,Bobby Portis,30,MIL,PF,40,6,935,16.6,0.588,0.38,0.092,6.5,25,15.8,8.7,1.1,0.7,8.7,22.8,0.7,0.9,1.7,0.086,1.1,-1.7,-0.6,0.3,,portibo01
119,Neemias Queta,26,BOS,C,37,37,919,20.4,0.659,0.016,0.312,14,22.9,18.5,7.9,1.6,5.1,10.1,14.9,2.6,1.4,4,0.207,1,0.9,1.8,0.9,,quetane01
120,Draymond Green,35,GSW,PF,34,34,914,10.4,0.544,0.596,0.176,2.9,21.6,12.1,27.3,1.6,2.6,26.7,17,-0.5,1.4,0.9,0.046,-2.7,1.8,-0.8,0.3,,greendr01
121,Tre Jones,26,CHI,PG,34,19,914,18,0.638,0.213,0.493,2.6,8.6,5.6,28.4,2.3,0.6,12.4,17.3,2.4,0.6,3.1,0.16,0.6,0.4,1,0.7,,jonestr01
122,Vit Krejci,25,ATL,PG,38,5,912,11.9,0.655,0.787,0.119,2.1,8.5,5.3,8.9,1.7,1.2,9,14.7,1.1,0.7,1.8,0.094,-0.9,-0.3,-1.3,0.2,,krejcvi01
123,Josh Hart,30,NYK,SF,30,16,911,16.3,0.61,0.434,0.189,5.7,22.7,14,22.7,2.1,1.1,17.8,17,1.4,1.1,2.5,0.134,1.4,1.5,2.9,1.1,,hartjo01
124,Cam Spencer,25,MEM,SG,38,9,907,17.3,0.664,0.618,0.246,1.8,9.8,5.8,32.2,1.5,0.2,14.1,18.1,2.4,0.8,3.2,0.169,3,0.1,3.1,1.2,,spencca01
125,Jamal Shead,23,TOR,PG,42,4,905,11.6,0.494,0.55,0.232,1.8,7.3,4.5,32.9,2.2,0.6,15.5,16.6,0.5,1,1.5,0.081,-1.8,0.2,-1.6,0.1,,sheadja01
126,Moussa Diabaté,24,CHO,C,37,11,899,18.1,0.649,0,0.603,17.8,21.4,19.7,8.4,1.6,3.7,11.7,12.3,2.4,1.1,3.4,0.182,0.3,0.2,0.6,0.6,,diabamo01
127,Ausar Thompson,23,DET,SF,34,33,897,15,0.534,0.059,0.382,8.6,15.7,12.2,13.9,2.8,3.2,13.3,18.8,0.5,1.7,2.1,0.113,-1.4,2,0.7,0.6,,thompau01
128,Rui Hachimura,27,LAL,PF,28,27,895,11.1,0.627,0.428,0.136,3,10.4,6.8,3.8,0.9,0.6,7.6,14.6,1,0.3,1.3,0.071,-0.8,-2.1,-2.9,-0.2,,hachiru01
129,Ayo Dosunmu,26,CHI,SG,34,7,889,16.5,0.635,0.398,0.218,2.7,8.3,5.6,19.9,1.3,0.8,9.9,20,1.8,0.4,2.2,0.119,1.3,-0.9,0.4,0.5,,dosunay01
130,Zaccharie Risacher,20,ATL,SF,36,36,887,11.8,0.558,0.47,0.157,4.2,10.6,7.4,8,1.7,1.9,8.4,18.6,0.2,0.8,1,0.052,-2.1,-0.9,-3,-0.2,,risacza01
131,Terance Mann,29,BRK,SG,34,33,884,11.5,0.555,0.407,0.252,5.7,9.7,7.6,21,1.5,1,13.2,13.4,1.1,0.5,1.6,0.089,-2,0,-1.9,0,,mannte01
132,Jalen Duren,22,DET,C,31,31,880,23.4,0.667,0,0.499,16.1,25.3,20.8,9.3,1.6,3.1,14.4,22.6,2.3,1.6,4,0.217,2.4,0.1,2.6,1,,durenja01
133,Kris Murray,25,POR,SF,34,11,874,9.2,0.535,0.446,0.24,7.4,9.4,8.4,6.4,2.2,1.4,13.8,10.4,0.4,0.7,1.1,0.061,-2.8,0.7,-2.1,0,,murrakr01
134,Svi Mykhailiuk,28,UTA,SF,35,35,867,10.4,0.607,0.668,0.067,3.3,8.2,5.7,11.3,0.9,0.3,9.7,13.7,0.9,-0.2,0.7,0.038,-0.4,-1.8,-2.1,-0.1,,mykhasv01
135,Kyle Filipowski,22,UTA,C,39,13,858,13.1,0.546,0.339,0.291,7.8,22.4,15,12.9,1.4,2.1,12,18,0.5,0.4,0.9,0.05,-1.8,-1,-2.8,-0.2,,filipky01
136,Cameron Johnson,29,DEN,SF,28,28,857,11.3,0.604,0.514,0.237,2.8,10.1,6.6,10,1,0.8,9.1,15.1,1.1,0.4,1.4,0.081,-0.5,-1.7,-2.2,0,,johnsca02
137,Sandro Mamukelashvili,26,TOR,C,40,8,854,17.3,0.617,0.434,0.217,7.8,17.7,12.7,12.6,1.5,2.8,8.8,18.1,1.6,1.2,2.8,0.158,1.4,0.6,2,0.9,,mamuksa01
138,Sam Hauser,28,BOS,PF,38,10,854,10.8,0.56,0.885,0.031,3.3,14.4,8.9,7.1,1.3,1.4,7.7,14.4,0.8,0.8,1.6,0.088,0,-0.6,-0.6,0.3,,hausesa01
139,Kevin Huerter,27,CHI,SF,35,10,849,13.3,0.564,0.541,0.153,2.3,13.9,8.2,14.2,1.7,2.1,10.4,20,0.3,0.7,1,0.058,-1.3,-0.1,-1.4,0.1,,huertke01
140,Egor Dёmin,19,BRK,PG,34,27,847,12.1,0.564,0.696,0.116,2.2,13,7.3,21.9,1.9,1.2,16.1,19.4,0.2,0.7,0.8,0.047,-0.5,-0.3,-0.7,0.3,,demineg01
141,Dennis Schröder,32,SAC,PG,31,12,845,14.2,0.532,0.392,0.296,2.2,11.5,6.7,30.8,1.5,0.5,13.7,22.1,0.4,0.3,0.7,0.04,0,-1.5,-1.5,0.1,,schrode01
142,Klay Thompson,35,DAL,SF,38,8,844,10.4,0.516,0.718,0.069,1.4,10.1,5.9,8.7,0.8,1.2,7.1,22.4,-0.5,0.7,0.2,0.012,-0.6,-1.4,-1.9,0,,thompkl01
143,Mark Williams,24,PHO,C,35,31,839,23.4,0.702,0.004,0.457,14.3,24.6,19.3,6.6,2.2,3.6,10.1,17.2,2.8,1.5,4.3,0.246,2.4,0.9,3.3,1.1,,willima07
144,Jock Landale,30,MEM,C,37,19,837,17.1,0.602,0.346,0.243,13.7,15.5,14.6,11.1,1.1,1.9,9.5,18.6,1.6,0.9,2.5,0.144,1.3,-0.5,0.8,0.6,,landajo01
145,LaMelo Ball,24,CHO,PG,30,29,837,19.6,0.55,0.537,0.177,4,16.7,10.5,46.5,2.1,0.6,15.7,32.6,1.1,0.8,1.9,0.106,4.1,-0.8,3.3,1.1,,ballla01
146,Luguentz Dort,26,OKC,SF,31,31,834,8.4,0.527,0.746,0.099,3.6,11.1,7.5,4.8,1.7,2.2,8,13.6,0.1,1.5,1.6,0.09,-2.7,0.9,-1.8,0,,dortlu01
147,Alex Sarr,20,WAS,C,30,30,831,20.5,0.559,0.212,0.234,8.4,20.2,14.3,16.7,1.3,7.3,10.8,25.5,0.7,0.7,1.4,0.08,1.7,0.2,1.9,0.8,,sarral01
148,Jusuf Nurkić,31,UTA,C,32,27,830,16.2,0.552,0.19,0.342,11.4,30.9,21,23.7,2.6,1.6,20.5,18.9,0.4,0.8,1.2,0.068,-0.9,1.3,0.4,0.5,,nurkiju01
149,Marcus Smart,31,LAL,SG,29,22,825,9.9,0.552,0.667,0.248,2.9,9.7,6.4,13.7,2.4,1.3,17.2,15.6,0.1,0.7,0.8,0.047,-2.7,0.2,-2.6,-0.1,,smartma01
150,Jay Huff,27,IND,C,41,22,816,14.9,0.583,0.657,0.175,5.1,15.3,10,9.9,1,9.5,10.9,17.1,0.6,1.1,1.6,0.096,-1.2,2.1,0.9,0.6,,huffja01
151,Tristan Da Silva,24,ORL,SF,35,13,813,11.8,0.572,0.507,0.127,3.8,13.2,8.5,7.2,1.6,0.8,9.4,17.1,0.5,0.8,1.3,0.075,-0.8,-0.3,-1,0.2,,dasiltr01
152,Austin Reaves,27,LAL,SG,23,22,812,23,0.666,0.456,0.528,2.4,14.6,8.7,28,1.3,0.6,14,28.5,2.7,0.5,3.2,0.188,5.2,-1.1,4.2,1.3,,reaveau01
153,Nicolas Batum,37,LAC,PF,39,3,810,8.5,0.622,0.954,0.072,2.4,12.2,7.4,5.2,2,2,13.7,10,0.4,0.6,1,0.058,-1.6,0.5,-1.1,0.2,,batumni01
154,Kentavious Caldwell-Pope,32,MEM,SG,38,13,810,11.7,0.548,0.5,0.215,2.1,9.8,6,19.4,1.8,0.8,13.5,17.4,0.4,0.8,1.2,0.071,-1.5,0.4,-1,0.2,,caldwke01
155,Miles McBride,25,NYK,SG,29,12,806,13.2,0.604,0.684,0.118,2.5,7.7,5,12.5,1.3,0.7,6.8,16.9,1.5,0.4,1.9,0.115,1.3,-0.6,0.7,0.5,,mcbrimi01
156,Jordan Clarkson,33,NYK,SG,40,0,805,10.7,0.546,0.487,0.158,4.1,5.9,5,9.6,1.1,0.7,10.8,21.3,0.3,0.4,0.7,0.039,-2.1,-2.1,-4.1,-0.4,,clarkjo01
157,Isaiah Stewart,24,DET,C,34,11,805,15.6,0.621,0.324,0.266,9,17.3,13.2,6.5,0.5,8.6,12.8,16.7,1.1,1.3,2.4,0.144,-1.1,1.3,0.2,0.4,,stewais01
158,Brice Sensabaugh,22,UTA,SF,39,9,801,12.7,0.578,0.562,0.219,4.2,11.2,7.6,11.1,1.7,0.6,11.9,21.7,0.4,0.1,0.4,0.026,-0.9,-2.3,-3.2,-0.2,,sensabr01
159,Franz Wagner,24,ORL,SF,24,24,801,20.3,0.6,0.262,0.429,4.8,15.3,10,17.6,1.7,1,8.6,26,1.8,0.9,2.7,0.159,3.1,0.3,3.4,1.1,,wagnefr01
160,Spencer Jones,24,DEN,SF,36,25,800,9.7,0.633,0.581,0.265,6.3,8.4,7.4,5.3,2,1.6,11.7,10.7,0.9,0.6,1.5,0.088,-2,-0.4,-2.4,-0.1,,jonessp01
161,Isaac Okoro,25,CHI,SG,32,32,800,9.7,0.576,0.466,0.208,5,6.7,5.8,7.2,0.9,1.8,8,13.7,0.7,0.3,1,0.06,-3,-1.3,-4.3,-0.5,,okorois01
162,Jordan Goodwin,27,PHO,PG,37,2,797,13.8,0.495,0.524,0.094,9.8,14.1,11.9,14.4,3.1,0.8,11.7,19.7,0.3,1.2,1.4,0.086,-0.2,1,0.8,0.6,,goodwjo01
163,Jarrett Allen,27,CLE,C,30,30,793,19,0.635,0.026,0.397,8.6,23.8,16.1,11.7,1.8,2.4,12.8,19.1,1.5,1.1,2.6,0.157,0.3,0.6,0.9,0.6,,allenja01
164,Darius Garland,26,CLE,PG,26,26,792,15.4,0.567,0.435,0.21,1.6,7.1,4.3,33.1,1.3,0.3,15.1,25.3,0.8,0.5,1.3,0.079,0.8,-2.5,-1.7,0.1,,garlada01
165,Luke Kornet,30,SAS,C,32,22,789,18.6,0.709,0,0.5,13.8,16.4,15.1,10.7,0.9,4.7,7.9,10.7,2.7,1.2,3.8,0.232,1.7,1.8,3.5,1.1,,kornelu01
166,Jerami Grant,31,POR,PF,26,14,789,16.5,0.603,0.466,0.458,4,10.4,7.2,13.7,1.1,1.8,11.7,25,1.4,0.5,1.9,0.117,1.9,-1.2,0.7,0.5,,grantje01
167,Zion Williamson,25,NOP,PF,27,20,786,24.1,0.626,0.008,0.584,8.5,13.2,10.8,19.7,1.9,2,11.8,29,2,0.4,2.4,0.145,4.2,-0.7,3.5,1.1,,willizi01
168,Oso Ighodaro,23,PHO,PF,40,7,781,11.9,0.61,0.007,0.333,7.5,17.6,12.4,12.5,2.2,2.7,21.5,11.7,0.5,1.2,1.7,0.102,-3.3,2.4,-1,0.2,,ighodos01
169,Maxime Raynaud,22,SAC,C,33,19,780,14.6,0.601,0.1,0.226,8.5,22.1,15.1,6.8,0.8,2,10.6,17.6,0.8,0.4,1.3,0.078,-1.9,-1.3,-3.2,-0.2,,raynama01
170,Jose Alvarado,27,NOP,PG,35,0,776,11.2,0.558,0.651,0.097,1.8,12.3,6.9,19.8,2.2,0.5,15.4,15.7,0.4,0.3,0.7,0.044,-1.9,-0.5,-2.4,-0.1,,alvarjo01
171,Brandon Williams,26,DAL,PG,35,9,775,14.5,0.524,0.275,0.404,2.7,10.9,6.9,24.9,2.5,0.9,14.4,25,-0.2,1,0.8,0.049,-2,0.7,-1.3,0.1,,willibr03
172,Tre Johnson,19,WAS,SG,32,14,775,12.5,0.591,0.524,0.152,2,10.6,6.4,11.7,1.3,1.1,13.2,20.9,0.3,0.1,0.3,0.021,-0.6,-2,-2.6,-0.1,,johnstr03
173,Bennedict Mathurin,23,IND,SF,24,24,772,12.4,0.577,0.457,0.382,2.5,16.3,9.2,10.4,1,0.5,13.3,23.4,0.1,0.5,0.6,0.04,-1.4,-1.6,-3,-0.2,,mathube01
174,Ace Bailey,19,UTA,SF,33,22,771,10.1,0.526,0.444,0.108,6.5,8.3,7.4,9.5,1.4,1.5,10.6,18.6,0,0,0,-0.003,-2.2,-2.3,-4.5,-0.5,,baileac01
175,Dean Wade,29,CLE,PF,34,13,770,9.9,0.541,0.746,0.178,3.9,15.5,9.6,8.6,1.5,1.5,4.7,10.3,0.8,0.8,1.5,0.096,-1.7,0.7,-1,0.2,,wadede01
176,Giannis Antetokounmpo,31,MIL,PF,26,26,761,34.3,0.68,0.081,0.574,11.5,26.1,18.9,40.2,1.5,2.7,13.5,37.3,3.3,1,4.3,0.268,8.4,2.2,10.7,2.4,,antetgi01
177,Ron Holland,20,DET,SF,36,5,756,11.4,0.501,0.365,0.255,5.9,16.3,11.1,8.8,3.1,1.7,13.7,18.9,-0.3,1.4,1.1,0.072,-3.2,1.4,-1.8,0,,hollaro01
178,Javonte Green,32,DET,SG,38,4,755,12.4,0.572,0.533,0.28,4.3,11.5,7.9,5.5,3.4,1.8,10.1,14.5,0.6,1.3,1.9,0.124,-1.8,2.3,0.5,0.5,,greenja02
179,Victor Wembanyama,22,SAS,C,26,17,753,27.5,0.619,0.254,0.415,7,33.5,20.3,18,1.5,8.5,13.1,32.3,1.4,1.8,3.2,0.207,5.1,3.9,9,2.1,,wembavi01
180,Sidy Cissoko,21,POR,SF,36,16,752,6.8,0.53,0.636,0.255,4.2,7,5.6,9.9,1.5,1.1,16.3,13.2,0,0.4,0.4,0.027,-4.2,-0.3,-4.6,-0.5,,cissosi01
181,Quinten Post,25,GSW,PF,41,27,740,13,0.561,0.661,0.079,5.6,17.9,11.7,11.8,1.4,2.7,9.9,18.4,0.5,1,1.4,0.093,-0.7,0.4,-0.3,0.3,,postqu01
182,Collin Sexton,27,CHO,SG,31,12,740,17.2,0.615,0.324,0.407,2.3,7.3,4.9,27.3,1.6,0.6,15.9,25.8,1.3,0.4,1.7,0.112,1.3,-1.3,0,0.4,,sextoco01
183,Luke Kennard,29,ATL,SG,36,0,738,13.1,0.696,0.632,0.158,2.1,8.1,5.1,14.6,1.8,0.2,12.1,13.1,1.3,0.5,1.8,0.117,-0.1,0,-0.2,0.3,,kennalu01
184,Isaiah Collier,21,UTA,PG,32,3,737,12.8,0.581,0.209,0.459,1.3,9.4,5.3,39.4,1.4,1.4,24.1,17.4,0.6,0,0.6,0.04,-1.4,-2,-3.4,-0.3,,colliis01
185,Collin Murray-Boyles,20,TOR,PF,35,11,736,14.8,0.585,0.204,0.228,13.1,13.8,13.4,12.1,2.1,2.8,14.4,15.3,0.9,1.1,2,0.13,-1.1,1.2,0.2,0.4,,murraco01
186,Kevin Porter Jr.,25,MIL,PG,21,21,722,18.1,0.577,0.357,0.322,2.7,14.4,8.6,33.1,3.2,1.2,17.9,24.3,0.7,0.9,1.6,0.105,1.1,1,2.1,0.7,,porteke02
187,Malik Monk,27,SAC,SG,33,0,721,13.5,0.56,0.447,0.18,1.7,8.9,5.2,16.8,1.6,1.6,11.2,23.2,0.2,0.2,0.4,0.026,-0.2,-1.3,-1.5,0.1,,monkma01
188,Pelle Larsson,24,MIA,SG,32,19,715,12.3,0.578,0.432,0.329,2.8,9.7,6.2,18.3,1.2,1,11.2,16.3,0.8,0.7,1.5,0.103,-1.3,0.5,-0.8,0.2,,larsspe01
189,Ryan Dunn,23,PHO,SF,33,11,714,11.7,0.527,0.44,0.13,8.4,16,12.1,11.3,2.2,2.4,14.5,14.5,0.3,1,1.3,0.09,-2.3,1.3,-1.1,0.2,,dunnry01
190,Ben Sheppard,24,IND,SG,30,11,710,8,0.497,0.595,0.135,2.9,14,8.2,10.8,1.2,0.4,8,12.7,0.1,0.5,0.5,0.037,-3.5,-0.2,-3.7,-0.3,,sheppbe01
191,Josh Okogie,27,HOU,SG,37,22,709,10.6,0.571,0.527,0.248,6.7,9.6,8.1,6.2,2.5,0.8,13.3,12.4,0.7,0.8,1.5,0.101,-2,0.9,-1.1,0.2,,okogijo01
192,Caleb Love,24,POR,SG,33,1,709,11.1,0.506,0.616,0.122,2.7,11.2,6.9,17.3,1.1,0.5,9.5,22.4,0.1,0.4,0.5,0.033,-0.9,-1.8,-2.7,-0.1,,loveca01
193,Patrick Williams,24,CHI,PF,38,1,708,8.6,0.496,0.534,0.168,3.8,12.8,8.4,8.4,1.9,1.2,12,16.8,-0.5,0.5,0,0.003,-3.4,-1,-4.4,-0.4,,willipa01
194,Dominick Barlow,22,PHI,PF,29,26,707,13.6,0.619,0.259,0.27,9.1,14.2,11.6,7.8,1.4,2.8,13,13.3,1,0.8,1.8,0.121,-1.2,0.4,-0.8,0.2,,barlodo01
195,Precious Achiuwa,26,SAC,C,34,20,706,14.5,0.533,0.186,0.314,10,20.1,15,8.1,2,2.4,7.4,15.6,0.6,0.6,1.2,0.079,-1.1,0,-1.1,0.2,,achiupr01
196,Ryan Kalkbrenner,24,CHO,C,28,25,701,17.3,0.787,0.015,0.374,11.9,16.4,14.2,3.3,1.3,6.2,16.4,11,1.5,0.8,2.3,0.158,-0.2,0.8,0.7,0.5,,kalkbry01
197,RJ Barrett,25,TOR,SF,23,23,698,17.6,0.587,0.366,0.304,2.8,15.8,9.2,18.9,1.3,0.6,8.6,25.6,0.9,0.8,1.7,0.12,1.5,-0.7,0.8,0.5,,barrerj01
198,LeBron James,41,LAL,SF,21,21,698,21.7,0.598,0.313,0.36,2.1,17.5,10,33.7,1.6,1.6,12.3,27.7,1.5,0.6,2.1,0.144,4.4,0,4.3,1.1,,jamesle01
199,Nique Clifford,23,SAC,SG,37,3,688,6.4,0.492,0.446,0.174,3.6,13.2,8.3,8.8,1.6,1.2,17.5,14.9,-0.8,0.3,-0.5,-0.032,-5.3,-0.8,-6.1,-0.7,,cliffni01
200,Brandon Miller,23,CHO,SF,23,23,686,14.6,0.525,0.475,0.223,4.2,12,8.2,18.3,1.6,3.1,12,29.1,-0.1,0.6,0.5,0.038,-0.7,-1.1,-1.8,0,,millebr02
201,Keegan Murray,25,SAC,PF,19,18,683,12,0.502,0.355,0.147,4.8,14.4,9.5,6.2,1.6,3.9,7.4,18.6,-0.2,0.4,0.2,0.015,-2.2,-0.6,-2.8,-0.1,,murrake02
202,Andre Drummond,32,PHI,C,34,15,679,17.5,0.573,0.246,0.317,18.1,30.3,24.1,5.4,1.4,3.8,11.8,14.6,1.1,1.2,2.3,0.162,0.2,-0.4,-0.2,0.3,,drumman01
203,Steven Adams,32,HOU,C,30,10,678,15.9,0.534,0,0.608,22.3,19.8,21.1,8.5,1.6,2.5,17.1,12.2,1,0.9,2,0.138,0,-0.3,-0.3,0.3,,adamsst01
204,Grayson Allen,30,PHO,SG,23,18,678,15,0.575,0.659,0.179,2.2,8.7,5.4,18.2,2.7,0.8,11.6,21.8,0.8,0.8,1.6,0.115,0.6,0.5,1.2,0.6,,allengr01
205,Will Richard,23,GSW,SG,36,13,676,12.7,0.647,0.611,0.232,5.6,9.4,7.5,8.4,2.5,0.4,12.5,14.6,0.9,0.8,1.7,0.12,-1.2,0.7,-0.4,0.3,,richawi02
206,Keon Ellis,26,SAC,SG,39,5,675,8.9,0.52,0.681,0.162,2.3,6.5,4.3,4.6,3.1,2.5,8.7,13.8,-0.2,0.5,0.3,0.02,-3.5,1.1,-2.4,-0.1,,elliske01
207,Dru Smith,28,MIA,SG,40,1,674,14.7,0.561,0.418,0.321,4.3,10.2,7.3,19.9,4,1.6,14.5,15.8,0.6,1.2,1.8,0.129,-1.4,3.8,2.4,0.8,,smithdr01
208,Gradey Dick,22,TOR,SG,42,0,668,10.3,0.536,0.527,0.254,3.6,11,7.2,6.1,2,0.7,7.8,17.2,0.2,0.8,1,0.071,-3.3,0,-3.3,-0.2,,dickgr01
209,Jalen Williams,24,OKC,SG,22,22,667,18.1,0.548,0.178,0.256,2.7,14.2,8.7,27.1,2.3,1.2,11.4,26,0.6,1.3,1.9,0.138,0.4,1.1,1.5,0.6,,willija06
210,Bilal Coulibaly,21,WAS,SG,25,25,664,11.5,0.513,0.421,0.407,3.7,14.8,9.2,12.7,2.6,3,14,18,-0.2,0.5,0.3,0.021,-3.3,0.2,-3.2,-0.2,,coulibi01
211,Jordan Walsh,21,BOS,PF,34,20,663,15.1,0.674,0.421,0.214,7.9,18.7,13.4,5.8,2.5,2.4,10.7,11.6,1.4,0.9,2.3,0.167,-0.5,1.4,1,0.5,,walshjo01
212,Justin Champagnie,24,WAS,SF,37,9,661,16.5,0.573,0.357,0.255,12.5,20.3,16.4,8,1.9,2.9,7.6,14.9,1.1,0.5,1.6,0.115,0.2,-0.9,-0.7,0.2,,champju01
213,Day'Ron Sharpe,24,BRK,C,37,3,661,20.4,0.645,0.151,0.497,15,26.3,20.4,20.9,2.8,2.5,20.5,18.6,1.2,1,2.2,0.162,0.6,1.7,2.3,0.7,,sharpda01
214,Tyus Jones,29,ORL,PG,40,8,660,8.8,0.462,0.647,0.044,1.2,6.2,3.7,18.7,2.3,0.4,7.4,9.5,0.4,0.6,1,0.071,-2.7,1.4,-1.3,0.1,,jonesty01
215,Paul George,35,PHI,PF,22,22,656,15.4,0.551,0.488,0.247,2.1,17.5,9.7,18.2,2.1,1.6,10.9,22.9,0.5,0.9,1.3,0.099,0.5,0.5,1.1,0.5,,georgpa01
216,Ja'Kobe Walter,21,TOR,SG,37,9,654,10.3,0.577,0.663,0.199,4.4,9,6.6,6.4,2.4,0.9,8.8,14,0.5,0.8,1.3,0.093,-2.5,1,-1.5,0.1,,walteja01
217,Ziaire Williams,24,BRK,SF,29,4,654,10.9,0.573,0.721,0.294,2.9,9.8,6.2,4.4,2.5,2.1,11.2,17.2,0.1,0.6,0.7,0.054,-2.6,0.1,-2.5,-0.1,,willizi02
218,Khris Middleton,34,WAS,SF,27,27,651,10.8,0.523,0.326,0.232,3.9,13,8.5,19,1.5,1.1,15.1,18.7,0,0.2,0.1,0.01,-3.2,-1.4,-4.6,-0.4,,middlkh01
219,Herbert Jones,27,NOP,SF,23,23,651,9.5,0.502,0.473,0.158,4.1,10.2,7.1,10.7,2.8,1,12.1,15.7,-0.1,0.4,0.3,0.02,-3.7,0,-3.7,-0.3,,joneshe01
220,Craig Porter Jr.,25,CLE,PG,37,1,645,15.1,0.558,0.345,0.149,9.2,13.3,11.2,20.5,2.7,3.3,16.4,12.1,1,0.9,1.8,0.136,0.7,2.3,3,0.8,,portecr01
221,Isaiah Hartenstein,27,OKC,C,24,24,645,19.5,0.656,0.022,0.317,14.4,27.5,21.2,15.2,2,2.8,19.6,17,1.3,1.6,2.9,0.214,0.7,2.2,2.8,0.8,,harteis01
222,Mike Conley,38,MIN,PG,35,7,644,10.5,0.558,0.757,0.286,2.1,8.2,5.2,20.2,1.5,1,11.8,11.7,1,0.6,1.6,0.118,-1.5,0.8,-0.6,0.2,,conlemi01
223,Mouhamed Gueye,23,ATL,PF,40,4,641,11.2,0.527,0.417,0.215,8.1,16.3,12.2,7.3,2.3,3.4,11.9,13.2,0.2,0.8,1,0.074,-3.4,0.7,-2.8,-0.1,,gueyemo02
224,Aaron Wiggins,27,OKC,SG,28,9,641,12.6,0.561,0.533,0.111,3,11.5,7.5,10.4,1.4,3,10.5,19.2,0.2,1.1,1.3,0.097,-0.2,0.2,0,0.3,,wiggiaa01
225,Marvin Bagley III,26,WAS,PF,33,7,640,20.3,0.669,0.079,0.344,13.5,16.9,15.3,12,1.3,3.2,13.3,18.6,1.6,0.3,1.9,0.142,1.8,-1,0.7,0.4,,baglema01
226,Dylan Harper,19,SAS,SG,30,0,638,13.3,0.494,0.263,0.225,4.1,11.9,8,23.9,2.3,0.7,12.2,23.8,-0.1,0.9,0.8,0.059,-2.2,1,-1.2,0.1,,harpedy01
227,Yves Missi,21,NOP,C,35,7,636,15.8,0.566,0,0.329,16.9,16.3,16.6,8.7,0.9,6.5,13.2,12.8,1,0.4,1.4,0.102,-1,-1.1,-2,0,,missiyv01
228,Kobe Sanders,23,LAC,SG,32,5,636,7.5,0.557,0.476,0.19,2.8,10.5,6.8,10.8,1.4,0.6,19.1,15.7,-0.3,0.3,0,0.003,-4.3,-1,-5.3,-0.5,,sandeko01
229,Tobias Harris,33,DET,PF,23,23,631,14.1,0.566,0.381,0.27,4.3,14.1,9.2,12.6,1.1,0.9,7.8,19.2,1,0.8,1.7,0.132,0.4,-0.3,0.1,0.3,,harrito02
230,Aaron Nesmith,26,IND,SF,21,18,631,11,0.508,0.575,0.232,5.2,13.1,9,10.4,1.1,1.7,8.6,20.9,-0.1,0.5,0.4,0.029,-1.5,-1.4,-3,-0.1,,nesmiaa01
231,Isaiah Joe,26,OKC,SG,32,0,628,14.5,0.644,0.814,0.265,2.7,11.1,7.1,8.9,1.3,1,7.7,17.8,1.2,1,2.2,0.169,1.4,-0.1,1.4,0.5,,joeis01
232,Jordan Poole,26,NOP,PG,24,6,628,12.2,0.545,0.637,0.305,1,5.9,3.4,17.8,1.3,1.4,12.5,25.3,0.2,0.1,0.2,0.018,-0.4,-2.5,-2.9,-0.1,,poolejo01
233,Anthony Davis,32,DAL,PF,20,20,626,21.8,0.551,0.111,0.243,10.8,26.2,18.7,15.1,1.7,4.4,10,27.7,0.4,1.1,1.5,0.117,1.4,1,2.5,0.7,,davisan02
234,Lonzo Ball,28,CLE,PG,28,3,619,10.1,0.445,0.825,0.13,4.3,15.8,10,23.9,2.8,1.2,21.3,13.8,-0.2,0.8,0.6,0.048,-2.5,1.5,-1,0.1,,balllo01
235,Sam Merrill,29,CLE,SG,24,15,619,14.9,0.676,0.813,0.148,2.8,7.3,5,12.4,1.3,0.4,8.2,17.8,1.5,0.4,1.8,0.143,2.1,-0.9,1.2,0.5,,merrisa01
236,Joel Embiid,31,PHI,C,21,21,615,21.9,0.58,0.248,0.454,7.3,18.8,13,19.6,1.1,3.7,13.4,33.6,0.7,0.8,1.5,0.116,2.7,-0.1,2.5,0.7,,embiijo01
237,Goga Bitadze,26,ORL,C,36,1,613,20.4,0.716,0.076,0.371,13.9,20.5,17.2,10.6,2.4,6.4,11.5,11.9,1.8,1.1,2.9,0.228,0.8,2.9,3.7,0.9,,bitadgo01
238,Walter Clayton,22,UTA,PG,35,0,612,11.8,0.567,0.584,0.249,1.9,10.7,6.2,24.8,1.5,1.3,15.5,17.4,0.6,0,0.6,0.048,-1,-1,-2.1,0,,claytwa01
239,Tyrese Martin,26,BRK,SG,31,6,607,11.4,0.512,0.589,0.107,5.3,12.5,8.7,16.8,1.7,0.6,11.7,18.9,0,0.4,0.4,0.033,-1.2,-1,-2.2,0,,martity01
240,Daniel Gafford,27,DAL,C,29,20,602,16.3,0.67,0,0.479,10.5,22.3,16.5,5.6,1.8,5.3,18.7,14.6,0.7,1.1,1.8,0.144,-2.5,2,-0.5,0.2,,gaffoda01
241,Jalen Smith,25,CHI,C,33,4,600,17.4,0.578,0.54,0.226,12.1,25.9,19.1,9.7,0.9,3.9,10.2,20.4,0.8,0.7,1.4,0.116,0.3,-1.1,-0.8,0.2,,smithja04
242,Simone Fontecchio,30,MIA,SF,37,1,596,11.7,0.554,0.709,0.225,3,14.2,8.6,11.6,1.3,0.8,10.7,20.5,0.1,0.7,0.8,0.067,-0.6,-0.1,-0.7,0.2,,fontesi01
243,Buddy Hield,33,GSW,SG,35,3,586,10.9,0.541,0.661,0.089,4.1,12,8,12,2.3,0.5,13.4,19.4,-0.1,0.7,0.6,0.047,-2.1,0,-2.2,0,,hieldbu01
244,Jalen Suggs,24,ORL,PG,23,23,584,18.3,0.601,0.518,0.272,3.2,12.7,7.9,28.1,3.5,1.8,17.5,25.1,0.5,0.9,1.4,0.119,1.5,2.3,3.9,0.9,,suggsja01
245,Jarred Vanderbilt,26,LAL,PF,29,3,581,10.4,0.559,0.436,0.265,10.2,20.2,15.4,8.7,2,1.5,21.6,12.4,0.1,0.6,0.7,0.062,-2.6,0,-2.6,-0.1,,vandeja01
246,Ryan Nembhard,22,DAL,PG,28,17,573,11.3,0.546,0.37,0.036,1.1,8.3,4.8,35.5,0.5,0,18.1,17.5,0.3,0.4,0.6,0.052,-1.7,-2,-3.7,-0.2,,nembhry01
247,Nikola Jović,22,MIA,PF,29,1,571,11,0.523,0.519,0.321,2.7,17.3,10.1,19,1.6,1.9,18,21,-0.4,0.8,0.4,0.034,-2.6,0.8,-1.9,0,,jovicni01
248,Brook Lopez,37,LAC,C,33,7,565,10.1,0.51,0.736,0.119,2.5,15.4,9.2,7.8,1.2,5.4,10.6,18.6,-0.3,0.5,0.2,0.017,-2.4,-0.2,-2.6,-0.1,,lopezbr01
249,Micah Peavy,24,NOP,SG,36,1,563,8,0.442,0.358,0.084,5.7,9.2,7.4,9.5,1.9,0.9,5.6,14.5,-0.1,0.2,0.1,0.006,-4.6,-1.4,-6,-0.6,,peavymi01
250,Jaxson Hayes,25,LAL,C,32,4,563,16.1,0.766,0.009,0.542,10.1,16.4,13.4,6.9,1,3,11.4,11.5,1.5,0.4,2,0.169,-0.2,-0.2,-0.3,0.2,,hayesja02
251,Caris LeVert,31,DET,SG,28,0,559,12.2,0.554,0.492,0.273,1.4,8.2,4.9,19.1,2.1,3.2,15.7,18.2,0.2,0.8,1,0.086,-0.8,1,0.2,0.3,,leverca01
252,Vince Williams Jr.,25,MEM,PG,25,11,547,10.7,0.472,0.576,0.173,3.9,16.7,10.3,30.3,1.6,2.3,19.3,19.2,-0.3,0.7,0.4,0.033,-1.8,1.5,-0.3,0.2,,willivi01
253,Mitchell Robinson,27,NYK,C,28,13,543,20.2,0.626,0,0.536,26.4,24.2,25.3,7.2,2.2,5.9,15.5,9.5,1.5,0.9,2.4,0.213,2.1,0.4,2.5,0.6,,robinmi01
254,Kelly Oubre Jr.,30,PHI,SF,17,13,542,11.8,0.576,0.448,0.232,3.4,13.8,8.5,5.1,1.7,2.3,11.1,17.4,0.2,0.6,0.8,0.073,-2,0.2,-1.8,0,,oubreke01
255,Jaylen Clark,24,MIN,SG,38,0,541,10.2,0.527,0.422,0.378,7.3,8,7.6,5.2,2.7,1,8.2,13.4,0.4,0.7,1,0.093,-3.4,1,-2.4,-0.1,,clarkja02
256,Alex Caruso,31,OKC,SG,29,0,535,14.1,0.562,0.601,0.144,3.6,12.8,8.4,14.9,3.6,2.1,12.4,14.9,0.4,1.2,1.7,0.15,-0.4,3.4,3,0.7,,carusal01
257,Coby White,25,CHI,SG,19,16,534,14,0.582,0.502,0.413,1,12.3,6.8,24.1,1.1,0.2,16.8,27.5,0.1,0.2,0.3,0.029,-1.6,-2.5,-4.1,-0.3,,whiteco01
258,Bryce McGowens,23,NOP,SG,27,11,533,11.7,0.605,0.354,0.435,1.8,9.9,5.7,9.4,1.5,0.7,7.9,14.8,0.7,0.1,0.9,0.078,-2.1,-1.3,-3.4,-0.2,,mcgowbr01
259,Jakob Poeltl,30,TOR,C,21,21,531,16.4,0.691,0,0.37,11.8,22.3,17,11.9,1.5,2,18.3,14.4,0.9,0.8,1.7,0.155,-0.8,1.2,0.4,0.3,,poeltja01
260,Isaiah Jackson,24,IND,C,29,14,530,16.3,0.626,0,0.437,14.2,20.6,17.3,6.8,1.9,4,16.3,16.1,0.7,0.7,1.4,0.13,-2.4,0.3,-2.1,0,,jacksis01
261,Aaron Gordon,30,DEN,PF,19,16,529,20.5,0.64,0.383,0.379,6.5,18,12.5,9.5,1.1,0.7,7.4,24.3,1.4,0.4,1.8,0.161,3.9,-1.7,2.2,0.5,,gordoaa01
262,Drake Powell,20,BRK,SG,28,3,519,9.4,0.59,0.471,0.25,1.3,9.5,5.2,13,1.5,0.9,15.6,14.9,0.2,0.3,0.5,0.043,-3.9,-0.5,-4.3,-0.3,,poweldr01
263,Jared McCain,21,PHI,SG,30,1,518,8.2,0.461,0.477,0.128,0.8,13.3,7,13,2.1,0.2,10,18.6,-0.4,0.5,0.1,0.01,-4.5,-0.4,-4.8,-0.4,,mccaija01
264,Ochai Agbaji,25,TOR,SG,33,11,513,7.9,0.496,0.358,0.172,5.1,11.9,8.5,6.4,1.3,1.7,7.7,12.9,0.1,0.6,0.6,0.059,-4.7,0.3,-4.4,-0.3,,agbajoc01
265,Josh Minott,23,BOS,PF,29,10,510,15.7,0.646,0.557,0.198,8.6,16.5,12.6,8.2,2.4,2.2,11.2,13.6,1.1,0.7,1.7,0.163,0.9,1,1.9,0.5,,minotjo01
266,Ja Morant,26,MEM,PG,18,18,510,15.1,0.506,0.262,0.34,1.5,10.5,6,42.6,1.7,0.6,15.9,32.5,-0.3,0.5,0.2,0.022,-0.9,-2,-3,-0.1,,moranja01
267,Hugo González,19,BOS,SF,34,2,509,10.2,0.564,0.434,0.15,6.6,17.9,12.3,5.5,2.2,2,14.8,12,0.2,0.7,0.9,0.084,-3.2,1.1,-2.1,0,,gonzahu01
268,Daniss Jenkins,24,DET,PG,31,6,508,14,0.538,0.383,0.219,4,8.4,6.2,27.4,2.5,0.6,16.3,21.2,0.4,0.7,1,0.099,-0.6,0.2,-0.4,0.2,,jenkida01
269,Adem Bona,22,PHI,C,30,3,508,11.7,0.636,0.07,0.775,11,13.6,12.3,2.1,1,7.1,17.4,9.5,0.6,0.6,1.2,0.113,-3.3,0.7,-2.6,-0.1,,bonaad01
270,Luka Garza,27,BOS,C,31,1,506,21,0.726,0.301,0.397,16.8,12.9,14.9,7.8,1.1,3.2,7,14.7,2.2,0.5,2.7,0.255,2.8,-0.1,2.8,0.6,,garzalu01
271,T.J. McConnell,33,IND,PG,29,0,506,21.7,0.572,0.13,0.053,2.6,11.9,7.1,50.8,3.3,1,12.5,24.1,0.9,0.6,1.5,0.143,2.5,1.5,4,0.8,,mccontj01
272,Tari Eason,24,HOU,PF,21,9,498,17.2,0.598,0.482,0.126,9.1,19,14.1,9.4,2.4,2.4,13.9,20.4,0.7,0.8,1.5,0.141,1.7,0.6,2.3,0.5,,easonta01
273,Jaylin Williams,23,OKC,PF,27,3,495,11.9,0.512,0.81,0.27,3.5,25.2,14.8,16.8,1.7,3.1,14.5,15.6,0.1,1.2,1.2,0.12,-1.4,2.5,1.1,0.4,,willija07
274,D'Angelo Russell,29,DAL,PG,26,3,495,12.5,0.511,0.483,0.259,1.8,11,6.5,31.3,1.1,0.3,15.9,26.2,-0.4,0.4,0.1,0.006,-0.9,-1.5,-2.4,0,,russeda01
275,Nae'Qwan Tomlin,25,CLE,PF,31,2,481,14.2,0.554,0.364,0.247,8.6,11.4,10,6.9,2.2,4.4,6.1,15.6,0.6,0.6,1.2,0.121,-1.5,0.8,-0.7,0.2,,tomlina01
276,Tyler Kolek,24,NYK,PG,35,1,478,11.9,0.515,0.435,0.089,2.9,13.6,8.1,28.5,1.5,0.6,15.9,18.2,0.3,0.4,0.7,0.069,-1.4,0,-1.4,0.1,,kolekty01
277,Gary Payton II,33,GSW,SG,38,1,477,15.6,0.582,0.266,0.076,10.3,18.2,14.2,19.7,2.2,2.5,16.4,17.3,0.5,0.7,1.2,0.123,-1,1.7,0.7,0.3,,paytoga02
278,Jabari Walker,23,PHI,PF,37,6,475,10.7,0.527,0.427,0.355,10.9,17.6,14.2,5.7,0.9,2.1,10.6,14.2,0.4,0.5,0.9,0.088,-3.4,-0.8,-4.1,-0.3,,walkeja01
279,Jordan Hawkins,23,NOP,SG,33,0,469,4.9,0.427,0.553,0.106,3,10.5,6.6,6.7,0.5,1.4,10.6,16.7,-0.7,0,-0.7,-0.068,-4.6,-3.4,-7.9,-0.7,,hawkijo01
280,Danny Wolf,21,BRK,PF,24,3,466,10.9,0.494,0.442,0.194,5.7,20.5,12.7,13.7,1.7,1.6,12.7,19,-0.2,0.5,0.3,0.028,-3.1,-0.4,-3.5,-0.2,,wolfda01
281,Justin Edwards,22,PHI,SF,31,5,461,8.7,0.508,0.66,0.118,3.5,8.2,5.8,10.7,2.2,1.4,12.2,15.7,-0.1,0.5,0.4,0.044,-3.4,0.2,-3.2,-0.1,,edwarju01
282,Tre Mann,24,CHO,PG,26,1,457,9,0.474,0.516,0.078,4.6,11.4,8.1,19.6,1.5,0.6,14.2,24.1,-0.5,0.3,-0.2,-0.018,-3.4,-1.7,-5.1,-0.4,,manntr01
283,Jonathan Kuminga,23,GSW,PF,18,13,446,10.8,0.518,0.276,0.298,6.8,20.7,13.7,15.5,0.5,1.2,17.7,23.6,-0.4,0.5,0.1,0.006,-3.5,-1.3,-4.8,-0.3,,kuminjo01
284,Bones Hyland,25,MIN,PG,32,3,445,14.8,0.584,0.617,0.171,1.5,9.5,5.6,25.3,1.8,1.4,11.7,20.2,0.7,0.5,1.2,0.133,0.2,0.6,0.8,0.3,,hylanbo01
285,Dalton Knecht,24,LAL,SF,33,1,441,8.8,0.542,0.604,0.107,3,11.4,7.3,4.1,0.9,1.9,9.3,16.9,0,0.2,0.2,0.02,-2.6,-1.9,-4.5,-0.3,,knechda01
286,Robert Williams,28,POR,C,28,1,441,21.6,0.74,0.106,0.192,13.5,27.9,20.6,9.5,1.8,7,13.8,12,1.2,0.8,1.9,0.208,2.4,2.2,4.6,0.7,,williro04
287,Jonas Valančiūnas,33,DEN,C,33,1,438,21.5,0.634,0.062,0.314,12,27.2,19.9,14.6,0.8,4.2,14.3,25.6,0.9,0.5,1.4,0.151,0.3,-0.4,-0.1,0.2,,valanjo01
288,Jrue Holiday,35,POR,PG,14,12,438,16.7,0.555,0.524,0.162,4.6,13.5,9,37,2.2,0.6,16.4,22,0.6,0.4,1,0.111,2.4,-0.2,2.2,0.5,,holidjr01
289,Jalen Pickett,26,DEN,SG,26,8,437,12.2,0.595,0.543,0.039,3.3,13.1,8.4,18.2,0.9,0.6,13.2,15,0.5,0.2,0.8,0.083,0.3,-1,-0.7,0.1,,pickeja02
290,Taylor Hendricks,22,UTA,PF,28,6,433,11.5,0.61,0.532,0.275,6.7,15.6,11.1,6.2,1.3,1.6,10.9,13.1,0.5,0.1,0.5,0.06,-0.9,-1.6,-2.5,-0.1,,hendrta01
291,Gary Harris,31,MIL,SG,30,0,432,8.3,0.659,0.583,0.083,2.1,9.4,5.8,9.1,2,1.1,16.2,7.6,0.4,0.3,0.7,0.076,-3.2,1.1,-2,0,,harriga01
292,Keaton Wallace,26,ATL,PG,35,2,427,11.2,0.556,0.63,0.079,0.5,10.9,5.7,23.2,2.2,0.9,14.3,15,0.2,0.4,0.6,0.069,-2.1,0.3,-1.8,0,,wallake01
293,Cody Williams,21,UTA,SG,27,4,423,7.1,0.487,0.39,0.154,4.1,8.1,6,6.8,0.9,1.8,6.4,13.7,0,0,-0.1,-0.011,-4,-2.4,-6.4,-0.5,,willico04
294,Al Horford,39,GSW,C,22,1,423,13.4,0.527,0.721,0.074,5.7,22.1,13.8,13.9,1.9,4.7,13,16.1,0.1,0.7,0.8,0.095,-0.5,1.6,1.1,0.3,,horfoal01
295,Jericho Sims,27,MIL,C,29,4,421,9.2,0.827,0,0.224,10.1,19.3,14.7,5.6,0.7,1.2,35.8,8.8,0.3,0.3,0.6,0.072,-4.4,-0.9,-5.4,-0.4,,simsje01
296,Drew Eubanks,28,SAC,C,30,11,420,11.9,0.609,0.036,0.391,6.5,15.6,10.9,2.8,1.4,4.1,16.2,15.7,0,0.3,0.3,0.034,-3.8,-0.6,-4.4,-0.3,,eubandr01
297,Tidjane Salaün,20,CHO,PF,25,0,418,12.6,0.625,0.53,0.231,4.7,23.6,14.4,7.4,1.3,1.3,12.8,14.9,0.4,0.4,0.8,0.095,-1.3,0.1,-1.3,0.1,,salauti01
298,Aaron Holiday,29,HOU,PG,29,1,416,10,0.567,0.69,0.2,1.1,5.6,3.4,9.5,1.6,0.9,11.7,17.9,0.4,0.3,0.8,0.089,-1.9,-0.5,-2.4,-0.1,,holidaa01
299,Cole Anthony,25,MIL,PG,28,0,413,11.1,0.48,0.303,0.124,3.3,16.1,9.8,36.6,2.1,1.9,21.7,25.6,-0.7,0.4,-0.2,-0.025,-4,-0.5,-4.5,-0.3,,anthoco01
300,Kristaps Porziņģis,30,ATL,C,17,12,413,20.5,0.592,0.41,0.386,5.5,17.7,11.6,16.6,1,4.8,6.1,26.5,0.9,0.5,1.4,0.16,2.6,0.7,3.3,0.6,,porzikr01
301,Will Riley,19,WAS,SF,31,0,412,11.1,0.531,0.331,0.286,6.2,9.6,7.9,12.5,1.5,0.9,14.3,17.7,0,0,0.1,0.009,-2.3,-2,-4.3,-0.2,,rileywi01
302,Derrick Jones Jr.,28,LAC,SF,17,13,411,15.3,0.674,0.47,0.265,4.4,8.3,6.4,7.4,1.6,4.1,9.7,15.6,0.8,0.3,1,0.121,0.9,-0.2,0.8,0.3,,jonesde02
303,Corey Kispert,26,2TM,SF,21,2,409,13.7,0.639,0.642,0.313,1.6,10.2,5.9,12.5,1,0.6,10,17.3,0.6,0,0.7,0.078,0.5,-2.2,-1.7,0,,kispeco01
303,Corey Kispert,26,WAS,SF,19,2,370,14.1,0.649,0.639,0.286,1.7,10.7,6.2,12.4,1,0.7,9.5,16.7,0.7,0,0.6,0.084,0.9,-2,-1.2,0.1,,kispeco01
303,Corey Kispert,26,ATL,SF,2,0,39,10.1,0.567,0.667,0.533,0,5.7,2.8,13.7,1.2,0,13.9,23.1,0,0,0,0.017,-3,-3.5,-6.4,0,,kispeco01
304,Christian Braun,24,DEN,SG,14,14,404,10.3,0.532,0.297,0.288,5.9,10.4,8.3,11.1,1.1,1.4,12,15.3,0.2,0.2,0.4,0.05,-2.2,-1.4,-3.6,-0.2,,braunch01
305,Baylor Scheierman,25,BOS,SG,34,1,403,8.5,0.667,0.797,0.072,2.8,12.4,7.6,6.1,2,0.5,15.4,9,0.4,0.4,0.8,0.093,-3.4,1.2,-2.2,0,,scheiba01
306,Cam Thomas,24,BRK,SG,16,8,403,15.1,0.554,0.365,0.369,1.6,6.6,4,19,0.5,0.4,10.6,32.5,0.1,0.1,0.2,0.024,0.9,-4,-3.1,-0.1,,thomaca02
307,Kevin Love,37,UTA,PF,23,4,399,14.4,0.564,0.716,0.224,9.7,24.7,17.1,14.8,0.8,1.7,10.4,17,0.6,0.1,0.7,0.086,0.7,-1.3,-0.6,0.1,,loveke01
308,Jaden Ivey,23,DET,SG,23,2,388,13.8,0.561,0.452,0.204,3.7,10.5,7.1,14.9,1.6,1.8,10.5,20.2,0.4,0.5,0.9,0.113,0,0.3,0.3,0.2,,iveyja01
309,Pat Spencer,29,GSW,PG,26,3,383,13,0.495,0.306,0.167,5.4,10.5,7.9,30.8,2.3,0.2,13.9,19.8,0.2,0.4,0.7,0.084,-1.6,0.5,-1.1,0.1,,spencpa01
310,Johnny Furphy,21,IND,SG,23,9,377,10.9,0.615,0.494,0.299,5.2,20.4,12.5,6.1,1.5,0.7,12.5,12.6,0.2,0.4,0.6,0.078,-2.9,0.2,-2.7,-0.1,,furphjo01
311,Rayan Rupert,21,POR,SG,34,0,376,5.4,0.432,0.467,0.13,3.7,12.6,8,7.8,1.5,0.5,10.2,11.7,-0.2,0.3,0.1,0.008,-5.6,-0.1,-5.8,-0.4,,ruperra01
312,Karlo Matković,24,NOP,PF,30,2,374,16.5,0.687,0.288,0.144,7.1,21.3,14,8.8,1,6.2,13.3,14.1,0.6,0.3,0.9,0.118,-0.1,0.5,0.5,0.2,,matkoka01
313,Clint Capela,31,HOU,C,33,1,373,19.7,0.539,0,0.242,24.8,19.7,22.2,6.1,2.3,5.5,12.7,14,0.7,0.7,1.3,0.169,0.7,-0.3,0.4,0.2,,capelca01
314,Gui Santos,23,GSW,PF,32,2,367,11.1,0.591,0.626,0.264,7.7,15.5,11.6,12.4,2,1.2,19.8,14.6,0.2,0.5,0.6,0.083,-2.4,0.7,-1.7,0,,santogu01
315,Paul Reed,26,DET,C,30,6,367,21.7,0.619,0.155,0.233,17.7,21.2,19.5,15.1,3.5,5.1,17.4,19.2,0.6,0.9,1.5,0.193,0.9,2.6,3.5,0.5,,reedpa01
316,Gabe Vincent,29,LAL,PG,18,6,367,6.5,0.548,0.812,0.094,1.7,3.7,2.7,9.1,1.1,0.3,6.3,11.1,0.3,0.1,0.4,0.049,-2.9,-1,-3.9,-0.2,,vincega01
317,Domantas Sabonis,29,SAC,C,11,11,365,17.7,0.564,0.138,0.352,11.1,30.8,20.7,17.4,1.7,0.5,14.3,22.9,0.3,0.4,0.6,0.083,-0.6,-0.5,-1.1,0.1,,sabondo01
318,Bogdan Bogdanović,33,LAC,SG,16,3,360,8.5,0.511,0.615,0.162,1.7,12.9,7.4,17.3,1.1,0.3,13.2,17.8,0,0.2,0.1,0.016,-2.7,-1,-3.7,-0.2,,bogdabo01
319,Trayce Jackson-Davis,25,GSW,C,29,1,357,16.7,0.6,0,0.494,13.7,19,16.3,11.3,1.2,4.5,11.4,14.5,0.7,0.5,1.2,0.161,-0.7,0.5,-0.2,0.2,,jackstr02
320,Caleb Martin,30,DAL,SF,34,0,355,7.5,0.466,0.257,0.271,5.2,11.9,8.7,13.7,2.3,0.9,18.7,11.4,-0.2,0.4,0.3,0.038,-5.6,1.9,-3.7,-0.2,,martica02
321,Tony Bradley,28,IND,C,33,3,355,12.5,0.608,0.012,0.465,13.9,11.6,12.8,6.6,0.5,1.2,11.9,14,0.6,0.2,0.8,0.109,-2.9,-1.8,-4.8,-0.2,,bradlto01
322,Jalen Wilson,25,BRK,PF,26,0,354,7.5,0.543,0.664,0.271,1.2,8.2,4.6,5,1.3,0.5,9.1,16.1,0,0.2,0.1,0.019,-3.7,-1.7,-5.5,-0.3,,wilsoja03
323,Cam Whitmore,21,WAS,SF,21,0,354,13.7,0.528,0.331,0.183,5.7,11.5,8.6,6.6,2,2,9,23.7,-0.1,0.1,0,0.005,-1.2,-2.1,-3.3,-0.1,,whitmca01
324,Jonathan Isaac,28,ORL,PF,34,0,353,12.4,0.526,0.385,0.551,9,20.3,14.6,3.4,1.8,4.5,9.4,12.7,0.2,0.5,0.7,0.1,-2.4,0.8,-1.6,0,,isaacjo01
325,Noah Penda,21,ORL,SF,25,2,350,14.2,0.536,0.38,0.27,13.1,19.2,16.2,11.3,1.8,2.8,13.9,15.6,0.3,0.5,0.8,0.105,-0.5,0.2,-0.3,0.1,,pendano01
326,Zeke Nnaji,25,DEN,PF,28,1,348,12.7,0.626,0.4,0.475,5.1,15.9,10.8,5.1,1.8,3.1,11.8,13.7,0.4,0.3,0.8,0.106,-1.6,0.1,-1.5,0,,nnajize01
327,Dwight Powell,34,DAL,C,27,2,348,11.4,0.686,0,1.229,10,15.7,12.9,9,1.5,2.2,18.2,8,0.6,0.4,1,0.143,-3.4,1.7,-1.7,0,,poweldw01
328,Tristan Vukcevic,22,WAS,C,30,2,342,15.8,0.557,0.39,0.468,5.3,16.5,10.9,12.9,1.1,5.1,13.9,26.4,0,0.2,0.2,0.027,-1.5,-1.1,-2.6,-0.1,,vukcetr01
329,Jeremy Sochan,22,SAS,PF,25,0,340,10.5,0.549,0.347,0.168,8.3,14.4,11.4,11.2,1.4,1.1,15,14.8,0.2,0.4,0.6,0.086,-3.2,0.3,-2.9,-0.1,,sochaje01
330,Jaden Hardy,23,DAL,SG,28,3,336,10.2,0.552,0.632,0.178,3.2,9.2,6.3,7.5,1,0.5,12.3,23.5,-0.2,0.3,0.1,0.012,-2.2,-1.7,-3.8,-0.1,,hardyja02
331,Liam McNeeley,20,CHO,SF,27,0,336,9.7,0.577,0.674,0.36,3.8,15.8,9.9,9.2,0.7,0.8,10.7,14,0.4,0.2,0.5,0.078,-1.8,-0.5,-2.3,0,,mcneeli01
332,Asa Newell,20,ATL,PF,31,0,330,14.3,0.662,0.5,0.176,8.6,11.8,10.2,7.5,1.6,2.8,12.1,16.8,0.4,0.3,0.8,0.109,-0.9,-0.5,-1.4,0,,newelas01
333,Jase Richardson,20,ORL,SG,28,0,330,14.4,0.611,0.405,0.248,4.6,8.4,6.5,16.2,1.2,0.5,11.2,19.2,0.5,0.2,0.7,0.107,0.5,-1,-0.5,0.1,,richaja02
334,De'Anthony Melton,27,GSW,PG,16,0,329,13.3,0.538,0.5,0.239,3.3,10.2,6.7,13,3.4,2.2,11.8,22.8,-0.1,0.5,0.5,0.067,-3,1.1,-1.9,0,,meltode01
335,Branden Carlson,26,OKC,C,30,2,327,15.8,0.612,0.47,0.148,5.9,18.7,12.6,7.7,0.9,4.6,8.2,17.6,0.4,0.6,1.1,0.158,-0.2,0.4,0.2,0.2,,carlsbr01
336,Guerschon Yabusele,30,NYK,C,33,0,322,8.5,0.518,0.639,0.124,6.6,18.5,12.4,6,0.5,1.2,12,15.1,0,0.2,0.3,0.038,-2.9,-1.5,-4.4,-0.2,,yabusgu01
337,Tyler Herro,26,MIA,SG,10,9,318,17.4,0.595,0.361,0.247,1.6,14.6,8.1,13,1.2,1.1,8,25.6,0.4,0.4,0.7,0.112,1.8,-0.1,1.7,0.3,,herroty01
338,Landry Shamet,28,NYK,SG,15,6,314,13.1,0.644,0.71,0.366,2.4,8.2,5.2,7.5,0.9,1,6.1,15.3,0.7,0.1,0.8,0.127,0.9,-1,-0.1,0.2,,shamela01
339,Rob Dillingham,21,MIN,PG,32,0,312,6.5,0.409,0.233,0.15,1.8,11.8,6.9,24.3,2.6,0.8,18.4,23.5,-0.8,0.4,-0.4,-0.057,-7.4,-0.3,-7.6,-0.4,,dilliro01
340,Trendon Watford,25,PHI,PF,18,4,311,15.2,0.614,0.22,0.33,5.2,19.7,12.3,26.6,0.9,1.2,16.8,16.9,0.6,0.3,0.9,0.138,-0.4,0.8,0.4,0.2,,watfotr01
341,Jordan Miller,26,LAC,SF,19,0,302,15.5,0.638,0.404,0.371,6,15.4,10.8,12,1.2,0.9,11.9,17.3,0.6,0.2,0.7,0.117,1.3,-1,0.3,0.2,,millejo02
342,Jeremiah Robinson-Earl,25,IND,PF,17,3,300,8.8,0.443,0.398,0.169,11,20.8,15.7,5.5,1.1,0.3,10.1,13.9,-0.1,0.3,0.2,0.026,-3.6,-1.8,-5.4,-0.3,,robinje02
343,Tyrese Proctor,21,CLE,PG,28,1,297,9.1,0.481,0.624,0.184,1.8,11.1,6.4,16.1,1.3,0,8.8,20.6,-0.1,0.2,0.1,0.024,-3.8,-1.5,-5.3,-0.3,,proctty01
344,Nolan Traoré,19,BRK,PG,18,0,296,4.1,0.399,0.505,0.095,0.7,7.3,3.9,22,1.3,1.5,18.2,17.7,-0.6,0.1,-0.5,-0.076,-6.8,-1.8,-8.6,-0.5,,traorno01
345,John Konchar,29,MEM,SG,23,0,291,12.8,0.599,0.558,0.173,4.4,17.3,10.9,12.1,3.3,2.3,11.1,8.9,0.3,0.5,0.8,0.135,-1.5,4,2.5,0.3,,konchjo01
346,Jett Howard,22,ORL,SF,27,0,290,10.3,0.504,0.624,0.137,3.8,11,7.4,11.2,0.7,1.2,4.6,18.8,0.2,0.2,0.4,0.062,-1.6,-1.4,-3,-0.1,,howarje01
347,Kenrich Williams,31,OKC,PF,21,0,290,15.6,0.626,0.494,0.149,6.7,16,11.5,14.3,2.3,0.3,11.5,15.5,0.5,0.6,1.1,0.177,1.5,1.3,2.8,0.4,,willike04
348,Nick Smith Jr.,21,LAL,SG,20,1,287,9.6,0.544,0.547,0.085,0.8,6.4,3.7,12.1,1.4,0.7,11.6,20.7,-0.1,0.1,0,0.008,-2.3,-2.3,-4.5,-0.2,,smithni01
349,Julian Phillips,22,CHI,SF,28,2,285,9.7,0.541,0.581,0.081,7.6,7,7.3,3.2,2.5,1.8,7.3,12.1,0.1,0.2,0.4,0.062,-2.9,0,-2.9,-0.1,,phillju01
350,Quenton Jackson,27,IND,PG,18,8,285,12.9,0.586,0.391,0.511,2.5,11.4,6.8,18.2,1.8,0.9,15.1,19.6,0.2,0.2,0.4,0.07,-2,0.6,-1.4,0,,jacksqu01
351,Zach Edey,23,MEM,C,11,11,284,20.7,0.669,0.051,0.327,16.1,29.2,22.7,6.6,1.2,7,18.8,20,0.4,0.5,0.9,0.156,-0.5,1.6,1,0.2,,edeyza01
352,Terrence Shannon Jr.,25,MIN,SG,22,0,282,6.9,0.538,0.457,0.333,2.4,8.4,5.5,6.3,1.2,0.3,13.9,16.1,-0.1,0.2,0.2,0.03,-4.7,-0.8,-5.5,-0.2,,shannte01
353,Jamaree Bouyea,26,PHO,PG,19,0,280,19.7,0.647,0.371,0.152,3.9,11.7,7.7,17.9,2.1,2.4,5.9,17.8,0.8,0.3,1.2,0.197,3.7,1.7,5.3,0.5,,bouyeja01
354,Trae Young,27,ATL,PG,10,10,280,19.7,0.577,0.437,0.541,0,5.9,2.9,45.1,1.7,0.3,13.5,28.9,0.7,0.2,0.8,0.144,3.3,-2,1.3,0.2,,youngtr01
355,Thomas Bryant,28,CLE,C,30,0,279,17.7,0.641,0.48,0.296,8.8,21.6,15.1,6.5,1.2,3.9,8.3,17.9,0.6,0.4,1,0.167,0.5,-0.3,0.2,0.1,,bryanth01
356,GG Jackson II,21,MEM,PF,19,3,278,10.5,0.522,0.52,0.265,2.7,17.7,10.3,6.1,2.7,2.4,13.6,19.6,-0.3,0.4,0.2,0.031,-4.5,0.9,-3.6,-0.1,,jacksgg01
357,Ethan Thompson,26,IND,SG,18,5,276,7.6,0.514,0.706,0.132,3.7,8.1,5.8,12,1.6,1.6,12.2,12.5,0,0.2,0.2,0.037,-4,0.4,-3.6,-0.1,,thompet01
358,Dalen Terry,23,CHI,SG,25,0,261,10.7,0.514,0.42,0.13,5.8,11.6,8.8,13.3,3.1,2.6,17.1,14.1,-0.1,0.3,0.2,0.044,-3.5,1.4,-2.1,0,,terryda01
359,Jamison Battle,24,TOR,SF,30,2,258,11.7,0.691,0.563,0.113,3.8,15.3,9.5,5.9,0.9,0.4,13.9,14.2,0.2,0.3,0.5,0.096,-1,-0.3,-1.3,0,,battlja01
360,Kyle Anderson,32,UTA,SF,13,0,258,14.8,0.551,0.026,0.321,5.8,14.1,9.9,19.6,3.3,1.9,11.9,16.2,0.3,0.2,0.5,0.085,-1.3,1.4,0.1,0.1,,anderky01
361,Josh Green,25,CHO,SG,16,0,256,10.3,0.585,0.781,0.063,6.3,6.1,6.2,8.5,1.9,0,8.4,11.8,0.3,0.1,0.5,0.084,-1.5,-0.1,-1.6,0,,greenjo02
362,Nick Richards,28,PHO,C,28,2,254,11.3,0.534,0,0.394,15,25,19.9,4.3,0.8,5.2,23.1,17.8,-0.2,0.4,0.2,0.042,-6,-0.7,-6.7,-0.3,,richani01
363,Dylan Cardwell,24,SAC,C,14,1,251,13.2,0.495,0.021,0.5,16.1,21.9,18.9,6.3,1.9,7.9,14.6,11.7,0.1,0.3,0.5,0.087,-4.6,1.1,-3.6,-0.1,,cardwdy01
364,Kobe Brown,26,LAC,PF,26,0,245,10.4,0.501,0.618,0.294,6.9,13.4,10.2,12.6,1.4,0.8,12.5,15.9,0.1,0.1,0.2,0.041,-1.6,-1.2,-2.8,0,,brownko01
365,Larry Nance Jr.,33,CLE,PF,17,2,245,6.6,0.439,0.522,0.045,5.6,14.8,10.1,10.1,1.7,1.5,11.6,13.1,-0.1,0.3,0.1,0.027,-5.6,0.4,-5.2,-0.2,,nancela02
366,Kelly Olynyk,34,SAS,C,25,0,242,14.2,0.588,0.538,0.431,7.6,15.4,11.5,18.8,2.2,0.4,15.3,15.8,0.4,0.4,0.7,0.143,-0.9,1.4,0.5,0.2,,olynyke01
367,Ariel Hukporti,23,NYK,C,26,4,240,10.9,0.565,0.032,0.516,13.3,19.2,16.2,8.6,1,6.2,26.9,9.1,0.2,0.3,0.5,0.093,-3.9,1.3,-2.6,0,,hukpoar01
368,Cam Christie,20,LAC,SG,26,0,232,9.2,0.474,0.449,0.435,4.1,15.6,10,8.5,1.3,0.8,7.8,17.1,-0.1,0.1,0.1,0.019,-3.3,-1.5,-4.8,-0.2,,chrisca02
369,Moussa Cisse,23,DAL,C,22,1,231,14.2,0.574,0,0.767,17,21.9,19.5,1.7,1.6,8.3,21.8,13.4,0,0.5,0.5,0.103,-4.7,1.6,-3.1,-0.1,,cissemo01
370,Chris Paul,40,LAC,PG,16,0,228,8.2,0.413,0.536,0.036,3.2,10.9,7.2,31.6,2.4,0,22,14.2,-0.1,0.2,0.1,0.011,-3.9,-0.4,-4.3,-0.1,,paulch01
371,Jevon Carter,30,CHI,PG,19,0,227,12.2,0.584,0.75,0.114,2.4,7.4,4.9,10.8,2.3,0,9.8,18.9,0.2,0.1,0.3,0.06,-0.6,-0.6,-1.2,0,,carteje01
372,Kevon Looney,29,NOP,C,16,6,227,12.3,0.433,0.2,0.178,17.4,21.3,19.3,13.9,1.3,3.4,14.2,10.3,0.2,0.2,0.4,0.077,-2.3,-0.7,-3.1,-0.1,,looneke01
373,Olivier-Maxence Prosper,23,MEM,PF,20,0,226,12.5,0.622,0.344,0.438,5.6,15.3,10.5,9.2,0.8,0.4,13.6,16.1,0.3,0.2,0.5,0.104,-1.9,-0.8,-2.7,0,,prospol01
374,KJ Simpson,23,CHO,PG,14,2,223,7.8,0.437,0.438,0.18,2.6,11.9,7.4,22.2,3.3,0,20,22.6,-0.5,0.2,-0.3,-0.057,-5.8,-0.1,-5.8,-0.2,,simpskj01
375,Carter Bryant,20,SAS,PF,30,0,222,4,0.41,0.542,0.111,4.4,17.8,11.1,2.9,0.9,0.8,11.7,16.2,-0.4,0.3,-0.1,-0.03,-6.5,-1.6,-8.1,-0.3,,bryanca01
376,Duop Reath,29,POR,C,29,0,220,10.1,0.62,0.734,0.047,3.4,11,7.1,5.8,1.1,2.4,9.7,13.3,0.2,0.1,0.4,0.082,-0.9,-0.2,-1.1,0.1,,reathdu01
377,Ousmane Dieng,22,OKC,C,18,0,220,10.4,0.596,0.532,0.097,3.1,11.5,7.5,9.3,0.2,2.3,8.5,13.8,0.2,0.3,0.6,0.12,-1.3,-0.3,-1.6,0,,diengou01
378,Malaki Branham,22,WAS,SG,23,0,217,12.8,0.564,0.397,0.476,4.9,13,8.9,13.2,2,1.2,13.6,17,0.2,0.1,0.2,0.054,-2,-1,-3,-0.1,,branhma01
379,Isaiah Livers,27,PHO,PF,20,0,211,8.4,0.528,0.725,0.15,6.2,15,10.5,7.7,1.8,2.7,17.4,10.2,0,0.3,0.3,0.074,-3.3,1.3,-2,0,,liveris01
380,Maxi Kleber,34,LAL,PF,19,0,210,4.4,0.402,0.469,0.375,5.8,11.9,8.9,7.5,1.2,2.2,15.8,9.1,-0.1,0.1,0,0.007,-5.7,-0.2,-5.9,-0.2,,klebima01
381,Ben Saraf,19,BRK,SG,12,5,203,6.9,0.474,0.532,0.242,2.7,8.3,5.4,24.5,2,1.3,25.1,19.5,-0.4,0.1,-0.2,-0.054,-4.8,-1.5,-6.2,-0.2,,sarafbe01
382,Christian Koloko,25,2TM,C,13,2,201,8.7,0.394,0.029,0.114,10.1,13.6,11.9,6.3,2.4,6.2,16,9,-0.1,0.3,0.2,0.054,-4.9,2,-2.9,0,,kolokch01
382,Christian Koloko,25,LAL,C,2,0,6,-0.3,,,,0,19,9.8,0,0,0,,0,0,0,0,0.019,-6.6,-1.7,-8.3,0,,kolokch01
382,Christian Koloko,25,MEM,C,11,2,195,9,0.394,0.029,0.114,10.4,13.4,11.9,6.5,2.4,6.3,16,9.2,-0.1,0.3,0.2,0.055,-4.9,2.2,-2.7,0,,kolokch01
383,Yang Hansen,20,POR,C,23,1,197,3.7,0.403,0.477,0.246,5.9,16.7,11.2,12.3,0.2,3.6,20.9,18.7,-0.5,0.1,-0.3,-0.077,-8,-0.2,-8.1,-0.3,,yangha01
384,Garrison Mathews,29,IND,SG,15,1,196,11.5,0.628,0.885,0.442,1.1,8.5,4.6,7.2,1.5,1.3,4.6,14,0.3,0.1,0.5,0.111,-1.3,0.1,-1.2,0,,mathega01
385,Julian Strawther,23,DEN,SG,20,0,188,4.7,0.445,0.431,0.4,1.3,13.2,7.5,9.5,0.3,0.5,11.6,20,-0.3,0.1,-0.2,-0.058,-7.1,-3.4,-10.5,-0.4,,strawju01
386,Yanic Konan Niederhäuser,22,LAC,C,22,0,186,16.1,0.675,0.022,0.543,12.3,16.4,14.4,6.6,0.5,5.1,14.9,16,0.4,0.1,0.5,0.128,-2.4,-0.7,-3.2,-0.1,,konanya01
387,Micah Potter,27,IND,C,11,2,186,14.9,0.702,0.686,0.392,4.4,18,10.9,11,0.8,1.4,11.8,15.4,0.4,0.1,0.6,0.147,0.5,-0.5,-0.1,0.1,,pottemi01
388,Zach Collins,28,CHI,C,10,0,184,18,0.666,0.328,0.313,9.4,22.7,16.2,11.8,0.5,1.9,12.1,18.9,0.4,0.1,0.5,0.138,0.9,-0.9,0,0.1,,colliza01
389,Nigel Hayes-Davis,31,PHO,SF,23,0,180,4.5,0.376,0.349,0.047,6.6,11.3,8.9,4.9,1.9,0.5,13.8,11.8,-0.2,0.2,0,-0.011,-6.2,-0.9,-7.1,-0.2,,hayesni01
390,Kasparas Jakučionis,19,MIA,PG,14,1,179,7.4,0.496,0.563,0.208,5.2,8.6,6.9,10.2,2.1,0,14.7,14,0,0.2,0.2,0.044,-4.1,0.7,-3.4,-0.1,,jakucka01
391,Amir Coffey,28,MIL,SG,23,0,178,8.1,0.593,0.452,0.323,3.2,7.6,5.4,5.8,0.5,1.1,7.8,9.5,0.2,0.1,0.2,0.062,-2.7,-1.9,-4.6,-0.1,,coffeam01
392,Javon Small,23,MEM,PG,14,0,176,9,0.479,0.554,0.268,3,8.9,6,34.9,1.1,1.1,22.3,18.9,-0.1,0.1,0.1,0.017,-2.6,-1.1,-3.7,-0.1,,smallja01
393,RayJ Dennis,24,2TM,PG,14,0,172,6.4,0.421,0.528,0.125,4.8,9.8,7.2,22,0.8,2,16.5,22.3,-0.4,0.1,-0.3,-0.077,-4.2,-1.4,-5.7,-0.2,,dennira01
393,RayJ Dennis,24,IND,PG,13,0,168,6.6,0.421,0.528,0.125,4.9,8.6,6.7,22.5,0.9,2.1,15.6,22.6,-0.3,0.1,-0.3,-0.072,-4,-1.5,-5.4,-0.1,,dennira01
393,RayJ Dennis,24,LAC,PG,1,0,4,-6,,,,0,56.6,29.1,0,0,0,100,11.1,0,0,0,-0.279,-15.5,-0.4,-15.9,0,,dennira01
394,Jae'Sean Tate,30,HOU,SF,22,0,170,12.9,0.575,0.34,0.06,10,11.1,10.5,10.2,1.2,1.6,7.2,13.6,0.4,0.2,0.5,0.145,-1.6,-0.5,-2.1,0,,tateja01
395,Taurean Prince,31,MIL,SF,8,0,169,7.7,0.623,0.737,0.079,0,8.7,4.4,6.2,1.7,1.2,11.3,11.6,0.1,0.1,0.2,0.053,-3.3,-0.3,-3.7,-0.1,,princta02
396,Rasheer Fleming,21,PHO,PF,23,0,165,9.5,0.432,0.58,0.13,10.5,9.6,10.1,3.4,1.8,3.4,5.2,19.5,-0.1,0.2,0.1,0.032,-4.5,-1.4,-5.9,-0.2,,flemira01
397,Lindy Waters III,28,SAS,SG,23,0,162,7.6,0.506,0.875,0.021,1.3,11.9,6.6,8,1.2,0,2,12.8,0.1,0.2,0.3,0.075,-2.6,0.4,-2.1,0,,waterli01
398,Jamir Watkins,24,WAS,SG,14,2,162,8.5,0.65,0.607,0.286,3.3,18.7,11,4.8,1.2,1.6,13.7,9.4,0.1,0.1,0.2,0.062,-4.6,-0.8,-5.4,-0.1,,watkija01
399,Mohamed Diawara,20,NYK,SF,32,4,160,10.3,0.502,0.545,0.073,4,16.2,9.9,11.6,2.4,2.5,13.7,17.2,-0.1,0.2,0.1,0.04,-2.8,0.2,-2.5,0,,diawamo01
400,Brooks Barnhizer,23,OKC,SG,21,0,160,8,0.489,0.222,0.222,5,20.5,13,6.8,0.9,1.3,9.2,8.8,0,0.3,0.3,0.103,-3.5,1.1,-2.5,0,,barnhbr01
401,Walker Kessler,24,UTA,C,5,5,154,20.7,0.786,0.216,0.541,16,22.3,19.1,14,2.1,5.6,25.9,16.6,0.3,0.1,0.5,0.148,1.7,1.7,3.4,0.2,,kesslwa01
402,PJ Hall,23,2TM,C,15,2,154,17.6,0.653,0.114,0.455,17.1,20.6,18.9,6.7,0.3,5.3,17.2,17.4,0.3,0.2,0.4,0.133,-0.1,-0.6,-0.7,0,,hallpj01
402,PJ Hall,23,MEM,C,7,0,27,18.9,0.63,0.333,0.333,11.8,23.3,17.6,11,0,7.1,8.8,17.3,0.1,0,0.1,0.174,1.6,0.4,2,0,,hallpj01
402,PJ Hall,23,CHO,C,8,2,127,17.4,0.659,0.057,0.486,18.2,20.1,19.2,5.8,0.4,4.9,19.1,17.4,0.2,0.1,0.3,0.125,-0.5,-0.8,-1.3,0,,hallpj01
403,Bronny James,21,LAL,SG,21,1,153,6.9,0.45,0.526,0.053,3.2,4.5,3.8,20.9,2.9,0.6,23.6,14.4,-0.1,0.1,0,-0.01,-3.8,-0.7,-4.5,-0.1,,jamesbr02
404,Chaz Lanier,24,DET,SG,16,0,153,10.8,0.528,0.854,0.104,4.4,6.5,5.4,10,1.6,0,2,13.7,0.2,0.2,0.4,0.122,-0.6,-0.5,-1.1,0,,laniech01
405,AJ Johnson,21,WAS,SG,22,0,152,1.1,0.303,0.304,0.071,4.2,11.7,7.9,12,1.2,0,14.8,18.6,-0.6,0,-0.6,-0.174,-8.6,-3.8,-12.4,-0.4,,johnsaj01
406,Dorian Finney-Smith,32,HOU,PF,9,0,139,3.8,0.392,0.839,0.065,8.9,12,10.5,4.3,0.7,1.3,15.8,11.3,-0.1,0.1,0,0.009,-5.4,-1.5,-6.8,-0.2,,finnedo01
407,Keshad Johnson,24,MIA,SF,17,0,138,9.5,0.467,0.4,0.26,9.8,15.7,12.8,0.9,1.7,2.6,9.7,18.2,-0.1,0.2,0.1,0.027,-4.8,-0.9,-5.6,-0.1,,johnske10
408,Chris Youngblood,23,OKC,SG,26,0,137,8.4,0.499,0.886,0.159,5,12.3,8.8,6.4,1.1,0,2.1,15.1,0.1,0.2,0.3,0.106,-3.7,-1,-4.7,-0.1,,youngch01
409,Pat Connaughton,33,CHO,SG,17,0,131,15.5,0.642,0.658,0.289,4.4,16.9,10.8,9.8,1.9,0.7,6.5,14.7,0.3,0.1,0.4,0.142,1.5,0.9,2.4,0.1,,connapa01
410,DaRon Holmes,23,DEN,PF,10,5,128,11.7,0.654,0.774,0.194,2.8,11.8,7.5,12.8,0,2.8,10.6,12.8,0.2,0,0.3,0.105,0.8,-0.9,-0.1,0.1,,holmeda01
411,Mason Plumlee,35,CHO,C,14,2,125,13.4,0.752,0,1,9.3,26.6,18.1,16.5,2.3,0,34.2,8.8,0.2,0.2,0.3,0.122,-1.7,2.3,0.6,0.1,,plumlma01
412,Taelon Peter,23,IND,SG,21,0,122,6.5,0.45,0.941,0.176,5.1,11.9,8.3,15.6,1.2,1.4,19.7,15.8,-0.2,0.1,-0.1,-0.03,-3.4,-1,-4.4,-0.1,,peterta01
413,Bradley Beal,32,LAC,SG,6,6,121,5.1,0.476,0.396,0.167,2,2.8,2.4,12.4,1.2,0,14.9,22.2,-0.2,0,-0.2,-0.079,-6.5,-4,-10.5,-0.3,,bealbr01
414,Jamal Cain,26,ORL,SF,16,0,119,8.6,0.536,0.514,0.514,6.4,5.6,6,5.6,1.6,0.7,10.4,16.9,0.1,0.1,0.2,0.065,-5,-1.3,-6.2,-0.1,,cainja01
415,JD Davison,23,HOU,PG,17,0,115,12.4,0.567,0.462,0.346,2,10.6,6.3,20.9,1.7,2.4,14.3,12.7,0.2,0.1,0.3,0.125,-1.1,1.3,0.2,0.1,,davisjd01
416,Dereck Lively II,21,DAL,C,7,4,115,15.1,0.67,0,0.556,13.3,20.6,17,14.8,1.6,8,30.9,11.9,0.1,0.2,0.3,0.14,-3.3,3.8,0.6,0.1,,livelde01
417,Hunter Tyson,25,DEN,PF,16,2,111,8.8,0.455,0.55,0.225,3.2,21.4,12.8,11.4,0.9,0.8,8.3,18.8,-0.1,0.1,0,0.012,-3.8,-1.6,-5.4,-0.1,,tysonhu01
418,Andre Jackson Jr.,24,MIL,SG,16,0,106,7.4,0.419,0.577,0.231,5.4,8.5,7,21.7,2.3,1.8,19.6,14.8,-0.1,0.1,0,0.008,-5.3,-0.7,-6,-0.1,,jacksan01
419,Luke Travers,24,CLE,SG,12,0,103,10.1,0.35,0.444,0.25,9.3,16,12.6,10.7,3.2,3.6,7,17.3,-0.1,0.2,0,0.02,-4.3,0.9,-3.4,0,,travelu01
420,Xavier Tillman Sr.,27,BOS,C,11,1,103,13.6,0.554,0.464,0,10.9,15.1,13,6.4,2.9,2,12.5,13.4,0.1,0.1,0.2,0.111,-0.7,1.1,0.4,0.1,,tillmxa01
421,Devin Carter,23,SAC,PG,12,0,101,9.9,0.463,0.526,0.184,5.4,10.2,7.7,17.9,2.9,1.8,16.3,20.8,-0.1,0.1,-0.1,-0.029,-3.3,0,-3.4,0,,cartede02
422,Jordan McLaughlin,29,SAS,PG,16,0,99,15.7,0.617,0.548,0.161,4.4,6.5,5.4,18.2,3.9,0,13.1,16.2,0.2,0.2,0.3,0.154,0.3,2.9,3.2,0.1,,mclaujo01
423,Blake Wesley,22,POR,SG,6,0,98,12.6,0.469,0.294,0.294,2.2,13.4,7.7,27.9,4.8,0.9,15.4,18.8,0,0.2,0.1,0.063,-4.5,3.8,-0.7,0,,weslebl01
424,Chris Boucher,33,BOS,PF,8,0,91,7.7,0.379,0.545,0.182,2.5,19.5,11,4,2.8,7.8,4,11.7,-0.1,0.2,0.1,0.05,-5.9,2.7,-3.2,0,,bouchch01
425,Joan Beringer,19,MIN,PF,15,0,90,20.1,0.748,0,0.148,13.8,18,15.9,3.3,1.6,4.9,12.2,15.3,0.2,0.1,0.4,0.204,-0.7,0.9,0.2,0.1,,berinjo01
426,Marcus Sasser,25,DET,PG,10,0,88,21.5,0.701,0.676,0.206,1.3,12.5,6.9,30.8,3.3,2.2,15.9,20.5,0.3,0.2,0.5,0.249,4.1,3.2,7.3,0.2,,sassema01
427,Adou Thiero,21,LAL,SF,15,0,87,8,0.465,0.056,0.444,9.7,14.4,12.2,7.3,2.8,1.1,15.7,12.7,0,0.1,0.1,0.043,-5.9,0,-5.9,-0.1,,thierad01
428,Kevin McCullar Jr.,24,NYK,SF,10,0,86,11.6,0.556,0.609,0.217,9.9,15.7,12.7,22.4,2.3,0,24.1,16.2,0.1,0.1,0.1,0.077,-1.5,0.5,-1,0,,mcculke01
429,Khaman Maluach,19,PHO,C,18,0,84,5.5,0.489,0.25,0.4,6.5,17.5,11.9,4.6,0.6,7.9,27.7,16.2,-0.2,0.1,0,-0.028,-10.1,0.3,-9.8,-0.2,,maluakh01
430,Jonathan Mogbo,24,TOR,PF,16,0,84,13.7,0.606,0,0.188,7.8,17.4,12.6,14.1,1.2,3.5,10.4,9.8,0.1,0.1,0.2,0.139,-0.8,0.8,0.1,0,,mogbojo01
431,Obi Toppin,27,IND,PF,3,0,82,12,0.526,0.472,0.25,3.8,23.1,13.1,9.6,1.7,0,13.1,23.7,-0.1,0.1,0,0.012,-2.4,-0.5,-2.9,0,,toppiob01
432,Leonard Miller,22,MIN,SF,16,0,80,15.2,0.597,0.344,0.344,8.4,21.6,15.1,7.5,2.4,0,16,23.1,0,0.1,0.1,0.086,-4.3,-0.4,-4.7,-0.1,,millele01
433,Eric Gordon,37,PHI,SG,6,0,74,14.4,0.754,0.667,0.095,1.5,1.5,1.5,5.9,2.6,1.2,12.1,14.1,0.1,0.1,0.2,0.124,2.1,0.3,2.4,0.1,,gordoer01
434,A.J. Lawson,25,TOR,SG,7,0,73,14.3,0.54,0.545,0.152,6,18.5,12.2,2,2,4,2.8,21.1,0.1,0.1,0.2,0.117,-0.7,0.2,-0.5,0,,lawsoaj01
435,Alijah Martin,24,TOR,SG,7,0,73,11.5,0.436,0.455,0.455,9,9.3,9.1,10.5,3.3,4,10.2,17.1,0,0.1,0.1,0.062,-3,1.7,-1.2,0,,martial01
436,Anthony Gill,33,WAS,PF,18,0,71,13.9,0.816,0.313,0.25,7.4,14.7,11.1,0,0.7,2.5,22,13.4,0.1,0,0.1,0.071,-0.7,-2.6,-3.3,0,,gillan01
437,Doug McDermott,34,SAC,SF,7,0,70,4.4,0.522,1,0,0,8.2,4,3.9,0,1.3,11.5,15.9,-0.1,0,-0.1,-0.054,-4,-3.2,-7.2,-0.1,,mcderdo01
438,Myron Gardner,24,MIA,SF,13,0,68,15,0.504,0.538,0.154,15.3,13.6,14.5,9.6,3.4,1.3,3.5,17.2,0.1,0.1,0.2,0.162,-1.7,2,0.3,0,,gardnmy01
439,David Jones García,24,SAS,SF,11,0,68,21.2,0.579,0.2,0.24,6.4,14.1,10.3,38.8,4.2,1.3,15.3,20.2,0.1,0.1,0.3,0.2,2.7,3.6,6.3,0.1,,jonesda06
440,Lachlan Olbrich,22,CHI,C,8,0,66,0.2,0.202,0.444,0.222,9.8,20.5,15.3,12.3,0,0,28.8,8.8,-0.1,0,-0.1,-0.062,-10.1,-0.6,-10.7,-0.1,,olbrila01
441,Elijah Harkless,25,UTA,SG,7,0,66,7.5,0.568,0.636,0.818,3.3,6.7,4.9,9.4,2.9,0,16.7,11.2,0,0,0,0.035,-4.8,1.6,-3.2,0,,harklej01
442,Bismack Biyombo,33,SAS,C,11,1,65,5.2,0.654,0,0.333,3.3,8.2,5.8,5.7,2.2,1.4,30.4,6.4,0,0.1,0.1,0.062,-5.4,1.7,-3.7,0,,biyombi01
443,Monte Morris,30,IND,PG,6,0,65,7.1,0.414,0.4,0.2,1.6,10.3,5.8,19.5,0.7,1.4,8.4,15.4,-0.1,0,0,-0.017,-4.6,-1.5,-6.1,-0.1,,morrimo01
444,Drew Peterson,26,CHO,PF,6,0,64,0.6,0.148,0.75,0.125,5.4,10.4,8,3.8,2.3,1.4,0,11.1,-0.2,0.1,-0.1,-0.097,-8.4,-1.9,-10.3,-0.1,,peterdr01
445,Jeff Green,39,HOU,PF,14,0,63,12,0.63,0.696,0,1.8,8.8,5.3,4.4,0,1.5,4.2,15.9,0.1,0,0.2,0.128,0.6,-2.3,-1.7,0,,greenje02
446,Johnny Juzang,24,MIN,SG,16,0,62,16.1,0.549,0.613,0.129,7.3,13.9,10.7,14.4,1.5,0,8.4,24.3,0.1,0.1,0.1,0.1,0.5,-1.1,-0.6,0,,juzanjo01
447,James Wiseman,24,IND,C,4,1,58,4.2,0.597,0,0.2,8.9,5.8,7.4,7.2,0,1.5,31.5,11.6,0,0,0,-0.019,-8,-1,-8.9,-0.1,,wisemja01
448,Tolu Smith,25,DET,PF,5,0,55,23.3,0.602,0,1,20.3,35.9,28.2,9.5,1.7,9,15.6,19.1,0.1,0.1,0.3,0.244,1.7,3.2,5,0.1,,smithto05
449,Cody Martin,30,IND,SF,4,0,55,3.1,0.277,0.5,0.6,1.9,26.4,13.6,4.6,3.5,3.2,24,12.8,-0.2,0.1,-0.1,-0.092,-10.1,2.2,-7.9,-0.1,,martico01
450,Joe Ingles,38,MIN,SF,13,0,54,9,0.595,0.8,0.4,0,10,5.1,23.7,5.3,0,46,8.5,0,0.1,0.1,0.081,-4.5,4.7,0.1,0,,inglejo01
451,Kam Jones,23,IND,SG,10,0,53,11.6,0.559,0.353,0,1.9,6.3,4,17.4,1.8,0,5.6,14.3,0.1,0,0.1,0.075,-2.5,-0.8,-3.3,0,,joneska03
452,Bobi Klintman,22,DET,SF,6,0,53,4.1,0.381,0.524,0.143,10.5,22.8,16.7,9.9,1.8,0,18.3,21.1,-0.2,0.1,-0.1,-0.063,-8.5,-1.9,-10.4,-0.1,,klintbo01
453,Antonio Reeves,25,CHO,SG,6,0,53,12.1,0.656,0.625,0,2.2,8.4,5.3,5.4,0.9,0,0,12.7,0.1,0,0.1,0.114,0.1,0.3,0.3,0,,reevean01
454,Matisse Thybulle,28,POR,SG,4,0,49,21.5,0.85,0.6,0.4,0,9,4.4,8.6,9.7,0,7.8,10.6,0.2,0.1,0.3,0.276,0.4,10.7,11.1,0.2,,thybuma01
455,Pacome Dadiet,20,NYK,SG,15,0,47,7.8,0.307,0.625,0.5,2.3,23.9,12.8,14.6,2.1,0,0,8.7,0,0.1,0.1,0.062,-4.7,2.1,-2.6,0,,dadiepa01
456,Kyle Lowry,39,PHI,PG,6,0,45,3.5,0.375,1,0,0,7.4,3.6,19.4,1.1,0,20,9.3,0,0,0,-0.006,-6.4,-1.7,-8.1,-0.1,,lowryky01
457,Caleb Houstan,23,ATL,SF,9,0,44,10.6,0.653,0.786,0.214,9.9,2.5,6.2,5.9,1.1,2.1,20.7,18.4,0,0,0,0.044,-1.7,-3,-4.7,0,,houstca01
458,Javonte Cooke,26,POR,SG,6,0,44,1,0.294,0.471,0,2.4,12.5,7.4,21.3,2.2,0,22.7,20.3,-0.2,0,-0.2,-0.169,-8,-1.9,-9.8,-0.1,,cookeja01
459,Wendell Moore Jr.,24,DET,SG,3,0,43,7.7,0.5,0.167,0,2.6,7.7,5.2,8.5,2.2,2.3,14.3,6.7,0,0.1,0.1,0.073,-3.8,1.4,-2.4,0,,moorewe01
460,Trey Alexander,22,NOP,SG,5,0,42,13.6,0.778,0.333,0,0,10.7,5.2,16.3,1.1,2.3,10,9.9,0.1,0,0.1,0.125,0.3,0.2,0.5,0,,alexatr01
461,Pete Nance,25,MIL,PF,10,0,41,14.9,0.676,0.647,0,2.8,16.5,9.7,7.6,1.2,0,15,21.5,0,0,0,0.052,2.1,-2.5,-0.4,0,,nancepe01
462,Miles Kelly,23,DAL,PG,5,0,41,4.2,0.5,0.667,0,5.3,15.1,10.3,6.6,0,0,20,15.4,-0.1,0,0,-0.035,-7.1,-1.7,-8.8,-0.1,,kellymi02
463,Dario Šarić,31,SAC,C,5,0,41,0.7,0.363,0.5,0.333,2.7,14,8.2,5.9,0,0,22.5,9.3,-0.1,0,-0.1,-0.078,-6.9,-2.1,-9.1,-0.1,,saricda01
464,Johni Broome,23,PHI,C,7,0,40,2.4,0.23,0.15,0.2,16.1,19.5,17.8,13.4,2.4,0,8.4,25,-0.2,0.1,-0.1,-0.17,-10.3,-4.9,-15.2,-0.1,,broomjo01
465,Trey Jemison,26,NYK,C,6,0,38,9.5,1.017,0,0.333,14,14.8,14.4,3.2,0,5.2,46.6,7.1,0,0,0.1,0.079,-5.6,-0.8,-6.4,0,,jemistr01
466,Thanasis Antetokounmpo,33,MIL,SF,12,0,36,22,0.627,0,0.75,9.6,9.4,9.5,0,6.8,8.1,11.1,22,0,0.1,0.1,0.181,-1.9,4.3,2.4,0,,antetth01
467,E.J. Liddell,25,BRK,PF,8,0,35,10.7,0.526,0.667,0.25,9.4,20.7,14.8,0,0,0,0,16.5,0,0,0.1,0.071,-2.2,-4.4,-6.6,0,,liddeej01
468,Tyson Etienne,26,BRK,PG,8,0,34,-1.2,0.4,0.867,0,0,0,0,4.4,0,0,6.3,20.4,-0.1,0,-0.1,-0.129,-8.9,-5.5,-14.4,-0.1,,etienty01
469,Mac McClung,27,IND,SG,3,0,34,13.2,0.481,0.556,0.222,0,13.1,6.3,4.8,7,2.6,9.2,27,-0.1,0.1,0,0.002,-5.7,6.2,0.5,0,,mccluma01
470,Emanuel Miller,25,CHI,PF,5,0,33,15.2,0.54,0.462,0.154,3.3,6.3,4.8,17.1,2.9,0,0,17.6,0.1,0,0.1,0.112,1.7,0.8,2.5,0,,milleem01
471,Jahmyl Telfort,24,LAC,PF,8,0,32,-5.4,0.087,1,1,0,10.6,5.5,3.8,1.6,0,14.8,9.4,-0.1,0,-0.1,-0.171,-12.1,-1.9,-14,-0.1,,telfoja01
472,Seth Curry,35,GSW,SG,2,0,32,18.8,0.778,0.444,0,3.4,10.4,6.9,14.4,3,0,0,11.9,0.1,0,0.2,0.227,1.4,3.8,5.2,0.1,,curryse01
473,Amari Williams,24,BOS,PF,6,0,31,9.4,0.521,0,1,7.2,17.9,12.6,3.7,1.6,6.5,0,4,0,0,0.1,0.123,-3.2,1.7,-1.5,0,,william01
474,Charles Bassey,25,MEM,C,2,0,31,12.6,0.376,0,0.375,24,27.1,25.6,8.5,1.5,3.1,9.7,13.7,0,0.1,0.1,0.089,-3.2,-0.9,-4.1,0,,bassech01
475,Jalen Green,23,PHO,SG,2,2,30,29.1,0.615,0.609,0.217,7.2,7.6,7.4,26.5,3.2,0,7.4,37.9,0.1,0,0.1,0.207,10.9,0.9,11.7,0.1,,greenja05
476,Garrett Temple,39,TOR,SG,10,0,29,3.3,0.291,0.667,0.333,0,15.5,7.7,12.3,5,3.4,30.4,14.5,-0.1,0.1,-0.1,-0.087,-8.9,3,-5.9,0,,templga01
477,Grant Williams,27,CHO,PF,2,0,27,19.1,0.559,0.923,0.231,17.2,24.6,21,0,0,0,0,22.3,0.1,0,0.1,0.148,4.1,-5.1,-1,0,,willigr01
478,Hunter Sallis,22,PHI,SG,7,0,26,2,0.595,0,0.4,0,4.3,2.1,21.1,0,3.5,46,17.6,-0.1,0,-0.1,-0.14,-7.6,-2.9,-10.5,-0.1,,sallihu01
479,Mark Sears,23,MIL,PG,7,0,26,15.2,0.666,0.615,0.615,4.4,4.3,4.4,12.2,0,0,19.5,34.8,0,0,0,0.024,2.2,-4.5,-2.3,0,,searsma01
480,Jahmai Mashack,23,MEM,SG,7,0,25,0.7,0.375,0.75,0,0,21,10.6,10.3,1.9,0,27.3,18.1,-0.1,0,-0.1,-0.141,-9.5,-0.8,-10.3,-0.1,,mashaja01
481,Orlando Robinson,25,ORL,C,4,1,25,14.7,0.7,0.4,0,8.8,8.8,8.8,16.2,1.9,0,0,8.4,0.1,0,0.1,0.196,0.6,0.6,1.2,0,,robinor01
482,Jahmir Young,25,MIA,PG,5,0,24,6.4,0.455,0.455,0,0,8.6,4.3,22.4,1.9,0,15.4,22,0,0,0,-0.04,-6.6,-1,-7.5,0,,youngja05
483,DeAndre Jordan,37,NOP,C,2,1,23,18.3,0.765,0,0.4,18.5,29.3,23.8,0,0,0,14.5,12.4,0.1,0,0.1,0.139,1.9,-2.7,-0.8,0,,jordade01
484,Curtis Jones,24,DEN,SG,5,0,22,-5.7,0.2,0.6,0,5.4,14.7,10.3,5.6,0,0,9.1,21.7,-0.1,0,-0.1,-0.283,-15.1,-8.8,-24,-0.1,,jonescu01
485,Ron Harper Jr.,25,BOS,SF,4,0,20,16.5,0.4,0.8,0,5.6,11.1,8.4,26.8,2.5,10.1,0,21.6,0,0,0.1,0.127,1.9,3,5,0,,harpero02
486,Brandon Clarke,29,MEM,PF,2,2,20,12.3,0.372,0,0.444,21.3,10.5,15.8,7.1,4.7,0,0,22.2,0,0,0,0.065,-4.7,0.5,-4.2,0,,clarkbr01
487,Isaac Jones,25,2TM,PF,4,1,18,7.3,0.512,0.5,0.5,12.1,0,6.2,7,0,0,0,11.4,0,0,0,0.074,-6.2,-2.2,-8.5,0,,jonesis01
487,Isaac Jones,25,SAC,PF,3,1,17,5.7,0.521,0.5,1,12.8,0,6.6,7.5,0,0,0,7.2,0,0,0,0.065,-6.5,-1.8,-8.2,0,,jonesis01
487,Isaac Jones,25,DET,PF,1,0,1,34.2,0.5,0.5,0,0,0,0,0,0,0,0,81.9,0,0,0,0.226,-2.4,-10,-12.5,0,,jonesis01
488,Jacob Toppin,25,ATL,SF,5,0,17,15,0.667,0,0,0,6.5,3.2,8.8,0,5.4,0,14.8,0,0,0,0.113,-0.3,0.2,0,0,,toppija01
489,Chris Livingston,22,CLE,SF,3,0,17,15.3,0.605,0.429,0.143,0,19.4,9.5,8.8,2.8,0,0,18.1,0,0,0.1,0.16,-4.8,2,-2.8,0,,livinch01
490,Drew Timme,25,LAL,PF,5,0,16,14.5,0.5,0.5,0,7.6,21.4,14.7,25.3,3,0,20,13.5,0,0,0,0.083,0.3,2.1,2.4,0,,timmedr01
491,N'Faly Dante,24,ATL,C,4,0,15,12.4,0.338,0,0.25,21.8,29.6,25.6,0,6.3,0,18.4,15.2,0,0,0,0.039,-3.9,-1.1,-5,0,,nfalyda01
492,Oscar Tshiebwe,26,UTA,C,1,0,15,7.3,0.225,0,0.25,14.3,29.5,21.8,8.4,3.1,0,0,12.2,0,0,0,-0.025,-4.1,-1.5,-5.6,0,,tshieos01
493,Chris Mañon,24,LAL,SG,4,0,14,7.3,0,1,0,8.7,16.3,12.6,0,3.5,13.5,0,3.1,0,0,0,0.069,-5.6,5.1,-0.5,0,,manonch01
494,Daeqwon Plowden,27,SAC,SG,1,0,14,-0.1,0.2,0.6,0,15.6,0,8,0,0,0,0,15.3,0,0,-0.1,-0.174,-7.1,-5.8,-12.9,0,,plowdda01
495,Chucky Hepburn,22,TOR,PG,2,0,13,-13.5,0,0.833,0,0,8.7,4.3,17.5,3.7,0,14.3,22.9,-0.1,0,-0.1,-0.436,-21.1,-3,-24.2,-0.1,,hepbuch01
496,Harrison Ingram,23,SAS,SF,3,0,11,20.5,0.833,0.333,0,29.4,0,14.6,0,0,0,0,11.5,0.1,0,0.1,0.279,7.6,-2.5,5.1,0,,ingraha01
497,Sharife Cooper,24,WAS,PG,4,0,10,-9.7,0,1,0,0,0,0,0,0,0,50,8.4,0,0,-0.1,-0.268,-14.1,-5.5,-19.6,0,,coopesh01
498,Moritz Wagner,28,ORL,C,1,0,10,19.7,0.508,0.286,0.286,0,22.1,11,35.8,0,0,0,33.1,0,0,0,0.155,-3.8,-1.1,-4.9,0,,wagnemo01
499,Tosan Evbuomwan,24,NYK,SF,5,0,8,-0.3,0,0,0,13.3,14.1,13.7,0,0,0,0,5.2,0,0,0,-0.04,-8.3,-3.3,-11.7,0,,evbuoto01
500,Riley Minix,25,SAS,SF,3,0,8,45.4,0.75,0.5,0,13.5,13.3,13.4,33.4,6,0,0,31.5,0.1,0,0.1,0.421,18,7.2,25.2,0.1,,minixri01
501,Koby Brea,23,PHO,SG,2,0,8,18.4,0.515,0.667,0.667,0,14.2,6.9,33.6,0,0,0,20.3,0,0,0,0.203,-0.6,-2.3,-2.9,0,,breako01
502,Colby Jones,23,DET,SG,1,0,7,13,0.333,0.667,0,0,62.7,31.6,38,0,0,0,17.6,0,0,0,0.124,-3.3,5.3,2.1,0,,jonesco02
503,Mo Bamba,27,TOR,C,2,0,6,-2.8,0,0,0,18.3,18.8,18.5,0,0,16.3,0,14.2,0,0,0,-0.159,-19,-2.7,-21.6,0,,bambamo01
504,Noa Essengue,19,CHI,PF,2,0,6,-12,0,0.667,0,0,0,0,0,7.9,0,0,20.9,-0.1,0,-0.1,-0.415,-20.8,-3.3,-24,0,,essenno01
505,Trentyn Flowers,20,CHI,SF,2,0,6,16.8,0.667,0.333,0,18.1,0,8.9,29.9,0,0,25,27.9,0,0,0,0.023,1.8,-3,-1.1,0,,flowetr01
506,Isaiah Crawford,24,HOU,SF,2,0,5,-7.4,0,1,0,0,0,0,0,0,0,0,8.3,0,0,0,-0.165,-10.6,-6.3,-16.9,0,,crawfis01
507,Hunter Dickinson,25,NOP,C,1,0,5,-11,0.5,0,0,0,0,0,0,0,19.4,50,33.2,-0.1,0,-0.1,-0.521,-26.7,0.6,-26,0,,dickihu01
508,Kobe Bufkin,22,LAL,SG,1,0,4,39.2,1.5,1,0,0,28.5,14.7,40.6,0,0,0,10.8,0,0,0,0.528,21.2,6.3,27.6,0,,bufkiko01
509,Vladislav Goldin,24,MIA,C,1,0,1,27.4,,,,0,0,0,100,0,0,,0,0,0,0,0.397,17.4,26.4,43.8,0,,goldivl01
,League Average,,,,,,,,0.581,0.414,0.269,5.2,14.8,10,16.2,1.7,1.9,12.3,19.9,,,,,,,,,,-9999